N_X,outer_units,K,scenario,horizon,query,rho,theta,viable_mass,state_block_mass_se,point_health_fraction,state_block_health_se,health_fraction_lower,health_fraction_upper,unresolved_fraction,weighting
128,512,64,D0,5,Q1,0.5,0.5,1.0,0.0,1.0,0.0,1.0,1.0,0.0,Equal finite state/parameter/model design; block SE conditional on assumed state sampler
128,512,64,D0,5,Q1,0.5,0.75,1.0,0.0,1.0,0.0,1.0,1.0,0.0,Equal finite state/parameter/model design; block SE conditional on assumed state sampler
128,512,64,D0,5,Q1,0.5,0.9,1.0,0.0,1.0,0.0,1.0,1.0,0.0,Equal finite state/parameter/model design; block SE conditional on assumed state sampler
128,512,64,D0,5,Q2,0.5,0.5,1.0,0.0,1.0,0.0,1.0,1.0,0.0,Equal finite state/parameter/model design; block SE conditional on assumed state sampler
128,512,64,D0,5,Q2,0.5,0.75,1.0,0.0,1.0,0.0,1.0,1.0,0.0,Equal finite state/parameter/model design; block SE conditional on assumed state sampler
128,512,64,D0,5,Q2,0.5,0.9,1.0,0.0,1.0,0.0,1.0,1.0,0.0,Equal finite state/parameter/model design; block SE conditional on assumed state sampler
128,512,64,D0,5,Q2,1,0.5,1.0,0.0,0.017578125,0.009679119815633484,0.015625,0.01953125,0.00390625,Equal finite state/parameter/model design; block SE conditional on assumed state sampler
128,512,64,D0,5,Q2,1,0.75,1.0,0.0,0.013671875,0.008903235757886391,0.0078125,0.015625,0.0078125,Equal finite state/parameter/model design; block SE conditional on assumed state sampler
128,512,64,D0,5,Q2,1,0.9,1.0,0.0,0.005859375,0.004353543198677485,0.00390625,0.01171875,0.0078125,Equal finite state/parameter/model design; block SE conditional on assumed state sampler
128,512,64,D0,10,Q1,0.5,0.5,1.0,0.0,1.0,0.0,1.0,1.0,0.0,Equal finite state/parameter/model design; block SE conditional on assumed state sampler
128,512,64,D0,10,Q1,0.5,0.75,1.0,0.0,1.0,0.0,1.0,1.0,0.0,Equal finite state/parameter/model design; block SE conditional on assumed state sampler
128,512,64,D0,10,Q1,0.5,0.9,1.0,0.0,1.0,0.0,1.0,1.0,0.0,Equal finite state/parameter/model design; block SE conditional on assumed state sampler
128,512,64,D0,10,Q2,0.5,0.5,1.0,0.0,1.0,0.0,1.0,1.0,0.0,Equal finite state/parameter/model design; block SE conditional on assumed state sampler
128,512,64,D0,10,Q2,0.5,0.75,1.0,0.0,1.0,0.0,1.0,1.0,0.0,Equal finite state/parameter/model design; block SE conditional on assumed state sampler
128,512,64,D0,10,Q2,0.5,0.9,1.0,0.0,1.0,0.0,1.0,1.0,0.0,Equal finite state/parameter/model design; block SE conditional on assumed state sampler
128,512,64,D0,10,Q2,1,0.5,1.0,0.0,0.01953125,0.010229802560204556,0.01953125,0.0234375,0.00390625,Equal finite state/parameter/model design; block SE conditional on assumed state sampler
128,512,64,D0,10,Q2,1,0.75,1.0,0.0,0.01953125,0.010229802560204556,0.017578125,0.01953125,0.001953125,Equal finite state/parameter/model design; block SE conditional on assumed state sampler
128,512,64,D0,10,Q2,1,0.9,1.0,0.0,0.017578125,0.009679119815633484,0.009765625,0.017578125,0.0078125,Equal finite state/parameter/model design; block SE conditional on assumed state sampler
128,512,64,D0,20,Q1,0.5,0.5,1.0,0.0,1.0,0.0,1.0,1.0,0.0,Equal finite state/parameter/model design; block SE conditional on assumed state sampler
128,512,64,D0,20,Q1,0.5,0.75,1.0,0.0,1.0,0.0,1.0,1.0,0.0,Equal finite state/parameter/model design; block SE conditional on assumed state sampler
128,512,64,D0,20,Q1,0.5,0.9,1.0,0.0,1.0,0.0,1.0,1.0,0.0,Equal finite state/parameter/model design; block SE conditional on assumed state sampler
128,512,64,D0,20,Q2,0.5,0.5,1.0,0.0,1.0,0.0,1.0,1.0,0.0,Equal finite state/parameter/model design; block SE conditional on assumed state sampler
128,512,64,D0,20,Q2,0.5,0.75,1.0,0.0,1.0,0.0,1.0,1.0,0.0,Equal finite state/parameter/model design; block SE conditional on assumed state sampler
128,512,64,D0,20,Q2,0.5,0.9,1.0,0.0,1.0,0.0,1.0,1.0,0.0,Equal finite state/parameter/model design; block SE conditional on assumed state sampler
128,512,64,D0,20,Q2,1,0.5,1.0,0.0,0.0234375,0.012225548823888259,0.0234375,0.0234375,0.0,Equal finite state/parameter/model design; block SE conditional on assumed state sampler
128,512,64,D0,20,Q2,1,0.75,1.0,0.0,0.0234375,0.012225548823888259,0.021484375,0.0234375,0.001953125,Equal finite state/parameter/model design; block SE conditional on assumed state sampler
128,512,64,D0,20,Q2,1,0.9,1.0,0.0,0.01953125,0.010229802560204556,0.01171875,0.0234375,0.01171875,Equal finite state/parameter/model design; block SE conditional on assumed state sampler
128,512,64,D3,5,Q1,0.5,0.5,0.9671630859375,0.015471018851830765,0.96875,0.015439349844538378,0.96484375,0.96875,0.00390625,Equal finite state/parameter/model design; block SE conditional on assumed state sampler
128,512,64,D3,5,Q1,0.5,0.75,0.9671630859375,0.015471018851830765,0.96484375,0.015865369379833644,0.96484375,0.96484375,0.0,Equal finite state/parameter/model design; block SE conditional on assumed state sampler
128,512,64,D3,5,Q1,0.5,0.9,0.9671630859375,0.015471018851830765,0.96484375,0.015865369379833644,0.96484375,0.96484375,0.0,Equal finite state/parameter/model design; block SE conditional on assumed state sampler
128,512,64,D3,5,Q2,0.5,0.5,0.9671630859375,0.015471018851830765,0.96875,0.015439349844538378,0.96484375,0.96875,0.00390625,Equal finite state/parameter/model design; block SE conditional on assumed state sampler
128,512,64,D3,5,Q2,0.5,0.75,0.9671630859375,0.015471018851830765,0.96484375,0.015865369379833644,0.96484375,0.96484375,0.0,Equal finite state/parameter/model design; block SE conditional on assumed state sampler
128,512,64,D3,5,Q2,0.5,0.9,0.9671630859375,0.015471018851830765,0.96484375,0.015865369379833644,0.96484375,0.96484375,0.0,Equal finite state/parameter/model design; block SE conditional on assumed state sampler
128,512,64,D3,5,Q2,1,0.5,0.9671630859375,0.015471018851830765,0.0,0.0,0.0,0.0,0.0,Equal finite state/parameter/model design; block SE conditional on assumed state sampler
128,512,64,D3,5,Q2,1,0.75,0.9671630859375,0.015471018851830765,0.0,0.0,0.0,0.0,0.0,Equal finite state/parameter/model design; block SE conditional on assumed state sampler
128,512,64,D3,5,Q2,1,0.9,0.9671630859375,0.015471018851830765,0.0,0.0,0.0,0.0,0.0,Equal finite state/parameter/model design; block SE conditional on assumed state sampler
128,512,64,D3,10,Q1,0.5,0.5,0.007171630859375,0.0036374269049895967,0.00390625,0.00390625,0.00390625,0.0078125,0.00390625,Equal finite state/parameter/model design; block SE conditional on assumed state sampler
128,512,64,D3,10,Q1,0.5,0.75,0.007171630859375,0.0036374269049895967,0.001953125,0.001953125,0.001953125,0.00390625,0.001953125,Equal finite state/parameter/model design; block SE conditional on assumed state sampler
128,512,64,D3,10,Q1,0.5,0.9,0.007171630859375,0.0036374269049895967,0.0,0.0,0.0,0.001953125,0.001953125,Equal finite state/parameter/model design; block SE conditional on assumed state sampler
128,512,64,D3,10,Q2,0.5,0.5,0.007171630859375,0.0036374269049895967,0.00390625,0.00390625,0.00390625,0.0078125,0.00390625,Equal finite state/parameter/model design; block SE conditional on assumed state sampler
128,512,64,D3,10,Q2,0.5,0.75,0.007171630859375,0.0036374269049895967,0.001953125,0.001953125,0.0,0.00390625,0.00390625,Equal finite state/parameter/model design; block SE conditional on assumed state sampler
128,512,64,D3,10,Q2,0.5,0.9,0.007171630859375,0.0036374269049895967,0.0,0.0,0.0,0.001953125,0.001953125,Equal finite state/parameter/model design; block SE conditional on assumed state sampler
128,512,64,D3,10,Q2,1,0.5,0.007171630859375,0.0036374269049895967,0.0,0.0,0.0,0.0,0.0,Equal finite state/parameter/model design; block SE conditional on assumed state sampler
128,512,64,D3,10,Q2,1,0.75,0.007171630859375,0.0036374269049895967,0.0,0.0,0.0,0.0,0.0,Equal finite state/parameter/model design; block SE conditional on assumed state sampler
128,512,64,D3,10,Q2,1,0.9,0.007171630859375,0.0036374269049895967,0.0,0.0,0.0,0.0,0.0,Equal finite state/parameter/model design; block SE conditional on assumed state sampler
128,512,64,D3,20,Q1,0.5,0.5,0.0,0.0,0.0,0.0,0.0,0.0,0.0,Equal finite state/parameter/model design; block SE conditional on assumed state sampler
128,512,64,D3,20,Q1,0.5,0.75,0.0,0.0,0.0,0.0,0.0,0.0,0.0,Equal finite state/parameter/model design; block SE conditional on assumed state sampler
128,512,64,D3,20,Q1,0.5,0.9,0.0,0.0,0.0,0.0,0.0,0.0,0.0,Equal finite state/parameter/model design; block SE conditional on assumed state sampler
128,512,64,D3,20,Q2,0.5,0.5,0.0,0.0,0.0,0.0,0.0,0.0,0.0,Equal finite state/parameter/model design; block SE conditional on assumed state sampler
128,512,64,D3,20,Q2,0.5,0.75,0.0,0.0,0.0,0.0,0.0,0.0,0.0,Equal finite state/parameter/model design; block SE conditional on assumed state sampler
128,512,64,D3,20,Q2,0.5,0.9,0.0,0.0,0.0,0.0,0.0,0.0,0.0,Equal finite state/parameter/model design; block SE conditional on assumed state sampler
128,512,64,D3,20,Q2,1,0.5,0.0,0.0,0.0,0.0,0.0,0.0,0.0,Equal finite state/parameter/model design; block SE conditional on assumed state sampler
128,512,64,D3,20,Q2,1,0.75,0.0,0.0,0.0,0.0,0.0,0.0,0.0,Equal finite state/parameter/model design; block SE conditional on assumed state sampler
128,512,64,D3,20,Q2,1,0.9,0.0,0.0,0.0,0.0,0.0,0.0,0.0,Equal finite state/parameter/model design; block SE conditional on assumed state sampler
256,1024,64,D0,5,Q1,0.5,0.5,1.0,0.0,1.0,0.0,1.0,1.0,0.0,Equal finite state/parameter/model design; block SE conditional on assumed state sampler
256,1024,64,D0,5,Q1,0.5,0.75,1.0,0.0,1.0,0.0,1.0,1.0,0.0,Equal finite state/parameter/model design; block SE conditional on assumed state sampler
256,1024,64,D0,5,Q1,0.5,0.9,1.0,0.0,1.0,0.0,1.0,1.0,0.0,Equal finite state/parameter/model design; block SE conditional on assumed state sampler
256,1024,64,D0,5,Q2,0.5,0.5,1.0,0.0,1.0,0.0,1.0,1.0,0.0,Equal finite state/parameter/model design; block SE conditional on assumed state sampler
256,1024,64,D0,5,Q2,0.5,0.75,1.0,0.0,1.0,0.0,1.0,1.0,0.0,Equal finite state/parameter/model design; block SE conditional on assumed state sampler
256,1024,64,D0,5,Q2,0.5,0.9,1.0,0.0,1.0,0.0,1.0,1.0,0.0,Equal finite state/parameter/model design; block SE conditional on assumed state sampler
256,1024,64,D0,5,Q2,1,0.5,1.0,0.0,0.01171875,0.005308849307925844,0.009765625,0.013671875,0.00390625,Equal finite state/parameter/model design; block SE conditional on assumed state sampler
256,1024,64,D0,5,Q2,1,0.75,1.0,0.0,0.0078125,0.0045633057306273565,0.00390625,0.009765625,0.005859375,Equal finite state/parameter/model design; block SE conditional on assumed state sampler
256,1024,64,D0,5,Q2,1,0.9,1.0,0.0,0.0029296875,0.002180232094276009,0.001953125,0.005859375,0.00390625,Equal finite state/parameter/model design; block SE conditional on assumed state sampler
256,1024,64,D0,10,Q1,0.5,0.5,1.0,0.0,1.0,0.0,1.0,1.0,0.0,Equal finite state/parameter/model design; block SE conditional on assumed state sampler
256,1024,64,D0,10,Q1,0.5,0.75,1.0,0.0,1.0,0.0,1.0,1.0,0.0,Equal finite state/parameter/model design; block SE conditional on assumed state sampler
256,1024,64,D0,10,Q1,0.5,0.9,1.0,0.0,1.0,0.0,1.0,1.0,0.0,Equal finite state/parameter/model design; block SE conditional on assumed state sampler
256,1024,64,D0,10,Q2,0.5,0.5,1.0,0.0,1.0,0.0,1.0,1.0,0.0,Equal finite state/parameter/model design; block SE conditional on assumed state sampler
256,1024,64,D0,10,Q2,0.5,0.75,1.0,0.0,1.0,0.0,1.0,1.0,0.0,Equal finite state/parameter/model design; block SE conditional on assumed state sampler
256,1024,64,D0,10,Q2,0.5,0.9,1.0,0.0,1.0,0.0,1.0,1.0,0.0,Equal finite state/parameter/model design; block SE conditional on assumed state sampler
256,1024,64,D0,10,Q2,1,0.5,1.0,0.0,0.013671875,0.0058080884554060535,0.013671875,0.015625,0.001953125,Equal finite state/parameter/model design; block SE conditional on assumed state sampler
256,1024,64,D0,10,Q2,1,0.75,1.0,0.0,0.013671875,0.0058080884554060535,0.0126953125,0.013671875,0.0009765625,Equal finite state/parameter/model design; block SE conditional on assumed state sampler
256,1024,64,D0,10,Q2,1,0.9,1.0,0.0,0.01171875,0.005308849307925844,0.0068359375,0.0126953125,0.005859375,Equal finite state/parameter/model design; block SE conditional on assumed state sampler
256,1024,64,D0,20,Q1,0.5,0.5,1.0,0.0,1.0,0.0,1.0,1.0,0.0,Equal finite state/parameter/model design; block SE conditional on assumed state sampler
256,1024,64,D0,20,Q1,0.5,0.75,1.0,0.0,1.0,0.0,1.0,1.0,0.0,Equal finite state/parameter/model design; block SE conditional on assumed state sampler
256,1024,64,D0,20,Q1,0.5,0.9,1.0,0.0,1.0,0.0,1.0,1.0,0.0,Equal finite state/parameter/model design; block SE conditional on assumed state sampler
256,1024,64,D0,20,Q2,0.5,0.5,1.0,0.0,1.0,0.0,1.0,1.0,0.0,Equal finite state/parameter/model design; block SE conditional on assumed state sampler
256,1024,64,D0,20,Q2,0.5,0.75,1.0,0.0,1.0,0.0,1.0,1.0,0.0,Equal finite state/parameter/model design; block SE conditional on assumed state sampler
256,1024,64,D0,20,Q2,0.5,0.9,1.0,0.0,1.0,0.0,1.0,1.0,0.0,Equal finite state/parameter/model design; block SE conditional on assumed state sampler
256,1024,64,D0,20,Q2,1,0.5,1.0,0.0,0.017578125,0.007498874953914656,0.017578125,0.017578125,0.0,Equal finite state/parameter/model design; block SE conditional on assumed state sampler
256,1024,64,D0,20,Q2,1,0.75,1.0,0.0,0.017578125,0.007498874953914656,0.015625,0.017578125,0.001953125,Equal finite state/parameter/model design; block SE conditional on assumed state sampler
256,1024,64,D0,20,Q2,1,0.9,1.0,0.0,0.013671875,0.0059706549001925764,0.005859375,0.017578125,0.01171875,Equal finite state/parameter/model design; block SE conditional on assumed state sampler
256,1024,64,D3,5,Q1,0.5,0.5,0.976104736328125,0.00909775943010473,0.978515625,0.008866379354963061,0.9736328125,0.978515625,0.0048828125,Equal finite state/parameter/model design; block SE conditional on assumed state sampler
256,1024,64,D3,5,Q1,0.5,0.75,0.976104736328125,0.00909775943010473,0.97265625,0.009830513587592122,0.97265625,0.9736328125,0.0009765625,Equal finite state/parameter/model design; block SE conditional on assumed state sampler
256,1024,64,D3,5,Q1,0.5,0.9,0.976104736328125,0.00909775943010473,0.97265625,0.009830513587592122,0.97265625,0.97265625,0.0,Equal finite state/parameter/model design; block SE conditional on assumed state sampler
256,1024,64,D3,5,Q2,0.5,0.5,0.976104736328125,0.00909775943010473,0.978515625,0.008866379354963061,0.9736328125,0.978515625,0.0048828125,Equal finite state/parameter/model design; block SE conditional on assumed state sampler
256,1024,64,D3,5,Q2,0.5,0.75,0.976104736328125,0.00909775943010473,0.97265625,0.009830513587592122,0.97265625,0.9736328125,0.0009765625,Equal finite state/parameter/model design; block SE conditional on assumed state sampler
256,1024,64,D3,5,Q2,0.5,0.9,0.976104736328125,0.00909775943010473,0.97265625,0.009830513587592122,0.97265625,0.97265625,0.0,Equal finite state/parameter/model design; block SE conditional on assumed state sampler
256,1024,64,D3,5,Q2,1,0.5,0.976104736328125,0.00909775943010473,0.0,0.0,0.0,0.0,0.0,Equal finite state/parameter/model design; block SE conditional on assumed state sampler
256,1024,64,D3,5,Q2,1,0.75,0.976104736328125,0.00909775943010473,0.0,0.0,0.0,0.0,0.0,Equal finite state/parameter/model design; block SE conditional on assumed state sampler
256,1024,64,D3,5,Q2,1,0.9,0.976104736328125,0.00909775943010473,0.0,0.0,0.0,0.0,0.0,Equal finite state/parameter/model design; block SE conditional on assumed state sampler
256,1024,64,D3,10,Q1,0.5,0.5,0.0040435791015625,0.0018387573888031007,0.001953125,0.001953125,0.001953125,0.00390625,0.001953125,Equal finite state/parameter/model design; block SE conditional on assumed state sampler
256,1024,64,D3,10,Q1,0.5,0.75,0.0040435791015625,0.0018387573888031007,0.0009765625,0.0009765625,0.0009765625,0.001953125,0.0009765625,Equal finite state/parameter/model design; block SE conditional on assumed state sampler
256,1024,64,D3,10,Q1,0.5,0.9,0.0040435791015625,0.0018387573888031007,0.0,0.0,0.0,0.0009765625,0.0009765625,Equal finite state/parameter/model design; block SE conditional on assumed state sampler
256,1024,64,D3,10,Q2,0.5,0.5,0.0040435791015625,0.0018387573888031007,0.001953125,0.001953125,0.001953125,0.00390625,0.001953125,Equal finite state/parameter/model design; block SE conditional on assumed state sampler
256,1024,64,D3,10,Q2,0.5,0.75,0.0040435791015625,0.0018387573888031007,0.0009765625,0.0009765625,0.0,0.001953125,0.001953125,Equal finite state/parameter/model design; block SE conditional on assumed state sampler
256,1024,64,D3,10,Q2,0.5,0.9,0.0040435791015625,0.0018387573888031007,0.0,0.0,0.0,0.0009765625,0.0009765625,Equal finite state/parameter/model design; block SE conditional on assumed state sampler
256,1024,64,D3,10,Q2,1,0.5,0.0040435791015625,0.0018387573888031007,0.0,0.0,0.0,0.0,0.0,Equal finite state/parameter/model design; block SE conditional on assumed state sampler
256,1024,64,D3,10,Q2,1,0.75,0.0040435791015625,0.0018387573888031007,0.0,0.0,0.0,0.0,0.0,Equal finite state/parameter/model design; block SE conditional on assumed state sampler
256,1024,64,D3,10,Q2,1,0.9,0.0040435791015625,0.0018387573888031007,0.0,0.0,0.0,0.0,0.0,Equal finite state/parameter/model design; block SE conditional on assumed state sampler
256,1024,64,D3,20,Q1,0.5,0.5,0.0,0.0,0.0,0.0,0.0,0.0,0.0,Equal finite state/parameter/model design; block SE conditional on assumed state sampler
256,1024,64,D3,20,Q1,0.5,0.75,0.0,0.0,0.0,0.0,0.0,0.0,0.0,Equal finite state/parameter/model design; block SE conditional on assumed state sampler
256,1024,64,D3,20,Q1,0.5,0.9,0.0,0.0,0.0,0.0,0.0,0.0,0.0,Equal finite state/parameter/model design; block SE conditional on assumed state sampler
256,1024,64,D3,20,Q2,0.5,0.5,0.0,0.0,0.0,0.0,0.0,0.0,0.0,Equal finite state/parameter/model design; block SE conditional on assumed state sampler
256,1024,64,D3,20,Q2,0.5,0.75,0.0,0.0,0.0,0.0,0.0,0.0,0.0,Equal finite state/parameter/model design; block SE conditional on assumed state sampler
256,1024,64,D3,20,Q2,0.5,0.9,0.0,0.0,0.0,0.0,0.0,0.0,0.0,Equal finite state/parameter/model design; block SE conditional on assumed state sampler
256,1024,64,D3,20,Q2,1,0.5,0.0,0.0,0.0,0.0,0.0,0.0,0.0,Equal finite state/parameter/model design; block SE conditional on assumed state sampler
256,1024,64,D3,20,Q2,1,0.75,0.0,0.0,0.0,0.0,0.0,0.0,0.0,Equal finite state/parameter/model design; block SE conditional on assumed state sampler
256,1024,64,D3,20,Q2,1,0.9,0.0,0.0,0.0,0.0,0.0,0.0,0.0,Equal finite state/parameter/model design; block SE conditional on assumed state sampler
512,2048,64,D0,5,Q1,0.5,0.5,1.0,0.0,1.0,0.0,1.0,1.0,0.0,Equal finite state/parameter/model design; block SE conditional on assumed state sampler
512,2048,64,D0,5,Q1,0.5,0.75,1.0,0.0,1.0,0.0,1.0,1.0,0.0,Equal finite state/parameter/model design; block SE conditional on assumed state sampler
512,2048,64,D0,5,Q1,0.5,0.9,1.0,0.0,1.0,0.0,1.0,1.0,0.0,Equal finite state/parameter/model design; block SE conditional on assumed state sampler
512,2048,64,D0,5,Q2,0.5,0.5,1.0,0.0,1.0,0.0,1.0,1.0,0.0,Equal finite state/parameter/model design; block SE conditional on assumed state sampler
512,2048,64,D0,5,Q2,0.5,0.75,1.0,0.0,1.0,0.0,1.0,1.0,0.0,Equal finite state/parameter/model design; block SE conditional on assumed state sampler
512,2048,64,D0,5,Q2,0.5,0.9,1.0,0.0,1.0,0.0,1.0,1.0,0.0,Equal finite state/parameter/model design; block SE conditional on assumed state sampler
512,2048,64,D0,5,Q2,1,0.5,1.0,0.0,0.0126953125,0.004166785112204178,0.0107421875,0.0146484375,0.00390625,Equal finite state/parameter/model design; block SE conditional on assumed state sampler
512,2048,64,D0,5,Q2,1,0.75,1.0,0.0,0.0087890625,0.003434106590240503,0.0068359375,0.0107421875,0.00390625,Equal finite state/parameter/model design; block SE conditional on assumed state sampler
512,2048,64,D0,5,Q2,1,0.9,1.0,0.0,0.00537109375,0.0023319312185987313,0.0029296875,0.0078125,0.0048828125,Equal finite state/parameter/model design; block SE conditional on assumed state sampler
512,2048,64,D0,10,Q1,0.5,0.5,1.0,0.0,1.0,0.0,1.0,1.0,0.0,Equal finite state/parameter/model design; block SE conditional on assumed state sampler
512,2048,64,D0,10,Q1,0.5,0.75,1.0,0.0,1.0,0.0,1.0,1.0,0.0,Equal finite state/parameter/model design; block SE conditional on assumed state sampler
512,2048,64,D0,10,Q1,0.5,0.9,1.0,0.0,1.0,0.0,1.0,1.0,0.0,Equal finite state/parameter/model design; block SE conditional on assumed state sampler
512,2048,64,D0,10,Q2,0.5,0.5,1.0,0.0,1.0,0.0,1.0,1.0,0.0,Equal finite state/parameter/model design; block SE conditional on assumed state sampler
512,2048,64,D0,10,Q2,0.5,0.75,1.0,0.0,1.0,0.0,1.0,1.0,0.0,Equal finite state/parameter/model design; block SE conditional on assumed state sampler
512,2048,64,D0,10,Q2,0.5,0.9,1.0,0.0,1.0,0.0,1.0,1.0,0.0,Equal finite state/parameter/model design; block SE conditional on assumed state sampler
512,2048,64,D0,10,Q2,1,0.5,1.0,0.0,0.013671875,0.004329551852627222,0.013671875,0.015625,0.001953125,Equal finite state/parameter/model design; block SE conditional on assumed state sampler
512,2048,64,D0,10,Q2,1,0.75,1.0,0.0,0.013671875,0.004329551852627222,0.01318359375,0.013671875,0.00048828125,Equal finite state/parameter/model design; block SE conditional on assumed state sampler
512,2048,64,D0,10,Q2,1,0.9,1.0,0.0,0.01123046875,0.003847459898371884,0.0078125,0.01318359375,0.00537109375,Equal finite state/parameter/model design; block SE conditional on assumed state sampler
512,2048,64,D0,20,Q1,0.5,0.5,1.0,0.0,1.0,0.0,1.0,1.0,0.0,Equal finite state/parameter/model design; block SE conditional on assumed state sampler
512,2048,64,D0,20,Q1,0.5,0.75,1.0,0.0,1.0,0.0,1.0,1.0,0.0,Equal finite state/parameter/model design; block SE conditional on assumed state sampler
512,2048,64,D0,20,Q1,0.5,0.9,1.0,0.0,1.0,0.0,1.0,1.0,0.0,Equal finite state/parameter/model design; block SE conditional on assumed state sampler
512,2048,64,D0,20,Q2,0.5,0.5,1.0,0.0,1.0,0.0,1.0,1.0,0.0,Equal finite state/parameter/model design; block SE conditional on assumed state sampler
512,2048,64,D0,20,Q2,0.5,0.75,1.0,0.0,1.0,0.0,1.0,1.0,0.0,Equal finite state/parameter/model design; block SE conditional on assumed state sampler
512,2048,64,D0,20,Q2,0.5,0.9,1.0,0.0,1.0,0.0,1.0,1.0,0.0,Equal finite state/parameter/model design; block SE conditional on assumed state sampler
512,2048,64,D0,20,Q2,1,0.5,1.0,0.0,0.015625,0.004936221780842846,0.015625,0.0166015625,0.0009765625,Equal finite state/parameter/model design; block SE conditional on assumed state sampler
512,2048,64,D0,20,Q2,1,0.75,1.0,0.0,0.015625,0.004936221780842846,0.01416015625,0.015625,0.00146484375,Equal finite state/parameter/model design; block SE conditional on assumed state sampler
512,2048,64,D0,20,Q2,1,0.9,1.0,0.0,0.0126953125,0.004223726846590958,0.005859375,0.015625,0.009765625,Equal finite state/parameter/model design; block SE conditional on assumed state sampler
512,2048,64,D3,5,Q1,0.5,0.5,0.9735794067382812,0.006691735589671111,0.97509765625,0.006555928448692631,0.9716796875,0.97509765625,0.00341796875,Equal finite state/parameter/model design; block SE conditional on assumed state sampler
512,2048,64,D3,5,Q1,0.5,0.75,0.9735794067382812,0.006691735589671111,0.970703125,0.007199348078122727,0.970703125,0.9716796875,0.0009765625,Equal finite state/parameter/model design; block SE conditional on assumed state sampler
512,2048,64,D3,5,Q1,0.5,0.9,0.9735794067382812,0.006691735589671111,0.970703125,0.007199348078122727,0.970703125,0.970703125,0.0,Equal finite state/parameter/model design; block SE conditional on assumed state sampler
512,2048,64,D3,5,Q2,0.5,0.5,0.9735794067382812,0.006691735589671111,0.97509765625,0.006555928448692631,0.9716796875,0.97509765625,0.00341796875,Equal finite state/parameter/model design; block SE conditional on assumed state sampler
512,2048,64,D3,5,Q2,0.5,0.75,0.9735794067382812,0.006691735589671111,0.970703125,0.007199348078122727,0.970703125,0.9716796875,0.0009765625,Equal finite state/parameter/model design; block SE conditional on assumed state sampler
512,2048,64,D3,5,Q2,0.5,0.9,0.9735794067382812,0.006691735589671111,0.970703125,0.007199348078122727,0.970703125,0.970703125,0.0,Equal finite state/parameter/model design; block SE conditional on assumed state sampler
512,2048,64,D3,5,Q2,1,0.5,0.9735794067382812,0.006691735589671111,0.0,0.0,0.0,0.0,0.0,Equal finite state/parameter/model design; block SE conditional on assumed state sampler
512,2048,64,D3,5,Q2,1,0.75,0.9735794067382812,0.006691735589671111,0.0,0.0,0.0,0.0,0.0,Equal finite state/parameter/model design; block SE conditional on assumed state sampler
512,2048,64,D3,5,Q2,1,0.9,0.9735794067382812,0.006691735589671111,0.0,0.0,0.0,0.0,0.0,Equal finite state/parameter/model design; block SE conditional on assumed state sampler
512,2048,64,D3,10,Q1,0.5,0.5,0.00548553466796875,0.0016783945529214028,0.00390625,0.0019473833168271097,0.00390625,0.0048828125,0.0009765625,Equal finite state/parameter/model design; block SE conditional on assumed state sampler
512,2048,64,D3,10,Q1,0.5,0.75,0.00548553466796875,0.0016783945529214028,0.0029296875,0.0015401476891544258,0.00146484375,0.00390625,0.00244140625,Equal finite state/parameter/model design; block SE conditional on assumed state sampler
512,2048,64,D3,10,Q1,0.5,0.9,0.00548553466796875,0.0016783945529214028,0.00048828125,0.00048828125,0.0,0.001953125,0.001953125,Equal finite state/parameter/model design; block SE conditional on assumed state sampler
512,2048,64,D3,10,Q2,0.5,0.5,0.00548553466796875,0.0016783945529214028,0.00390625,0.0019473833168271097,0.00390625,0.0048828125,0.0009765625,Equal finite state/parameter/model design; block SE conditional on assumed state sampler
512,2048,64,D3,10,Q2,0.5,0.75,0.00548553466796875,0.0016783945529214028,0.0029296875,0.0015401476891544258,0.0009765625,0.00390625,0.0029296875,Equal finite state/parameter/model design; block SE conditional on assumed state sampler
512,2048,64,D3,10,Q2,0.5,0.9,0.00548553466796875,0.0016783945529214028,0.00048828125,0.00048828125,0.0,0.001953125,0.001953125,Equal finite state/parameter/model design; block SE conditional on assumed state sampler
512,2048,64,D3,10,Q2,1,0.5,0.00548553466796875,0.0016783945529214028,0.0,0.0,0.0,0.0,0.0,Equal finite state/parameter/model design; block SE conditional on assumed state sampler
512,2048,64,D3,10,Q2,1,0.75,0.00548553466796875,0.0016783945529214028,0.0,0.0,0.0,0.0,0.0,Equal finite state/parameter/model design; block SE conditional on assumed state sampler
512,2048,64,D3,10,Q2,1,0.9,0.00548553466796875,0.0016783945529214028,0.0,0.0,0.0,0.0,0.0,Equal finite state/parameter/model design; block SE conditional on assumed state sampler
512,2048,64,D3,20,Q1,0.5,0.5,0.0,0.0,0.0,0.0,0.0,0.0,0.0,Equal finite state/parameter/model design; block SE conditional on assumed state sampler
512,2048,64,D3,20,Q1,0.5,0.75,0.0,0.0,0.0,0.0,0.0,0.0,0.0,Equal finite state/parameter/model design; block SE conditional on assumed state sampler
512,2048,64,D3,20,Q1,0.5,0.9,0.0,0.0,0.0,0.0,0.0,0.0,0.0,Equal finite state/parameter/model design; block SE conditional on assumed state sampler
512,2048,64,D3,20,Q2,0.5,0.5,0.0,0.0,0.0,0.0,0.0,0.0,0.0,Equal finite state/parameter/model design; block SE conditional on assumed state sampler
512,2048,64,D3,20,Q2,0.5,0.75,0.0,0.0,0.0,0.0,0.0,0.0,0.0,Equal finite state/parameter/model design; block SE conditional on assumed state sampler
512,2048,64,D3,20,Q2,0.5,0.9,0.0,0.0,0.0,0.0,0.0,0.0,0.0,Equal finite state/parameter/model design; block SE conditional on assumed state sampler
512,2048,64,D3,20,Q2,1,0.5,0.0,0.0,0.0,0.0,0.0,0.0,0.0,Equal finite state/parameter/model design; block SE conditional on assumed state sampler
512,2048,64,D3,20,Q2,1,0.75,0.0,0.0,0.0,0.0,0.0,0.0,0.0,Equal finite state/parameter/model design; block SE conditional on assumed state sampler
512,2048,64,D3,20,Q2,1,0.9,0.0,0.0,0.0,0.0,0.0,0.0,0.0,Equal finite state/parameter/model design; block SE conditional on assumed state sampler
1024,4096,64,D0,5,Q1,0.5,0.5,1.0,0.0,1.0,0.0,1.0,1.0,0.0,Equal finite state/parameter/model design; block SE conditional on assumed state sampler
1024,4096,64,D0,5,Q1,0.5,0.75,1.0,0.0,1.0,0.0,1.0,1.0,0.0,Equal finite state/parameter/model design; block SE conditional on assumed state sampler
1024,4096,64,D0,5,Q1,0.5,0.9,1.0,0.0,1.0,0.0,1.0,1.0,0.0,Equal finite state/parameter/model design; block SE conditional on assumed state sampler
1024,4096,64,D0,5,Q2,0.5,0.5,1.0,0.0,1.0,0.0,1.0,1.0,0.0,Equal finite state/parameter/model design; block SE conditional on assumed state sampler
1024,4096,64,D0,5,Q2,0.5,0.75,1.0,0.0,1.0,0.0,1.0,1.0,0.0,Equal finite state/parameter/model design; block SE conditional on assumed state sampler
1024,4096,64,D0,5,Q2,0.5,0.9,1.0,0.0,1.0,0.0,1.0,1.0,0.0,Equal finite state/parameter/model design; block SE conditional on assumed state sampler
1024,4096,64,D0,5,Q2,1,0.5,1.0,0.0,0.00830078125,0.002404082212324793,0.00732421875,0.009521484375,0.002197265625,Equal finite state/parameter/model design; block SE conditional on assumed state sampler
1024,4096,64,D0,5,Q2,1,0.75,1.0,0.0,0.00634765625,0.0020918098499434564,0.00537109375,0.00732421875,0.001953125,Equal finite state/parameter/model design; block SE conditional on assumed state sampler
1024,4096,64,D0,5,Q2,1,0.9,1.0,0.0,0.00439453125,0.001538713311830591,0.0029296875,0.005859375,0.0029296875,Equal finite state/parameter/model design; block SE conditional on assumed state sampler
1024,4096,64,D0,10,Q1,0.5,0.5,1.0,0.0,1.0,0.0,1.0,1.0,0.0,Equal finite state/parameter/model design; block SE conditional on assumed state sampler
1024,4096,64,D0,10,Q1,0.5,0.75,1.0,0.0,1.0,0.0,1.0,1.0,0.0,Equal finite state/parameter/model design; block SE conditional on assumed state sampler
1024,4096,64,D0,10,Q1,0.5,0.9,1.0,0.0,1.0,0.0,1.0,1.0,0.0,Equal finite state/parameter/model design; block SE conditional on assumed state sampler
1024,4096,64,D0,10,Q2,0.5,0.5,1.0,0.0,1.0,0.0,1.0,1.0,0.0,Equal finite state/parameter/model design; block SE conditional on assumed state sampler
1024,4096,64,D0,10,Q2,0.5,0.75,1.0,0.0,1.0,0.0,1.0,1.0,0.0,Equal finite state/parameter/model design; block SE conditional on assumed state sampler
1024,4096,64,D0,10,Q2,0.5,0.9,1.0,0.0,1.0,0.0,1.0,1.0,0.0,Equal finite state/parameter/model design; block SE conditional on assumed state sampler
1024,4096,64,D0,10,Q2,1,0.5,1.0,0.0,0.00927734375,0.0025217970147731563,0.0087890625,0.01025390625,0.00146484375,Equal finite state/parameter/model design; block SE conditional on assumed state sampler
1024,4096,64,D0,10,Q2,1,0.75,1.0,0.0,0.0087890625,0.0024757689111147905,0.008544921875,0.0087890625,0.000244140625,Equal finite state/parameter/model design; block SE conditional on assumed state sampler
1024,4096,64,D0,10,Q2,1,0.9,1.0,0.0,0.007568359375,0.0022659834222933666,0.005859375,0.008544921875,0.002685546875,Equal finite state/parameter/model design; block SE conditional on assumed state sampler
1024,4096,64,D0,20,Q1,0.5,0.5,1.0,0.0,1.0,0.0,1.0,1.0,0.0,Equal finite state/parameter/model design; block SE conditional on assumed state sampler
1024,4096,64,D0,20,Q1,0.5,0.75,1.0,0.0,1.0,0.0,1.0,1.0,0.0,Equal finite state/parameter/model design; block SE conditional on assumed state sampler
1024,4096,64,D0,20,Q1,0.5,0.9,1.0,0.0,1.0,0.0,1.0,1.0,0.0,Equal finite state/parameter/model design; block SE conditional on assumed state sampler
1024,4096,64,D0,20,Q2,0.5,0.5,1.0,0.0,1.0,0.0,1.0,1.0,0.0,Equal finite state/parameter/model design; block SE conditional on assumed state sampler
1024,4096,64,D0,20,Q2,0.5,0.75,1.0,0.0,1.0,0.0,1.0,1.0,0.0,Equal finite state/parameter/model design; block SE conditional on assumed state sampler
1024,4096,64,D0,20,Q2,0.5,0.9,1.0,0.0,1.0,0.0,1.0,1.0,0.0,Equal finite state/parameter/model design; block SE conditional on assumed state sampler
1024,4096,64,D0,20,Q2,1,0.5,1.0,0.0,0.0107421875,0.0029118136541199705,0.0107421875,0.01123046875,0.00048828125,Equal finite state/parameter/model design; block SE conditional on assumed state sampler
1024,4096,64,D0,20,Q2,1,0.75,1.0,0.0,0.010498046875,0.002840085809915535,0.009521484375,0.0107421875,0.001220703125,Equal finite state/parameter/model design; block SE conditional on assumed state sampler
1024,4096,64,D0,20,Q2,1,0.9,1.0,0.0,0.0087890625,0.0024757689111147905,0.004638671875,0.01025390625,0.005615234375,Equal finite state/parameter/model design; block SE conditional on assumed state sampler
1024,4096,64,D3,5,Q1,0.5,0.5,0.9775199890136719,0.004453715205634374,0.978271484375,0.004405250870234407,0.9765625,0.978271484375,0.001708984375,Equal finite state/parameter/model design; block SE conditional on assumed state sampler
1024,4096,64,D3,5,Q1,0.5,0.75,0.9775199890136719,0.004453715205634374,0.97607421875,0.0046513470564417524,0.97607421875,0.9765625,0.00048828125,Equal finite state/parameter/model design; block SE conditional on assumed state sampler
1024,4096,64,D3,5,Q1,0.5,0.9,0.9775199890136719,0.004453715205634374,0.97607421875,0.0046513470564417524,0.975830078125,0.97607421875,0.000244140625,Equal finite state/parameter/model design; block SE conditional on assumed state sampler
1024,4096,64,D3,5,Q2,0.5,0.5,0.9775199890136719,0.004453715205634374,0.978271484375,0.004405250870234407,0.9765625,0.978271484375,0.001708984375,Equal finite state/parameter/model design; block SE conditional on assumed state sampler
1024,4096,64,D3,5,Q2,0.5,0.75,0.9775199890136719,0.004453715205634374,0.97607421875,0.0046513470564417524,0.97607421875,0.9765625,0.00048828125,Equal finite state/parameter/model design; block SE conditional on assumed state sampler
1024,4096,64,D3,5,Q2,0.5,0.9,0.9775199890136719,0.004453715205634374,0.97607421875,0.0046513470564417524,0.975830078125,0.97607421875,0.000244140625,Equal finite state/parameter/model design; block SE conditional on assumed state sampler
1024,4096,64,D3,5,Q2,1,0.5,0.9775199890136719,0.004453715205634374,0.0,0.0,0.0,0.0,0.0,Equal finite state/parameter/model design; block SE conditional on assumed state sampler
1024,4096,64,D3,5,Q2,1,0.75,0.9775199890136719,0.004453715205634374,0.0,0.0,0.0,0.0,0.0,Equal finite state/parameter/model design; block SE conditional on assumed state sampler
1024,4096,64,D3,5,Q2,1,0.9,0.9775199890136719,0.004453715205634374,0.0,0.0,0.0,0.0,0.0,Equal finite state/parameter/model design; block SE conditional on assumed state sampler
1024,4096,64,D3,10,Q1,0.5,0.5,0.006229400634765625,0.0012123744773395448,0.00439453125,0.0014591048689739585,0.00390625,0.005126953125,0.001220703125,Equal finite state/parameter/model design; block SE conditional on assumed state sampler
1024,4096,64,D3,10,Q1,0.5,0.75,0.006229400634765625,0.0012123744773395448,0.00244140625,0.0009740534345583098,0.0009765625,0.003662109375,0.002685546875,Equal finite state/parameter/model design; block SE conditional on assumed state sampler
1024,4096,64,D3,10,Q1,0.5,0.9,0.006229400634765625,0.0012123744773395448,0.000244140625,0.000244140625,0.0,0.00146484375,0.00146484375,Equal finite state/parameter/model design; block SE conditional on assumed state sampler
1024,4096,64,D3,10,Q2,0.5,0.5,0.006229400634765625,0.0012123744773395448,0.00341796875,0.0012880767087592713,0.002685546875,0.00390625,0.001220703125,Equal finite state/parameter/model design; block SE conditional on assumed state sampler
1024,4096,64,D3,10,Q2,0.5,0.75,0.006229400634765625,0.0012123744773395448,0.001708984375,0.0008083545257207278,0.00048828125,0.002685546875,0.002197265625,Equal finite state/parameter/model design; block SE conditional on assumed state sampler
1024,4096,64,D3,10,Q2,0.5,0.9,0.006229400634765625,0.0012123744773395448,0.000244140625,0.000244140625,0.0,0.0009765625,0.0009765625,Equal finite state/parameter/model design; block SE conditional on assumed state sampler
1024,4096,64,D3,10,Q2,1,0.5,0.006229400634765625,0.0012123744773395448,0.0,0.0,0.0,0.0,0.0,Equal finite state/parameter/model design; block SE conditional on assumed state sampler
1024,4096,64,D3,10,Q2,1,0.75,0.006229400634765625,0.0012123744773395448,0.0,0.0,0.0,0.0,0.0,Equal finite state/parameter/model design; block SE conditional on assumed state sampler
1024,4096,64,D3,10,Q2,1,0.9,0.006229400634765625,0.0012123744773395448,0.0,0.0,0.0,0.0,0.0,Equal finite state/parameter/model design; block SE conditional on assumed state sampler
1024,4096,64,D3,20,Q1,0.5,0.5,0.0,0.0,0.0,0.0,0.0,0.0,0.0,Equal finite state/parameter/model design; block SE conditional on assumed state sampler
1024,4096,64,D3,20,Q1,0.5,0.75,0.0,0.0,0.0,0.0,0.0,0.0,0.0,Equal finite state/parameter/model design; block SE conditional on assumed state sampler
1024,4096,64,D3,20,Q1,0.5,0.9,0.0,0.0,0.0,0.0,0.0,0.0,0.0,Equal finite state/parameter/model design; block SE conditional on assumed state sampler
1024,4096,64,D3,20,Q2,0.5,0.5,0.0,0.0,0.0,0.0,0.0,0.0,0.0,Equal finite state/parameter/model design; block SE conditional on assumed state sampler
1024,4096,64,D3,20,Q2,0.5,0.75,0.0,0.0,0.0,0.0,0.0,0.0,0.0,Equal finite state/parameter/model design; block SE conditional on assumed state sampler
1024,4096,64,D3,20,Q2,0.5,0.9,0.0,0.0,0.0,0.0,0.0,0.0,0.0,Equal finite state/parameter/model design; block SE conditional on assumed state sampler
1024,4096,64,D3,20,Q2,1,0.5,0.0,0.0,0.0,0.0,0.0,0.0,0.0,Equal finite state/parameter/model design; block SE conditional on assumed state sampler
1024,4096,64,D3,20,Q2,1,0.75,0.0,0.0,0.0,0.0,0.0,0.0,0.0,Equal finite state/parameter/model design; block SE conditional on assumed state sampler
1024,4096,64,D3,20,Q2,1,0.9,0.0,0.0,0.0,0.0,0.0,0.0,0.0,Equal finite state/parameter/model design; block SE conditional on assumed state sampler
