family,query,theta,evaluations,TRUE,FALSE,MC_UNRESOLVED
B0,Q1,0,82944,67392,15552,0
B0,Q2,0,165888,134784,31104,0
B0,Q1,0.5,82944,34776,48072,96
B0,Q2,0.5,165888,32490,133218,180
B0,Q1,0.75,82944,34605,48264,75
B0,Q2,0.75,165888,32232,133557,99
B0,Q1,0.9,82944,34497,48390,57
B0,Q2,0.9,165888,32055,133692,141
B0,Q1,1,82944,0,48695,34249
B0,Q2,1,165888,0,134208,31680
B1,Q1,0,82944,61128,21816,0
B1,Q2,0,165888,122256,43632,0
B1,Q1,0.5,82944,34545,48252,147
B1,Q2,0.5,165888,32004,133692,192
B1,Q1,0.75,82944,34362,48504,78
B1,Q2,0.75,165888,31770,133986,132
B1,Q1,0.9,82944,34206,48615,123
B1,Q2,0.9,165888,31560,134148,180
B1,Q1,1,82944,0,48879,34065
B1,Q2,1,165888,0,134520,31368
B2,Q1,0,82944,67176,15768,0
B2,Q2,0,165888,134352,31536,0
B2,Q1,0.5,82944,34830,47973,141
B2,Q2,0.5,165888,32148,133581,159
B2,Q1,0.75,82944,34620,48234,90
B2,Q2,0.75,165888,31875,133881,132
B2,Q1,0.9,82944,34476,48384,84
B2,Q2,0.9,165888,31641,134076,171
B2,Q1,1,82944,0,48591,34353
B2,Q2,1,165888,0,134478,31410
B3,Q1,0,82944,66384,16560,0
B3,Q2,0,165888,132768,33120,0
B3,Q1,0.5,82944,34500,48364,80
B3,Q2,0.5,165888,33114,132611,163
B3,Q1,0.75,82944,34325,48558,61
B3,Q2,0.75,165888,32843,132882,163
B3,Q1,0.9,82944,34140,48690,114
B3,Q2,0.9,165888,32424,133194,270
B3,Q1,1,82944,0,49110,33834
B3,Q2,1,165888,0,133941,31947
B4,Q1,0,82944,65304,17640,0
B4,Q2,0,165888,130608,35280,0
B4,Q1,0.5,82944,34368,48492,84
B4,Q2,0.5,165888,32901,132852,135
B4,Q1,0.75,82944,34216,48660,68
B4,Q2,0.75,165888,32701,133068,119
B4,Q1,0.9,82944,34058,48769,117
B4,Q2,0.9,165888,32317,133238,333
B4,Q1,1,82944,0,49256,33688
B4,Q2,1,165888,0,134236,31652
