cell,group,n,observed_deaths,predicted_deaths,conditional_event_variance,shared_hazard_variance
0,HEMLOCK,1,1,0.1150115786548774,0.1015752100128194,0.00020870541737095204
1,HEMLOCK,134,8,12.43404097538121,11.257636575166481,3.032814651314706
2,HEMLOCK,2013,362,129.8715118367104,121.25513865644018,478.149625131157
3,HEMLOCK,1294,71,26.221844155299284,25.642483065226184,62.10813964978687
4,HEMLOCK,0,0,0.0,0.0,0.0
5,HEMLOCK,140,5,5.758604559039036,5.510647832115999,1.552415301839983
6,HEMLOCK,1052,78,35.43658707686699,34.175062945192174,71.37168286553434
7,HEMLOCK,280,6,4.207943932020403,4.136157251861191,2.393478309552087
8,HEMLOCK,0,0,0.0,0.0,0.0
9,HEMLOCK,341,17,15.234262896539837,14.525773049126306,9.512271967123885
10,HEMLOCK,1847,125,44.70481620264589,43.54130467018367,150.4852087453739
11,HEMLOCK,437,12,5.193320407188517,5.124199328178482,3.2353346756646513
12,HEMLOCK,0,0,0.0,0.0,0.0
13,HEMLOCK,2,0,0.04402886688609257,0.041969715315492324,0.0021797620219272252
14,HEMLOCK,11,0,0.6566123708538237,0.5997385332199439,0.19447240841439872
15,HEMLOCK,5,0,0.46892852665776574,0.4061280345456715,0.09410849744704805
16,NONHEMLOCK,0,0,0.0,0.0,0.0
17,NONHEMLOCK,108,4,10.549675962473213,9.499977539264094,2.0717667933996045
18,NONHEMLOCK,2657,149,146.3437455129977,138.01529667068195,712.1967232599808
19,NONHEMLOCK,873,9,18.59843016415936,18.16850516424173,29.42292035697798
20,NONHEMLOCK,1,0,0.15262437593925365,0.12904261314936874,0.00028756265903829084
21,NONHEMLOCK,166,19,17.895818904923175,15.932246271248498,5.692722912190586
22,NONHEMLOCK,2953,170,191.74918298388656,178.9331924550369,1077.8708567050257
23,NONHEMLOCK,1227,10,14.029529366418389,13.850381994458736,22.986131151297933
24,NONHEMLOCK,2,0,0.32531954082522335,0.27181752142661586,0.0011712351544808236
25,NONHEMLOCK,209,5,22.217180996244384,19.81514759779103,8.421848856868872
26,NONHEMLOCK,3682,185,174.60620060442733,166.00649696399321,1176.7835145648914
27,NONHEMLOCK,1100,12,19.077350192731114,18.709271799114248,40.94094260245559
28,NONHEMLOCK,0,0,0.0,0.0,0.0
29,NONHEMLOCK,2,0,0.28294285931824753,0.23731124338002144,0.01120657023726658
30,NONHEMLOCK,36,3,1.637813798198796,1.5458267163835029,0.6291009077801829
31,NONHEMLOCK,26,0,0.8120507106275725,0.7746749381565459,0.312343727615948
32,NONHEMLOCK,0,0,0.0,0.0,0.0
33,NONHEMLOCK,1,0,0.058275563596560484,0.054773310718869615,0.00010621156519410565
34,NONHEMLOCK,1,0,0.05947998294365868,0.05264404923386726,0.0032980653388134913
35,NONHEMLOCK,0,0,0.0,0.0,0.0
36,NONHEMLOCK,0,0,0.0,0.0,0.0
37,NONHEMLOCK,1,0,0.11937126791830875,0.10489602209765747,0.00022574621622663618
38,NONHEMLOCK,0,0,0.0,0.0,0.0
39,NONHEMLOCK,0,0,0.0,0.0,0.0
40,NONHEMLOCK,0,0,0.0,0.0,0.0
41,NONHEMLOCK,1,0,0.13855725922190676,0.11910877027346559,0.0002503748653545079
42,NONHEMLOCK,1,0,0.059530918232503935,0.05268381316382163,0.003303174843077229
43,NONHEMLOCK,0,0,0.0,0.0,0.0
44,NONHEMLOCK,0,0,0.0,0.0,0.0
45,NONHEMLOCK,0,0,0.0,0.0,0.0
46,NONHEMLOCK,0,0,0.0,0.0,0.0
47,NONHEMLOCK,0,0,0.0,0.0,0.0
48,NONHEMLOCK,0,0,0.0,0.0,0.0
49,NONHEMLOCK,10,2,1.7506977464007183,1.4410476054036323,0.03155881071830735
50,NONHEMLOCK,193,50,37.18018244065192,29.950728541876884,12.918636143421015
51,NONHEMLOCK,227,115,7.26741660769373,7.021362315255845,3.0389802336171114
52,NONHEMLOCK,0,0,0.0,0.0,0.0
53,NONHEMLOCK,9,1,2.585028275500444,1.8378046135937915,0.04264177202307434
54,NONHEMLOCK,139,26,58.04812162687983,33.70126489740101,14.628660988522133
55,NONHEMLOCK,113,3,1.5234492254716387,1.4987385524454835,0.4714085093654057
56,NONHEMLOCK,0,0,0.0,0.0,0.0
57,NONHEMLOCK,18,1,4.026805838216525,3.1187497609458736,0.12984413217704008
58,NONHEMLOCK,198,19,34.195430966428454,28.22818325114987,12.187548645385956
59,NONHEMLOCK,63,8,4.400945778372028,4.085490322894297,0.5053699509265285
60,NONHEMLOCK,0,0,0.0,0.0,0.0
61,NONHEMLOCK,0,0,0.0,0.0,0.0
62,NONHEMLOCK,2,1,0.2463642485380242,0.2035919534352333,0.024849247247876398
63,NONHEMLOCK,0,0,0.0,0.0,0.0
