chunk,replicates,ordered_individual_event_bits_sha256
0,512,be11cffe8cbd18136bdffaa041a3dda45fd2cfd92e185169d472eded9029b323
1,512,4ed826783f7c1919c71b6e3019761f805ea27a860af13a69dbdcea59d497cc1a
2,512,57b3fa2e275f45fbb956c9c86f1b113e44a919c6f663b29517b9dbd9400d40fb
3,512,5412b95fa8092831dfe3a5ad24f9c3bb31b19aa54cb34e6c29884ac1ec0b6132
4,512,01122ad846d10b460c733aea3a0a7647a028c155dc9fd5d9e7429a05e403938c
5,512,06388aa72b8ae01a852ed87984b810e89b28e0f06cc07d41accfa8d342467125
6,512,abfdcf4a4effc3f70272532d09d452795185152d954fb1cc031975963c394f0f
7,512,ccf15e4d2280390db6947877b3d372ba0bb93ef726f067151be9b8e46a2e89c8
8,512,909a85de59474e9e844f97897ef58f2363a4211eb87a28e762d64956f4d150bf
9,512,3562f1660c2535411ef82103eb3391fba90474174c9bdc235f2d7eb30eac98cc
10,512,0ffe5d3a3f180452cb6da61e8b8cd1e8d4b0dc311a988f0a5d7b026cfe8029b1
11,512,417ac613b4861bc0d763fa14e1e3b1dd0ab6e219d97f70c0b1e30f5e9ac230c1
12,512,2d7d33db8522c46d2e15b4b76c6fda0a3200ca233c18eaf55eecc475b97ea295
13,512,8dd1b73c0d2b500f2d9f26b6fe750eab76b866a38f7806ca47989b0375a6f9a5
14,512,61867e7d0cf36c97244b4f0fa5df15717fc0f4864018272fa48a1bd3830751aa
15,512,087f5bff9b2090e8eb8f075fd27b5d32793575fb1c9b03ad4613c9ff8c1c6c9a
16,512,d02881875e60d3bd6b733607ffb740340721cf27ef51636684324fc7dd7ce5ec
17,512,d8b3b5f8f5899933c3da5389fb0d885d09427510f97d66b9282c8793e0b29f27
18,512,f61bf7c550ad272532443077cc21aaf671b030ce38d03c07081bd77e846b3604
19,512,53b99d34369a96b66d12188f40f4e069b16b986bec65aae02fcce8f3d23008ac
20,512,586e353432abe4a36a758eb8e1c7677dd187bf642ecc84c7a58850d479f971dd
21,512,5b7cb4a34cf9fd9eab13a120dd0be1b58ffe2d4c316b3ef1d0ee93488b0ab8c9
22,512,649a80a7089bc125b8ebfa1f498e3c4af96abb20fc796cef220cfe8cec8dbb98
23,512,d458e4d46d3bf37162b138c88c0cb17e75456746639ca9273ed4221d35c958cf
24,512,73840fee51b5590f31e89021ae690b54a848119280fd376e6b636530b74a2e02
25,512,63d5d44d0d26421741713f62fb1c3e2ec72441ee448ceea93a542dadfae6407f
26,512,22ae4ee4f29324684dce93e6a3a531922a55960484740e43a8f9133dd73f824f
27,512,67f7352d203d51b2ed68c00915b379e7bf742dbde88f9a3f1d70b5b4225486c3
28,512,06ad9486eb1d2dffb1fe76195f34248f4bf90686c6c99b741a8fdcbd872857d3
29,512,c2a8411446e49f319b834e8dac5f1936d77970ea501b69154f89976f95964f69
30,512,de0dd423f1894a8462aeafc1e471bce728055beb57cc59f67644ae49f3af60bd
31,512,0701e819d0c5cc3dc7aa3e1a70926bb96a3de3d056f4bdc33f9dec17fc315dcf
32,512,33ea60ea95b0ec91c66e665e3f73c1dff4620af0adff2a46a43f1b0db745ce51
33,512,4e33e3a2f85c1575b16158657e41efd0343121b937f898b5ca5857257a7ced97
34,512,01a5c39d11997a5e75fdd7d5a94c834efa598621643f7c1ef5f516db1c12ea55
35,512,2a6c581409516297f0e864d2d9aa85741307d10b15c9913e5fa2dc495fc2a329
36,512,a19ceaa4461307f899dbc208c01af1412bc554adec181f387082bb566faf8b8c
37,512,530f4f525ab06f9489168212a38a9c827b15669646d79e8565e14f3f89ffdcda
38,512,a4ceeb1f50f2fd0591ededc392ad73b87038224952af62c7a8faaa0329ccff23
39,512,c5e2cdaac1c9adbfdcf5cad6c4e56bb051624b64025b3206d242d805b409fcc7
40,512,d43ef2ec6cd02b9cbac1953d3d7b38fb197ac8a498976b1c10db99e2a1c9b790
41,512,0f9975b102119e17575257353d70128f0861edd7cae9f0db92210ca534007e2f
42,512,4d82261b9426cdefb56fe9aa04a6040eca5a71632f32ae29a9a1020b6e8dcd1f
43,512,c712050e1bbaa180a6b724fa91944e8701331c4b003d660f0fc822d5da633984
44,512,c052176220812f15bbf00438ab6ec7bbf005e83f2652a133d3ef14a78995d14e
45,512,3649edd9fcd62de5c9b9f36b80c22cf634925c20fa8af35169ddd116c83999f3
46,512,12bd25c63cf46e883b8c728d5348a5d6eb2c95191d756b641aafaadcad08989f
47,512,f4a3f2e8fd795ccd2ba545daf9553aab7d8be61078580e17ca373144eaf42035
48,512,bad5810d38ab7d5bbeec9f0edabbe10f4712113af53047cd78831942ca4765cf
49,512,6242dd8b21a29d3e71fe4a3b5a552d974916b7ca6953123fef7480f444b57d23
50,512,b49561f323b5566bcb9f0eb6d43456b321f0ee7d36a6f3bc616777ad5279959e
51,512,64061b3ac4b5411d58bb8e1f5685c7c94de7f0b5e17f69872fd4a929114c6019
52,512,ebf9c09cf3cc3a3ba8586682e3b4924532e98abbefe6d1e5a8162b4b3503b4eb
53,512,f2d69fea81440e29568c0a19627474b192168764f032350dcf85f8ac7049c243
54,512,2cbafbb9107ec85e6885781c541f08ad71e71234aa47215688b57cbd77dbc04a
55,512,c707baa7e4c6e125672aac9385125477e4bca3b58b2413761479b7cac4a09347
56,512,299632d32b8e74ec0f8e1c8269c65ab42ff216b67b2441df7dbbb57fc8e1a3d3
57,512,38fba3b8920aa9ac4cc9136404f4338598a9b03f1a1563ca4dc2827dbf66612f
58,512,0865ca1eefc255c9ab3839939a9ca7fce118f9ff34ed2c498d3ffedd012b53f0
59,512,19c74abe9dda3b19499f858b09fd2dc45381a755f48bc6a70243b0e178391f5d
60,512,f8bde0dfba45867283fd235d9125f812a8a207dc6278c559a403b53e7ba014e1
61,512,01a8ba6d2af3709d9653eb50468f9439c4d94a04920cf8449f480089009b3fa3
62,512,cd6c6d3c95f605d7b822d4f0959cf364d88c1ebca18f0c4cf36fa6ae9149e0a5
63,512,335b3c6477fc882e4cd9b5262f03112d57034b8af65ff6287a21031a3655daf0
64,512,2c10fc04df3c191814d56400fdc2cc14f2924720e038343a94a88a72119c7ae0
65,512,3926c05383784f5d6adccea883113a08cdba6d7cc3b980af573976eb59be88a8
66,512,a9f30b1d1b5d20e07967ff84ad2005565d0c5e4ca48dcafcb186b95a3295298e
67,512,c5f24ec03d409572e6a9a595bb007217cd3c53dbc211eb57e23012046ffb1f61
68,512,ec2e6c58f52423fe7dd30cc0d41e290c3b3dc834f70aeb65446e4a4d4483dfc6
69,512,d0791a960c962ef0262a7fa86f90f33e8406485c139643a99e66881330b08176
70,512,c8801d9e28d609b4ab6d4593af91f6f8f9cdb1c7f5e2e5d37b9d290d6faf7e22
71,512,697aea1b3b6e568ba0cf7b23a6fce68a42901668f5c8504532fcf336b95d6e4b
72,512,b61f645b0946fece8c026f7eb8c0146011c6a0cb143cbe06541b9c7ad090e88f
73,512,61926fee28c3a39ce2ce99d20e9f180b8a1eff416081fe68d2b889309efca977
74,512,6bdfea23f5e61077da4c6edde4b38d42e864835e2f3b6233d7b3c809d97e9547
75,512,12533e96fc86a001bc361870bb98b890b37475acdd90701e495ea40b9c4c5d00
76,512,ea71e21649fc243e207df4b1bb9e3b67c83f6e605d4534e45e98772d9099d162
77,512,333dd7382db54c3bb34f19fc299f3c01475317033658b527f1e88b126eeecf99
78,512,60b3eff7af6956e6525bc32724e22b6f9e0374dd8c77a1d23162697039ecc3ad
79,512,5da3d6eb69313c21dd66c7f9629bade1bb39639ca085f5e0484a5cb86ce91508
80,512,432876ed53ad3647e1cdcf86d6f900ebfa703704d6f32997a8bf3a76ba6c9c74
81,512,e7b5f98271310198865c46a51561e8a49954d9bfcba9618c5e4d918b07666868
82,512,c8057152e4427aef6ef8acbf9f294ef593c85c1625fd9c046157d43389b23eea
83,512,013ce2a8ce36fb5127fd5170f76aac76ba8bbe223d5aed04be89902243d735ee
84,512,ad603b32151faf3cc2efa66877589bda0dbe5cbdf0a8d1b2e2c63f827272b75e
85,512,f98d3aeb586cdd9d055c720de4df2507ead33f202b84db7df6bac3f1a15aceb2
86,512,c7cb67008dbce1514d7c190653eebb0adcea0250d3ccc1bb9b46d6c215a5b1e6
87,512,bf752bb1bf1d51ed9347e9a49fbd2afa2ea8c08db05822091316969a66e3ae5d
88,512,d14d121acbff18009c7646ca722e6f59916210a3ec62f20d06676e6ddabd4f23
89,512,5688a14cae227633d9843f5ceef3b67375f3d6f70303ae546ebfc9eb17170f4e
90,512,282b84a88ef74ee6fb5a549d6d256d42c6b8b9130ee3728c72b9bd9ce98fcea8
91,512,09fad9afbee5c8990b62e4909fed0d606f0bea7aedbb0d1a2a9fc3ada32e03d9
92,512,82348d0517467c2f515970474bb126cc683b03429891f4cbea9df88a5826a049
93,512,3efd370e5951aeba112db3109570b11bb7374ae1cb7fd206554034dc54a68a33
94,512,07d3c7194e9560f7498297c57ff54afb35f294f16037042e0e22b331be0498b1
95,512,10af5fea88dd284e19fe1480c1dfbcdbda46f51d05712177c8a1d782c8b97f11
96,512,1c38f8c4f426835db354962d34bad9443acd1ad25aba64c24d6f51e037ae5905
97,512,52535c7fa8d7012ed21d0a6f0d5ce4f42ed19fd350438caa3470e7f14a54d4c5
98,512,2755367514762b4787ae4f58f2489e76ee5d9d8755b62c0f924f9d614877e1f0
99,512,1a0480b583576284b758d16706aaaa1f61c6171ffc4dc0261f6a9dac311de077
100,512,76748695320771106bb511f93754125d6724fd6797ec6779e96bbf279dcf1db2
101,512,d68c7ac7888ed815453c1e180959f6ea491dfdf002a9ccb9705d1bef20e09daf
102,512,e6fcd0b37887bfc1cb8f4517a4402222a72b3bb15b3eb7b1b300a3a3649d6a83
103,512,862af6a37cbe7b23080f30c9fc62ca00df7a25ab788db67a2574dd77141e0145
104,512,2d863f2a0beaacf526cb1790f041c42db154a95f7ea63574c5ac8d49b3816ed1
105,512,677751743f63db328f8d8f4d4f77d3208b09489dec64804cdb501eb4ae7a1094
106,512,cf76d057e5c0fe2c73f31910f4b4e7f8591c40bcff3305051c978f8ff44c301f
107,512,45326400d544d4abe702bbafc7ba131e4db84f0b60acb97f5dfa7301be22e929
108,512,c312fa277245206434323d4ff8ce74269ff4aa3fa2635e12c18527ac3fe466f3
109,512,6bd9f4fd7c5915a29097548371b68f0c057c6282e7ea69c1ddb1d09107d60f4b
110,512,e11183802b22a0a9474ce83ae887ce265dfcfbd3ba6b6527d9cf97dde2491069
111,512,e5639b90589907d7b59e158fe2220856dfd4e06de8be5ac99b21fb607a397a75
112,512,b7ba431f2189d682aa3a82d6ea80e65399024faf58a1047652755168526d122a
113,512,f7933d00ee1567f68c3f3649828f47076e14d7dd5f1340f23a303e39d619cc9a
114,512,2be986b3c4f3c6c9183e8f2ea70b67d45a0144441a423f69997097ce028eb92d
115,512,add25b9658dcae5c590be63af8daf8438b11ec85f7865357ab45c191d2f42569
116,512,0ecbf5708ab266704f07978167a2998a0c8fee539471243ef85e2766ef39beca
117,512,e94afa878a6248f896a5ffe37803f635829a164745611a4eb770a52ed204a73e
118,512,484ffdfed9a431ab784cf031a400715bdfc0a62d88220ba5f94c31168e93f2ad
119,512,9479e14e61118ba4bf95df861c17a0a81b8f1e7d9fb4296785125422c003d7f3
120,512,af61f8f8c365aef2b1ecb080654b06682d9474e7573511e56c69491dcebebf0f
121,512,9fec4cde504aa209d4f1ffe446ab4c2f80580e53445742297446c88b89fa4c6f
122,512,c026908d0406daba30a4ef37c6c73de844b5d24f187c8595dee5fa078c730f47
123,512,054d404866a329c081bc9ef9c2413da69e922c705db4e10768981ced918ccd29
124,512,d20e474067814265a657169f07061a6d3c2e16e8c30dacca03da601f24907afd
125,512,cb765d14b9a37d563b55242a87620b0e790b18a8c596403b22bbe9de5796b093
126,512,efd5902dac6c63c30064274fe7ec406b4774fe7db8410feacde5e308d4c6349f
127,512,0d4fbb778254fe452d9540863de16f8616e6a7f1cdd36995e18b6e00c7d9ff8d
128,512,a7e1ff8f5f9794c73c1c120f881a156e0bed81b09d95f65ab07eff399825546c
129,512,7c16771b35d3ec79959e3bc13ba550aeb2a7b05bb26abbe285655d09930fb29c
130,512,ab08497d7001d2193f3304e93ec8efbd40422eff4778f82398ac9a59d3ac0271
131,512,04d6b33543203b5a7adc1dfbf5b0e5eab7fa1af4d575a9209f0f10a28c0d964d
132,512,2bbaf9c0f5448cf58351ef3a56f1cad2a29fb30af1a2cd0e2ee02227e1e0887c
133,512,ec0fd951e67333009333d9b70535eef2dd35f1356de4f975dd20aedfe9e7fc40
134,512,a262c77489ffaa323ae26f182d12e4922ed3746b4a2957b28cae59a83c2d59b8
135,512,a377614960a0add1180d62d29f2d1e9366848924306886df7c84f5b7d6ae6a47
136,512,aa7bd19c0229d5127cd4196f355319b27941e30c3e4bdcfa29d4a3bddaa74736
137,512,ce41849ffbbef43d6f4d33a09cf5efa417df6dc5c514af5a5d853a6f6469bcf9
138,512,6e5d3de0d3c4423e7139cc36d8008311009c1071e700fec984026ee3a164cf15
139,512,fab49c890fdf7043a9febc5a5654c80047d7e968cc8577096f804eefd5226f65
140,512,0970ac512c601c5f045b6a29b1e668c580acf054de27b718b4f152e09d8adf91
141,512,aeff3c2e1f4e74261fc007f0ac0e7e9dc838c6220cb58f6ba1ea2718af3d960c
142,512,9873216d018dfc45c1fb7fb3117b4c226dee2427be709c14a356da5345c6d2f8
143,512,63c431bed3c55f0378359004bbc633d2649b3f0d21d0b506eb764339c7cb960e
144,512,cd137d5e0e84abd045a1c791cd3e702d46e5fcd93cfeb010162678edfeffb930
145,512,0d7d0abbdf3f9bbe0f8ce585e2fb16281ffa2e445f047bd27a82c559eb9fd8cf
146,512,fc6ddcbc48100ebd79dda50fa9c0de714c2b1f8a95924c6eac3c8afebc12b5e0
147,512,0d65b3e2a59c7b854a297407003c89c3560b60e4b4e38350c3c273ba3f5761fd
148,512,672ea944937cf300ebdf06cc642e9ba55c34f45405b92f73d0c6f9f4e63ab138
149,512,53b5769c1f916005bed5550f67fa26eaf16270c7debff2f8f51f42b6035b90ef
150,512,93b7d074cbd4af505c51223d174269b7fe377828a0675e4dc73c0248c0de0623
151,512,40f09184fc34b016ea1faf90f86bb22039e53e8fa6cd0fdb3ace4bb0af57ee13
152,512,9ede9665919a62feab7f0df67caa25054d3d526fe2a3be90e9b25d9f3d9e641c
153,512,f7e6dc21a5c8a28b9f7ecafdb687784e392f24fbab611b700c44ccf12c834972
154,512,c2ab887fc4114b7f835fef7e38f4d0f4a3256e0b6c9ce3dff571446922726786
155,512,40e6a1deff2c013c55f96b6a5f279e32659fbb3b3fa1c3830df2342d45da6f09
156,512,5d5d822cc041d3a82405e155b5763baf78b5751f11752b6a736384b206a70fe3
157,512,d31532900f0f5c53a8cea542b7aed094615b8eb39fc6d677dfa4a0863ec39f23
158,512,6a954cfbd843ba9f36ddbc16058425e1b8b1e9fe4dba301bab7963aae37db609
159,512,9a6790b8c1495ce8b46fba1e02d0379e05313b7af4e87abed8d1aab35c10854d
160,512,f4f1cc20036143d0627025b44c418abbf6191888cc651fbb888d09dca359fc35
161,512,fba1eb23e4becaab8c44f6a49ade92130cc994b64e1cd7c8a9bd16c6d7f42399
162,512,dd564e27010cf6ba2342d1bbc5b188bb8a7f8d5a9485e724f1cc25eb3372fb62
163,512,9d599a38f4ebbe1e1c48e6b4a84de83c41be5048c63febc03cad4b41bab7b978
164,512,6c804004b09fbbf8301f1ae4b8845aa841dde816ad937ef0d75890b2e31ef6c9
165,512,cfa0122ec478766220de56ba9caa13b10299eddad3b0cd1d1b02c597f0a5b2c8
166,512,fd9b4f21d6f0a6f2c6e3670ab1c7ddb1a3183bf4b5710eb10b4540ae1c8322f7
167,512,6fe477f5f51c02b816c95a163091bb56a0576c66f212371440e3c576357d3faf
168,512,8c2a99c21ff204b01fd59943f12cc4ac830940ffd76731458a8242ea7473af3a
169,512,cfdeb6eb93586f66fd7c1cdada64e24da617edec0d49e7bb8adbd397dd9576d4
170,512,d172d46189a35c6d93c15e21bdd87165ca9f64817dc0c3c224361f496e2e76f1
171,512,6665475fd24aeb59bac62471c9dcc0ffb5ee87ecdab42ca3ce64a1d4f3406dce
172,512,3292845f3ba4b062dd05d9eeea4091abbda3570cacea02529c47cee8c6887c39
173,512,1334db2122c66daf1f8120ec9018902f7b70d3613f2d1448353c3f6ece5e8fb0
174,512,10566a3ebed47ab70a74b36814d79b055e4201ae85c0820aeeb0a67bc43db2b7
175,512,6250160693cb377b363dedda17901fae084619189344329dd9214e0198125e36
176,512,59f9dc6f444eb542dbdace56f5346c4ec7c0ff9f0b4460b3faaf5316327ae562
177,512,97aaec712fa55bee0ef7bcf0a07d66b79a8933a07d9a6fe1e43209fa2f55f827
178,512,0630de9974446128efb105057ddcc9da46a5758efda472e44e74f27c3a3769c2
179,512,6866716164f11a744dd3d5cf27900cdee540750c1b30db6ad7da09d140a07114
180,512,270ed1e8ba21e95763fe3022dbb3d399af2ad9748263a95cf095c7a4d3e408d9
181,512,9cf9d83c4b78d37a54aa137f5ca4210e1ebe6c104c7b62b5fb10ef6db013546d
182,512,e694e8c3c5e0c0ccf3766e14b5826540c3e75a72c4a238c94929772961967570
183,512,1635f0d1e14ceaae396a6a41b7c667fbd50f7ab94b6428b23f83b6c7c74521a4
184,512,cc87d329f477d8af19d7f0e9b77a405ba19932d09068104a8c48a6f715554dea
185,512,8a1911f7e73e493d857b93a6857e293e903b856b45106e5095d1946f22c491fb
186,512,031eb13fcfced709d65251698999df2d8985066ac0a974a571710108fdf8ce3d
187,512,a5ffaa57f5a95ef4d873b1c21dffbe96163c6f38d33a4be4f0e9f1d73cedb3bf
188,512,d72a8b66420c0b82f1fc65e8783517c7ebcb02b367e7f2503a376f0a9b4bdda2
189,512,5283cb9d6968ef464e7a0727cdbdd479ea7217ca8d3f528a18bdf462accf1547
190,512,2f468db79a61515a5ec791fa02757555010f4fa9ce57f59e388207716fb00bde
191,512,2692e46ab46ed432987a96a419ce1c78c102aad6676861a7fea57018e5914619
192,512,4592549aca96513bb78a431580cc20a5e152c0048376db4ee84b3780310ed0b6
193,512,4338782069db6f586abd657666a984e0a4cee8e431cce289d3f5f2affea9c92d
194,512,7b2d7a9dd76f3dde51eda5a68fc65d755f8eed9ec40a32347721d9818b4239f6
195,512,05be26134adaafc34e0990c3854ae9ba0adc1d98d5c1d25b31a137bfc9137731
196,512,3ce33550971a8cac0e38ea991a775d5df8ea2e59b25a0027cd37ef8c841637ba
197,512,58e7dd1d2824edf44cc4197dd0ca5636df277f1d244096167e0e9c2b764a3452
198,512,e9975e83f915817e8914158587a7d7b07478687390c3f6dc29d055a552d9b85c
199,512,214b72f9088c65ae96a34eb576c10736828a784c152e558735d720513c877425
200,512,ab7cfc39f5909e2e6ccc69cb74ae76d9052f451d1a839c847eb9f64c1926decd
201,512,d4223e3e4239ffc05de75dd03b6df19fae9074330b66bc7e00ec69728ae338b4
202,512,b592866632e29ca68f7b41152abf761ea4ad62fc0d3a0d8a6b0ec72ac1d7aed8
203,512,468e66bf941c50ec5eabba56803795039cae862194aedfaba0861500004a1edf
204,512,788e5b126aa4d8fea4cbf33081aaeba6cc3bef3472b6cb80878831db263f9573
205,512,c8505ad93cee01c33706bfc6767682829f6474edaa9012f709d23e8f1553aab4
206,512,30b46c9601abe86ab0a311cb5c2a5d465f35f6c9a3449bff1b63fbac60a147ef
207,512,6a0fe234410e2ed2ec05cd13dc25ac1d94f9932de591d3f783ae02a3e3c0f53d
208,512,24a0c24a66884c6271e676a2bf360dc1581294f90a34dc8624c86e7e3dddd482
209,512,b4a0967a4f14cd928d3679dc04aff09a87528d57d883d72e67bd1d237b4483ab
210,512,3483b796f2ed8146a0c64cce514725cf43850e7ff881e7ed13b46a393c315240
211,512,2684d1c1d568bfde7115f0c1b03cc7e1a98b630cc9669adfb59f766397ff1e23
212,512,b2c80df9338584b3c5c675b4506a5ae38134efb156fc0ece349a39f672715cb3
213,512,4e2e4003ef05a5e62229dd62727926344c9226d5bc3689732ccfd12d29e7abc8
214,512,8920b20929c5986b12b97c95c7ac37ef9a2fd72d13e0bd9f90a1bf661c825b8e
215,512,a4e22a8fb5c339df4211f89b2cd2bafecfe810bf9155f622c50ef530f48bc17a
216,512,4ea45e945a82d3d7329244a069dc7724b4f5aeece6650c51c7cf9240a9e26d27
217,512,f17cdd46132afff5615274ae93b0f147ce989360e7eda9e1fae1708d916c17f9
218,512,64f5b0aa0fbb64c6eaca8f4628d531d70b3ba586dd6de9569295d42533371dd8
219,512,43a6d0f75deaa10462238c28127e6ddf5fca2b16fef53c9d23b36e5bbc385a01
220,512,14b48cbd5335523280cc1f00e264839fd84735d36fa3e3f4c2a348ba0b022296
221,512,391ac5e974110741932119cb73f1d702352701a1eac5b03178f4713f5d949d50
222,512,a088a30e6e216d03318ebd45cfd7341aa708fda129b1465919251611b55132b4
223,512,1244560cf6c4bb2d60dc8056f5b7ec6c1ce1ac9f64b9394409ea46ce1d0539d6
224,512,190e5d7a22e972f6d3ef39645ed44e90f0c116c7f8864b169efc9b20dd865c9d
225,512,502baffa373282d593640c60b6234ed496e6c3ed1f7d57ab0963d68c97da1536
226,512,ccd9fb27dcc98b3cd8daedb31b21d5edd583983ca47bcda6880b099b59b0b3c8
227,512,c8421adf7caa2c9ca27d34336da07edf2e25c814a513e568ae0884a81c173305
228,512,7e02247ce79976faca604f964a51e044d1939abfb52d334651e31ec536db17a7
229,512,2af3f386f498a2624ce9cbbcf6a19b2da453cb50bcf644b64e82deeb56e2fdb3
230,512,2bb12c0240bf071c6482f4dc0e7c009cfdc978a401a10a06b9cb025e362b609f
231,512,5aa8aaee0fe42265d0937cdcf2925479432e2c1526aa09eefd099a0fd5aaa499
232,512,6edf7b9da9e1e644a846734113c8265b8bc9fa3800ca1da786d9e3c50b4d4ada
233,512,09d093cf3052b66843f4dbdab96202499facf5afe93f40df702bab12138fb819
234,512,c4f2fa938450e98993ff49bf02811d196ecafbdf95ea2355b055ebc11c17cc8c
235,512,a02885b1eca1edb3788d8941b1da8a245db1b9f11b70147f650cce8055f7e24e
236,512,36b226a5f2297e2cb5484d3c90bdb187f861f37494a7059c390ec9484ddb935a
237,512,ad296c524852c9f5ddd514ca9f208cbe5e6da87af62d671a7eabe7381b90d464
238,512,079bfb3030314b6a6671246dbd4f6ce1e9fb64d83507dde1ba931fafca5e5e53
239,512,0b64484fab88af30a91fb05c7c6c0780d4541c4bf68ee428f153e861362af2b6
240,512,a4355e387c700582d940090ac88299b4d70d86570cc7a204412e4b5442023d0f
241,512,8871e063d8237b6df7d16702d67803c10431818f6bfc8747d9bdb4b000c6a9fd
242,512,8cd0c2964d55b813e7865e74001277bebc4705dc407a38742883dc8d75f39032
243,512,5679bd9ca2278006faa000eedd4f4c4b2e4c5c0e9802a5863b51aa05415ad436
244,512,69d34a683aedace24397e3643bd90d997a1eb1ef499eb9538d2fdadd05b78ee0
245,512,d78cafbbd7a0147992ce4f74a72465c450b803730c08786e4d8732dd8f4cf4c3
246,512,d9d45beec6f6f11f8a780d64e4f429e774720660c4fdd695d43b8ef61b52b3e0
247,512,768bd1dd29dbc37dc66dc0967921e2b842d9c2d5ce72d18ed23a61970f96ca4b
248,512,b2d90c7bf8e03894b2ee5eb3137497af9303dcba2aea2d6faa4e75ecca61f89a
249,512,4db04f1b8983122aa964a883f732ef3080155ae21e1b7e2b11ba68f4802d8412
250,512,d52bcd6a2f9d1ae7bd757e8c5d46141c1809105e945acfcd9ffb76b9dac6d97b
251,512,a202ad065acf749720dac5bfd24b2669cbc8619dbb2f140760e4f7143d6f7223
252,512,82e556363ca0b250e95b15b9a757ae3a1fc1e7bd44f3a48b5774bf699d5f1d53
253,512,4c240f071971a4171c92bbf4bcc8e74fd483d582bafbb9ee4f7c25ea424e0e4f
254,512,4d2a953fd47efcbc72a1cc3bf2b2cbc93e68a6a091b773ea86dff75dee4cce46
255,512,104782ccf997aee375866d44742bac4f5aa283e1c61c7b5ed7a0b36c95c7d742
256,512,f606a9f79b6e234eeb0e3f7341d17b12d0e0056835231b40c24ea269586d5e69
257,512,6151e649d2c352740bc2f2a6f557efc4569c591f3bd04548681c00b994de8213
258,512,32155a3ae0b2e4816a412aa985ae70c3d161e5ee7102abf2bbd5bc3b259a6d5a
259,512,a0ba5c670120a240eb4900b2a5f71e168685381b7ef739913b96e814f5694dfe
260,512,f536741b96904fba4c4423e45ca738b4e052534aaa8c95eb874aaf68166ec62a
261,512,fb99a3abe0ace4562a37548b2e3ad510b3ddc0fe2d3182949b7edfb396ca4060
262,512,b2871a97a3a7c983be4bf31fabaadfb760d65ee71b757fae40799001cb35d075
263,512,11a0b8e8f177ca94859d68c7e50a69255dba9d169dad7f80fad3611696e60630
264,512,84b0f52bbee23b858693c6ea78245f475050824ddd9659013c4f34b5da451f9f
265,512,cf72fcf1d1081f41c9682956ff04ff1f8867ba2bce165615a7b723999c57e641
266,512,e0f5329a852ddb802053242a623cc61ebaa613a2abf3994b583634a83f209a2a
267,512,d6fd04661f13aeade4071307c312834545fad244ac358a1df460660fc5c6de85
268,512,2b7ff0d78011576e76dab9046d65a2fecb4242adde8f26fba287174227b24418
269,512,0591f9f9dd18f9cfe3e47ad1e1df06da1f2a53c20982c61a65f0f9e74f610b7b
270,512,109a1c0ec70621aa4cbb25c6c731bc3e52b5f28de3d623468ec5c01374a2e215
271,512,aa77f733c26863198e5aa1d300d3b7cae5f32b21b44099d8484b422ce919ce26
272,512,cd504c5b68d03dcec24743b3737bbd79ccad47900459de6878674b1a8f7de14e
273,512,c593e82bd296e45c368909d312ed485237b97fc8daddacaf45edf8d4ef2cea63
274,512,ad9f250d0e3f4d44d0926b110e6b3989c98013dfe7a255d4230bef045196ebc9
275,512,100235b03e2640d12cfec534c3f518f899451bf8ab25c176eb035c56200565fd
276,512,533f2be15903e4cf613d4bc147e7f07094baecc079db5a79e3c10b5cbfaab42a
277,512,cd8f1230405ec9069dd7024466a29e887be2734d6d971a6c2c14bd78e13b3bd0
278,512,e9882890a077ca7a6a32b0a1572cb5f08d2fb010cfa7e85cefa0df92cb4dbed5
279,512,8981cb813240191ff1ed98ace023282b802767a4f3a2c365133f36e8c4800dfb
280,512,c3d468cf8b4116b482122ab59ada74d52371394266390ad6bb7b30c63d437211
281,512,bc64fac79accca52c6f9df811bad5cf55ad83732d3f6155979e0df6620eafa36
282,512,c6d620b192e6ec938c21950bdab9df99424df06ea2bbf8469ad7a85df0581d6d
283,512,88268aa921a91f1f1115dfedc8eb07eef650f52b648be37a8290c587fdbf7545
284,512,037f2f49998be8ddd7ca53624eb2f152b21d30e526d71fcd802fc5bcee9140eb
285,512,d4f3348fe4dfc920f0ad2e3604b207b7f624e340c5faf1fc69161a8c87eabdb0
286,512,8c06a06842bcbd09670d0b32d6bced1f0618078be8ff64fa93dd853ea89d32bb
287,512,c6b614429b9ba411335d32224cd081fcf558e92c9295739d219dfbe6cbd51da6
288,512,ee1c7522f4337a68a8ceb5b5d46aed624965f4b1bf631c232d67b5b04d97c125
289,512,8f71a0cfde4b607e771d9cb9b1e53a8eaea4c8bec339e616ce3f60bf12a8a0f2
290,512,f67ab41b0e057c24636e4a23330e6fdb5c1da07d625d1c762ccff6209cf5087c
291,512,2d142c7d470eb854d474b13437f0e1b05fee36363fb8c52c2b1863f343b27e3c
292,512,f2a2d7081146c18e53c316871101a1d0d425e94140b2f0f432869455f3d07de2
293,512,9eaac3daadf0df851bc630bf20b26610c16bfbd4645174dcaf7e07945c34919c
294,512,ce2abb2d91d1de827e5bf5c94bf749db97405ad939898ec5488c3d124282590a
295,512,dd014c125808de07adbfd66cac87acf251f98d363cb75f7ae73cd835080fca27
296,512,f372a51acdb0453a8d64e8c8ed5cff75abed984f44f1c305f34520bbf9edf4f7
297,512,0f5d7e81309be0a0a2efc65a8a1abc9785a0be9c9555d1a8732477f5a0b579b6
298,512,4ab03d34549f10c8219d20c745560b515063552ba997c5b2efe3767f37f42c9a
299,512,471ddafdf4a9ad51f276f1172582cf0ca0a17e0b91ea8e7b203ea67efba52665
300,512,417dc5ba8dedc20a14d3fc7bbc86a5b1bcab9e4230144a89439454244ba93890
301,512,d42fce3772c77168c2e5357de99c066954f0912afd0a8320f843a0b771e02461
302,512,d4eeaaa0005f5a9c1fe7c3bb4c397bba84712455d27c0144257ac8d3863b14f9
303,512,0409c8f98cbecc5edd58dcf43d3afb962766e4409b667d1a65b0090fd747642c
304,512,f5dad0dc9edfcbde7c38e33345b8e646f6fe95a3401afff4aea7988f2915c796
305,512,3d497c747e07c81f078be73fd35087a38b4defdde80fb93199c28e60b9405948
306,512,4ee3765091bb90e7375622bbefa9017c0d36ee26f5e6627a515f1225109f3037
307,512,7cdec54c1fb3dcaa9d14db48c7967882c6851fc111a6c6713ab4badf92bd15bf
308,512,6809d0e5ae12400a630df3ebbbcce352ae06f06cd1030ca89a760ef792500bd6
309,512,c8bb06e8f7c748a2b5661144da1adb68b869fb42fd45620d51d88ab5b08f086c
310,512,fa99579789500d8ad9f331e3f430bb04c9b05456255f58dae1d82bc622c73bf6
311,512,3b12deee90ad2f33c3fb2ad8fda786a01a4aa025217b8845ba6fe3a77db4b5bf
312,512,8613650e9248f2606f477e8eeea6d77d4a178a2a42a9eea158ab5ffcbc8288f6
313,512,453f2a3bce78e2281784007c6a5a0c4ee4f972f885f21a88ce93d27be5ced173
314,512,37b999e632df39714c28d53fb78c4d4b669f74fee5774d97a16a56b4c5998483
315,512,675dafcd7c9b8e7811d45e7d10bc57b1f8f1758f303f0a565d1dd32c782419a9
316,512,4b012dde5fb160d9e7bbc44e6903d6b386757c69f6aa0ade2b580e455bdea0dc
317,512,a928bd3517424afcea68f2fe34bec21b5443df6f46cf562eaca604898122e8b9
318,512,adadf17476cebebf74bc9fbdb6f964065fa92e3b79084ee722e7945dd1cea084
319,512,90e5bb744558eaece727afcba6dba73b123d46e0fd43e812f808dfebb47ce69c
320,512,f6ff0dceb58a7e9d27d92fe97cc8efb449dd0089a3414386ae6fb8283bfde1d3
321,512,02070a1bc74cb6c86fe0084eced961b29b55bb4fcfe569e3d0c4912d8c598711
322,512,ed55288f00e4ddc2374f1761986734a82c9ef3321f99c2d2fa7b182f52a03545
323,512,427567d9655cbe17fff442e222060a34bfd68a34c7eddfb4b0c1d6588e8b913e
324,512,429ffe029f84ff12fecafb13258e7e3056d4200ff6fb67cca90fd55d9ec7665d
325,512,8183302350a509d396ccda16dcc67b00ff1ed8f58f5780ee8e236b6edb0eaa6c
326,512,3069e6b58f48ac352d7fe0a540cc3930547cbd3d07ea91bbe9d94af30aaac4b0
327,512,21464a8867d9ccfc3933753f71455235484f92ccf288c43db7f67a4000dbbef6
328,512,7617bedcacfeb601830ac26cb30a6cf4e17b513496bb7a8836613fd56aa3cf4a
329,512,9f85e34875830a7633f053ba8bd7b09c508de38351c23dbde80a72f68551920f
330,512,59357131d3ebffec21b4db2ef5f8eb1c0d9a2736f9170f9dbeb941d2867516c9
331,512,668911885f1e64c05df182c3cb144b593ac36022a1744b6fc848268913f48441
332,512,091bdc1e3c99c898fd7c6d2d9d18ec96eb526a5f607026ca924f8322ea9580b8
333,512,d1897626b28a30b4190c1cc214b99d5ea1d7d2f56124e5b6f05d08d83fc80395
334,512,87297b4e14374cc109fa56065554e419e2fd59949fd71d1063ccbe223d584200
335,512,8b02a6e33698083dedd0bf4f4d86443a83d1d29c0cf9c884d1fab684ed2a6d08
336,512,8dccc27c488b87bacdf25a4c4407a43c49806cb7294caf2eef2101c20f6d00b4
337,512,f65d947807c87282c0b03a91dd1797f8153995c0a83c6428eecd872cfcab6470
338,512,1f5ce458073ec307655ac27bfc56f25215b15a8929b5b931396a116abe8f6f26
339,512,e5420ca49dd4924c2cf4cca1db55c29af21db4ad2453429bb38886c50d758ccb
340,512,3d371f39850f5734e97fb7396d2b2ee2e796277d589cfb2777780bdf2dfe2060
341,512,329b3d920a3324eb90d1e7f766b21c03d3a64ebe13d0121c5fb6a5631b5f40be
342,512,95c29bc8ffc88c289536524cdb9c13b176aafb1625926f30ac353f7bf3184c25
343,512,03a4ed1f9bb0593f50f6a7b5e2e5c30ac15bb32ff028121c33521b9f518b2127
344,512,91a8f00253b86f40c40585952e126f88907c6c2a7c6f57e57fbb40a20df7c05c
345,512,77bd35dd64c77e096da78264427aa453c7a770b23f451ad3b83d0c964d758e34
346,512,c73fa20fc5ecf8e0d2bbc5176b983eae259f4b0ae614bdc985c7cbc6d13b57e6
347,512,fa2cfcc366df1571950f1ba6ea1d72ce231a3bba95404bd66da15c50feb2ee9c
348,512,4dd5f8012bcffc388004ce175a5de38414cf6ba2b8f8c810b05e4a62ccbd28da
349,512,ad4b9ae8d1b15c7707aa40664791a094fea57f98d2ba9d98b70294b51ade13c0
350,512,181990e3b50d5c0f9c3abc0a467d57e202105bcbb0ada7a543b2b4f9d5288a9c
351,512,54789d81c14410e5302f3a3a967e01f566aca6440c88f0f069453d6a6ac757c4
352,512,723b4ea87129da6c4e6373bcc5d1a84d9448f9d5892b5336b07531d8d656ca69
353,512,245c8c78c572b628f324ea65f607aedd9026e1f4ec6fb6f7765e512d65946e3e
354,512,dd1f3aa9491d0703520dd4f4d039be5ae780af77a2f3e85f01326cadce9e8528
355,512,eb5ff2ee4be87c143000e146feff1f402092457b5f60d0251758830697501cc9
356,512,83d5e75c6b05b0883045c3360b254f02bfc9452446928099f67de9200119b821
357,512,5c7a8ba7b624433f1198da9e6fdf4a53db679d0d2f95604ffe15d587892a7241
358,512,0485a60b7de7ea69255549e7f666d7324210fd91767bb35b5e0feb21c9573f81
359,512,d350ea5e4d3e42eece1c26297075ada9174a8e69456502089a4dfc66642d87a9
360,512,d04c4c880f3a6676ceacb225530dbe1795756dcb3f6a93f158171e9e32ea01a2
361,512,5721cb9c58d759192affb3e5cf6070700507f2ce67220abc1675c5458fc032bd
362,512,9bd4e6b4910530bea7ea706ef559b2f94007268d71fdc4629400791bafad613f
363,512,f1759ff566ff8742e3611da8b8fffa1db9a61b602658740ccfd8440228aa5b29
364,512,e23c09f5513a5d490ca6f14cda2b463b5360af316cf7fd2f34f170f1b1c989af
365,512,310d6032d67b4242bf45704b9eb1107f37c3dde0be482134c0c0931720e2af9e
366,512,b45f1a4581552008dc48554fd70dbffa2c7b7ace4e98225950c1f6c7a4e82573
367,512,1da5c7e3da5cc1ce76016b9be8dfc2948231f3a09362bb0c4228e3c029b10d08
368,512,837fdbb3c1d1df677e94b6f36dde1c61a96183627a037b7fcb4fc5b3fcfc8a7b
369,512,26a13d39a600f8b340315ebd42a9c5a981a47431407c0cf8a4cd873d7e9259c0
370,512,376f4948108e6c2d3e75e915c646c667d8345de86c6f8949bc59927d1c19087d
371,512,3f8a15ef2614947614b3194c8e9368e7837e5bc1b682fa3594f5c6a0277bae85
372,512,f0d0d2eaad01ac80f08858667447e81a5a0dcceb75dcff635675f1ce1f54c8eb
373,512,c0e4bce62b7fc58e02d6c0288e43161c52a884faba51409aa9d9c9d146e0a312
374,512,11d72483979fc8f24cb1ff6e0790e421cd3acb072da15619d65bd7e11c79df4a
375,512,ab8bfc12737eedc6b55b682ff7b141cb435aebe626f910cc5783e1be51544a9c
376,512,1c58b376d6462a5d8d1f9f0e811e969c769501d12e152e0c8b44edc3d57cec0e
377,512,af34acb341d8d4e1c26fe6f854c9302e5536f52ba61237a97a3370b14b728cfa
378,512,ff517edaf378f14a3d284ac5ab43e4551b75b8ca8a964db2951c436cd0986356
379,512,a9ade48b8ab39e820de5dfa66657533b1bdf5296deaffd8541e69412d0b57dcd
380,512,b30d87ad8663574ea517cd27f7753c9fb07b0f88b17f6b82c5d76769de67a25a
381,512,5fb2ea7034007501fa5258ef8b139608bee1a255afd2101b32db52c60076867b
382,512,ea156817505f3b9dc09de37b7fd8c6bf7ef3b41ebbb8b2e6f447e0d4ee19f908
383,512,129c92466a9b4b69637c4697c7c97b9ac81364e5dff5caba682604fc60437a8c
384,512,0d120ce24b150a187204ffc1dffc6b0cfd5832ada02779f0b3a99c5d144cdfe5
385,512,0d4f5c34a55722b84e101f506b9ad8e10b9eb4c680862e0a7735158bf8e5aa79
386,512,27dda363f14e3a38f389a007703770ea362fcd0ae86d29a67a633a79c9bda0b6
387,512,6f6f9fa647cd685a749687c4a5bbc7490dbd4a64b1920ac99d8f3f43c067ca00
388,512,04e9fbbd876100bd2052c87a5f2fae89bfcd6cee0d0a109513e001759d810e6f
389,512,01b3917a3085cf5a5ce02b862a473ff0cb1022987f1a0b8f35ccab2fd755c2e7
390,512,848c1de1dad5772f62954df17f21ca309af8b1dc8bf7ac977b8b12e0ea226858
391,512,3adcb25789a992d3be4f6605c864c3fb816e83716c86b5e1ac18650cfb407666
392,512,866fe63d5e3e324d264c17ab16e68a8341b83bd1fd7427919ebe9cda5a8c941f
393,512,07b2864f6b454e296b5e4eaa231a5eec6da0330ccd4acdfa806681b743e876dc
394,512,c25c84d60afadde427a9b95cdb7737db49269dc9b18b24252d3d640f9d5eea7d
395,512,0143274e2285c479bb7d38c74c0acc88815b052b76f5a99414d59b2b73b1ffe9
396,512,95d8227d9b72239416493bdbdb9aa089b7452d8953029779c6940984bb706cc8
397,512,76346b914b705c5c57b1d8d8217050341f2f6474b413742b30b6cbfb0a2b23c2
398,512,15a9c37f1be916917d1c8f8c6ec2ce4c48984a432a7a0cd54370cfc067942009
399,512,9326578d2e928c3e05fcb1c3309057e7c8db8d4e1e1a947011cabc8428645b4a
400,512,faf3aac4ddb54485038307ce81a380e7fb0908a050fed0a276e50f82963c3cad
401,512,bc84f6da6f08ec2192f0d2207e5f0fab76c60a0dc44f4f55227dd2e160099d91
402,512,b0cfd9d5403dfb6e7e0422bd02e76f20c55f9b5a0c6a030818701c7d33df2d0e
403,512,c20bc8eae43bbd66327658c7bc0976521ca85db278831809bd07b5f3c20f1a97
404,512,ebf011d200bc119b11d378a0f732816cd63e2c3532e3828a142bdb8c20ac8975
405,512,67ccdb4ad065558ff5a756e9bb9636dcd6483df2d60ff4f57631e485ab818963
406,512,918490ecb1a5aa02b1b3c48114d6e77bdcfd043f060712c687748594d031e5cf
407,512,523ef26a43b9daaaf239b0d504f25eb8cb11ec96cf9ac9480fd8eade61211cbc
408,512,b8ee3ace42b2f657e7d0186f35df264e68ce1c49e6e46274c3e90a13631be15d
409,512,75d2b4200108d97772d46eabf041de773401dffa0f4f68c59fd7b444a8e407e8
410,512,6dfb2c1949ab4da4c50d628cb30621e0c037e61537635c08e5856728c2f9eabb
411,512,5507ae1921daf4c0a37b179e3171703e68ab2d07f190c555c965a2356b88b86b
412,512,d760628051b6a635e97fa23d8b42b584bd12361171b6298b4aa62326808df343
413,512,d7fe14df0270a2574134153fd53b20d5b9fd76af90ce700e78c2908e918ea0b2
414,512,86bab486c553736af5608162cda941a8580883ad9bb7b7a9583fe29d59c4cbbd
415,512,6ce502f416733df3431cdd94d0072a9a4513eb459f927aa00d90e68f6fae4ead
416,512,537aba4b9ca12c555f262d0a99f4a9cfe151a771f8df0bf9753c31afe3d19790
417,512,d7ac69c6c6d7219345078cf8e4f03010f74821ed342ad945e40ab6fed7291767
418,512,1a53d6aaf0216e6bce6ae43c23fb987cf492f4a0a82406aae23d5f9b7e5db6da
419,512,ab896d75f879c547965efab2fcffc6f3a6051bebbee09d81a21dac9046dcb545
420,512,93901a7495b14a9c4a061057590984ca6e065317d1410f0a2fa60426ea512794
421,512,b734091053f41857680f00da5d2ded868cdaeabb3bcb6136842ec09504730ccc
422,512,49969c03aece5226c76a568e37e9106ce953dd8dc4874d1c5539235e0de09d9b
423,512,f3afb195f269b2055424b4d986d6d7828123ef539aa81e229b988d67e6d68e3e
424,512,411767433b51fb669ae97899f33b4c4aa99604da1e9a363b2225023d59a1fc73
425,512,0e26d8fe9a1a88f91f803f208ddf4c16fc798144066c2fe2ff9bdcd36482467e
426,512,39238d2494145e235168cfd54f6161db628f536fdcf538602ace2b880e2c4404
427,512,69a3b3849b4b4c383216a2b0a28c95b786e5bda36b4aa5ab8b7c8e41360db43a
428,512,bd5b3c8d5703ce402321ad6963048f62c7df2e28cc6df1928ca7f6b0952868dc
429,512,590918d41d737295b313f8a5591b065faf158088ccaf63b0e37acd1239356384
430,512,29327c1337e191be32cf831d87d4a8976057f58b48fb8ec6ecf63935dbe02ad3
431,512,ba5911c9d8f5cf05718fc33fad302c088b3fd76e079d7f0cabefe3f82110b8e6
432,512,4998a7017b2cab4c2c3ca945c3e4b76f6db12bbd7c9460c69e1791b720218298
433,512,89f306fcdcb8584af3f814a09c2fc89b94e21506984ccc80d1ae4dd2077b1353
434,512,511e48c86963ab596d3d8eac614446d733129aae6c13e0bc8fc45b9505818517
435,512,c223ed9d9fec79dc3932254766d11063b037261e31ba331d1f854c42bc498906
436,512,dca672fab11aa269b547be4382dc5509a8ca6602a0dd94df3b7a29bba4feb2c4
437,512,1d7c180332b41424473b28b6f13f66228227a6095c3576ff33881b4b17c03738
438,512,f848e358b9715ab91879d00259ee46613e0a87750331910d2b10fc1e068eab55
439,512,d3394cc62f633ae324a819d33e63c483ad9b8d52694eed93521e9aa6e28b8e82
440,512,c590dfcf4a09f8e0cead2e31c26b57f13a9f3f4ce90314c3ac066c21a98ae319
441,512,b061c03d37324305e62b227744c2e41f486690849d85606f18dbf7fe2d507c7a
442,512,062e6a10b321dd306d6abc24ca0dd059505abb7fdce6b3f2b55486395200808f
443,512,1475925be7a9e9155e6cd41f0e764dbdbc3ad38443a50e3ed9dd6014b19132e1
444,512,5f9ed416ab4d598c92927b8b648f537e98129808171f31517cc5d11877ac6f09
445,512,9a9fd56cb37ec0024b22adb54914f7d370f4e40547362a7d35a8a036a92b866d
446,512,8bfedf20b377691f0690cd6d214ef5430b294c95ca635ce916ee9bd34bcede68
447,512,df22ce94d4616f5879c6fa1c9816cff00299897ed5cf85cd22406dbfb5ebb4df
448,512,490215d9d9d97f564a114150bfcc85a002b72d71aa7913194f73abe8ee837cef
449,512,dee44afbe8567aade74a43bc3483c0947d0bb1684c4ea7dd5b563b8984406d9a
450,512,c00007bfcc70f68826a0258ff3e9460753a381b89febc836ff651eb663a3d779
451,512,0a66ba04a4b3db488ac712caa16031569405c1fa36607625476dc7ec41da239f
452,512,4fff1d74ee68570e9eeae57729e9482c0f91587769e70f3a30d0cd91a1ccb789
453,512,443931cecc10de405ae83470f07b4d43f5217a3fbadbca9addbd99ec81e37a91
454,512,c2037b35fe08eda05d9f5d32fe903ba911b0c3727e6f1ef7744f5998e5a33130
455,512,46a69fc2525d44309205031aa79ddedf477d07f15b58b91f96128f6a0b85925c
456,512,839da4be06760d222f8eb7a37da4fd63d04df91030929dca0254c6d30fc3fd75
457,512,0c62c151c7dedc414cf9977f9e4190fec886f8f7a4730cb2e7efcb8dfd4ac90b
458,512,e2a2c916a99dfdc360be8ed8c12385386871f6fbfc18c5bd223bdf525a56490d
459,512,4e9081115829f6fa8e3fded15acdff202981c66e12d7cd8c1ad2e4d17bab75e8
460,512,a31cc979836d22cc0e0ce7c8267b621017e8f2f19794b1dc4928830b602d4580
461,512,c92d358856c91b19279d77e47ec04a6a7e0d4596e7f0877e1dd66cf076e5a6ca
462,512,d1ba32f55563ec1c524bf973883c974edbee482fe38bd391e0aeec074a8b0d03
463,512,6e5bd218098b3db30da84d8f955ad571397684e5ab583a9194add9472431fbed
464,512,2c898bddc050dd684c9a827f9f06f16a666710df4098518f8c614719373f0c1c
465,512,cb00f6b433e97336e55aa931c808585cb030bf695af2cc60ef73b0b29ceac208
466,512,1caa12b2a25b69ae2f1e3b1141d75265099d344ca3de2faed7b90fcaef7f41be
467,512,d7f1ee5f2c4e9bd1c228c300df197c98032ca70c5406c4e00e195085bd0d1acb
468,512,d34bf687849398cd26b3fd9cc00c32ce27b47b618d96bf679f03fc4b500c0e04
469,512,a9f4ad3699fb3c339dae71ef8a8a291f8d92a0d7f7cf7c5625e0d6a33d0ee9af
470,512,514b20a9fbdbd22a521d9d3b5d61c3da56de52cc21cb66863c87f3404108b70f
471,512,c601f339db41368251b364947c0f53e310ae87696c4c134b1282f1ae4825b1cc
472,512,4d4231ce13f25161a13a7abc4bab13d4b9305754e875c9e11710be12b39b8e68
473,512,0aaa4665bd8322f8542b6c1a183b0ebd9ff2c397a3863c357b0e94c1ddae91ae
474,512,0fd4eac52fc579fee9470ba0a884a4d927cec1df3cd15f4bf134ae458a94a4a6
475,512,31fc5be3b44959ff25aff45e4737480182e3c162fa8e51411c13a20948cec8b6
476,512,b0078c885c6ef285caf975cd9eef3517ff4732b23a6051cd7d8ba793aff870b3
477,512,66d696f3fcfc7e8d96d2cf9d841fe48a6a423e1d94cca4e37eadadcc7f008be8
478,512,7a63ac78f6ba8a3d02f6a0ad18522caf2ac97c2675e99204ad168d59e3b25f8d
479,512,0f56ee1d99238561f97c18ef2ad33e7e381514d8488ebc877e5f3c86a017292b
480,512,afb98f0896665954f960d0745b32c96bd669dbb3885ab7d1011b821bdde139a3
481,512,1c86143b56da3d681d2babbeedcfc0f2b99f0dbd8cd147f525684e62475d3db2
482,512,8040ad95edcd1dfd40f3038b71f07889d08e7b69773c07f4fe4ae8a91371082d
483,512,828c4c9e6efded9840dc75ebea6a79f98d456bc9c47b910a942e5db79de7b43c
484,512,1a59c967727dfba99cb509543bc2c9ae9d6834bfe1af7f2971bd2e5887fe3327
485,512,92ad31d55ea94c88200de01c708287454cd838ac7e6fa44e5dc234965b0bc8b2
486,512,8391a8bc47b423af9439d0ac6ad6de8a3797105484738b463f00f83b45e6c45f
487,512,2b09df9bf735adbad80e6ae5ba3e030af6bcc456feb3bbe3e1edf8fed378a036
488,512,89be5b665f9a997885b2c37fd500ab1edb121e1c619fcb5661084b2021f44224
489,512,a5640227f0f82ef8ccca4a449beb7698aa8581fbaaceda098e97aac81e913330
490,512,410baade827c175eec2d3d851a40d326748861a3b4fb8a0883a0176aa1133b21
491,512,be6ead1bdb150e53757fd1e41b517cf64032a4e1a5383365738a7c62dd46284e
492,512,a26606dc0d9a61b0cd654ac7db2bfcb5c3215d0cc6566d7de3a94e770d5dafd2
493,512,33990c85eb855b8cae29291e3bf7339e70223cbbe8587008bd5331eb87580335
494,512,31a80b85b57d97836c4667cebcee4cdd4cbfccc1b786bd0da4c66ee1b2333a09
495,512,76ca06720cd7280fe93a5e696d1ee66d4dc690aa541b190bdbdff94294247e42
496,512,83fc22c53595261ea7846db4b6561503dde1405b1c017183198861111d8416bd
497,512,4a171610d4b302e0b37fff2bab70b89bfd38610485b5eba3c72f2463bb1791af
498,512,79b7fe20ac03439cc7da84ce2f8f16b7cbe4b28acb4c998b55ca229c7d4c4833
499,512,523f8d3060f62ee562a88782280095283b51afc161036956994a829e6195d45e
500,512,bef0a66413151bba8d4c031122ece746b087454727f6c2e40077962985a3e5c4
501,512,38689f5141e9096a2adbb2efc00c93865ecb80d0d0614c016a2722ab6224a7dc
502,512,b9452bc693c7902b8b9bddb8118788a55e150b63a7fdfc69cc0f240208850fb2
503,512,1080b3c37806cc9f265c226d1e7e93bdd200cec124da1ca7537ae4bfa8235d6a
504,512,ec7555c1602f0c2189607c6a3f6eca2e2f9ce2f65e4c85fb395f21ecc5103d0f
505,512,6a25f50e3a5d4f961610024462015a0b4f422b8468b93ec8f146d488f72ee37d
506,512,7ee8ce57bb39f4c44af5fc6fcd9fab8dc061140c8ecc12b8b8acd6587db2f74a
507,512,d7d16b6f143cfaffedca13215c4bc417e2d4939c8565f2bd60e4ba87b5f1e39c
508,512,47046df1361055f64b4a79ae9cfe0215c6bac4369d0e56032d702fb9f0c11f82
509,512,77e9f8c6a2005c198d87410ff03ad34dc1d830b7c03d4055f4731751f4c11b3f
510,512,e15cc430a317303169497342fc97147a3dd20029d6d075db0f3e0543157787a0
511,512,963af7635dfb3b04764aeb7abb77d2fdd01bedbb0ed9839da99a40304ff6db8b
