epoch,field,rows,observed,missing,recovered,unresolved
E0,tree.id,116227,116227,0,0,0
E0,sp,116227,116227,0,0,0
E0,dbh,116227,116227,0,0,0
E0,gx,116227,116227,0,0,0
E0,gy,116227,116227,0,0,0
E0,quadrat,116227,116227,0,0,0
E0,exact.date,116227,116227,0,0,0
E0,df.status,116227,116227,0,0,0
E1,tree.id,123218,123218,0,0,0
E1,sp,123218,123218,0,0,0
E1,dbh,123218,61233,61985,0,61985
E1,gx,123218,85641,37577,37577,0
E1,gy,123218,85641,37577,37577,0
E1,quadrat,123218,85641,37577,37577,0
E1,exact.date,123218,85641,37577,0,37577
E1,df.status,123218,123218,0,0,0
