world,suite,structure_level,regeneration_level,pressure_level,recovery_level,replicate,truth_mass,truth_reserve,truth_present,truth_health,truth_mc_status,truth_lower,truth_upper,estimate_mass,estimate_lower,estimate_upper,estimate_reserve,estimate_health_probability
0,correct,0,0,0,0,0,0.0,0.0,False,False,FALSE,0.0,0.001225032169218979,0.0,0.0,0.0,0.0,0.0
1,correct,0,0,0,0,1,0.0,0.0,False,False,FALSE,0.0,0.001225032169218979,0.0,0.0,0.0,0.0,0.0
2,correct,0,0,0,0,2,0.0,0.0,False,False,FALSE,0.0,0.001225032169218979,0.0,0.0,0.0,0.0,0.0
3,correct,0,0,0,0,3,0.0,0.0,False,False,FALSE,0.0,0.001225032169218979,0.0,0.0,0.0,0.0,0.0
4,correct,0,0,0,1,0,0.0,0.0,False,False,FALSE,0.0,0.001225032169218979,0.0,0.0,0.0,0.0,0.0
5,correct,0,0,0,1,1,0.0,0.0,False,False,FALSE,0.0,0.001225032169218979,0.0,0.0,0.0,0.0,0.0
6,correct,0,0,0,1,2,0.0,0.0,False,False,FALSE,0.0,0.001225032169218979,0.0,0.0,0.0,0.0,0.0
7,correct,0,0,0,1,3,0.0,0.0,False,False,FALSE,0.0,0.001225032169218979,0.0,0.0,0.0,0.0,0.0
8,correct,0,0,0,2,0,0.0,0.0,False,False,FALSE,0.0,0.001225032169218979,0.0,0.0,0.0,0.0,0.0
9,correct,0,0,0,2,1,0.0,0.0,False,False,FALSE,0.0,0.001225032169218979,0.0,0.0,0.0,0.0,0.0
10,correct,0,0,0,2,2,0.0,0.0,False,False,FALSE,0.0,0.001225032169218979,0.0,0.0,0.0,0.0,0.0
11,correct,0,0,0,2,3,0.0,0.0,False,False,FALSE,0.0,0.001225032169218979,0.0,0.0,0.0,0.0,0.0
12,correct,0,0,1,0,0,0.0,0.0,False,False,FALSE,0.0,0.001225032169218979,0.0,0.0,0.0,0.0,0.0
13,correct,0,0,1,0,1,0.0,0.0,False,False,FALSE,0.0,0.001225032169218979,0.0,0.0,0.0,0.0,0.0
14,correct,0,0,1,0,2,0.0,0.0,False,False,FALSE,0.0,0.001225032169218979,0.0,0.0,0.0,0.0,0.0
15,correct,0,0,1,0,3,0.0,0.0,False,False,FALSE,0.0,0.001225032169218979,0.0,0.0,0.0,0.0,0.0
16,correct,0,0,1,1,0,0.0,0.0,False,False,FALSE,0.0,0.001225032169218979,0.0,0.0,0.0,0.0,0.0
17,correct,0,0,1,1,1,0.0,0.0,False,False,FALSE,0.0,0.001225032169218979,0.0,0.0,0.0,0.0,0.0
18,correct,0,0,1,1,2,0.0,0.0,False,False,FALSE,0.0,0.001225032169218979,0.0,0.0,0.0,0.0,0.0
19,correct,0,0,1,1,3,0.0,0.0,False,False,FALSE,0.0,0.001225032169218979,0.0,0.0,0.0,0.0,0.0
20,correct,0,0,1,2,0,0.0,0.0,False,False,FALSE,0.0,0.001225032169218979,0.0,0.0,0.0,0.0,0.0
21,correct,0,0,1,2,1,0.0,0.0,False,False,FALSE,0.0,0.001225032169218979,0.0,0.0,0.0,0.0,0.0
22,correct,0,0,1,2,2,0.0,0.0,False,False,FALSE,0.0,0.001225032169218979,0.0,0.0,0.0,0.0,0.0
23,correct,0,0,1,2,3,0.0,0.0,False,False,FALSE,0.0,0.001225032169218979,0.0,0.0,0.0,0.0,0.0
24,correct,0,0,2,0,0,0.0,0.0,False,False,FALSE,0.0,0.001225032169218979,0.0,0.0,0.0,0.0,0.0
25,correct,0,0,2,0,1,0.0,0.0,False,False,FALSE,0.0,0.001225032169218979,0.0,0.0,0.0,0.0,0.0
26,correct,0,0,2,0,2,0.0,0.0,False,False,FALSE,0.0,0.001225032169218979,0.0,0.0,0.0,0.0,0.0
27,correct,0,0,2,0,3,0.0,0.0,False,False,FALSE,0.0,0.001225032169218979,0.0,0.0,0.0,0.0,0.0
28,correct,0,0,2,1,0,0.0,0.0,False,False,FALSE,0.0,0.001225032169218979,0.0,0.0,0.0,0.0,0.0
29,correct,0,0,2,1,1,0.0,0.0,False,False,FALSE,0.0,0.001225032169218979,0.0,0.0,0.0,0.0,0.0
30,correct,0,0,2,1,2,0.0,0.0,False,False,FALSE,0.0,0.001225032169218979,0.0,0.0,0.0,0.0,0.0
31,correct,0,0,2,1,3,0.0,0.0,False,False,FALSE,0.0,0.001225032169218979,0.0,0.0,0.0,0.0,0.0
32,correct,0,0,2,2,0,0.0,0.0,False,False,FALSE,0.0,0.001225032169218979,0.0,0.0,0.0,0.0,0.0
33,correct,0,0,2,2,1,0.0,0.0,False,False,FALSE,0.0,0.001225032169218979,0.0,0.0,0.0,0.0,0.0
34,correct,0,0,2,2,2,0.0,0.0,False,False,FALSE,0.0,0.001225032169218979,0.0,0.0,0.0,0.0,0.0
35,correct,0,0,2,2,3,0.0,0.0,False,False,FALSE,0.0,0.001225032169218979,0.0,0.0,0.0,0.0,0.0
36,correct,0,1,0,0,0,0.0,0.0,False,False,FALSE,0.0,0.001225032169218979,0.0,0.0,0.0,0.0,0.0
37,correct,0,1,0,0,1,0.0,0.0,False,False,FALSE,0.0,0.001225032169218979,0.0,0.0,0.0,0.0,0.0
38,correct,0,1,0,0,2,0.0,0.0,False,False,FALSE,0.0,0.001225032169218979,0.0,0.0,0.0,0.0,0.0
39,correct,0,1,0,0,3,0.0,0.0,False,False,FALSE,0.0,0.001225032169218979,0.0,0.0,0.0,0.0,0.0
40,correct,0,1,0,1,0,0.0,0.0,False,False,FALSE,0.0,0.001225032169218979,0.0,0.0,0.0,0.0,0.0
41,correct,0,1,0,1,1,0.0,0.0,False,False,FALSE,0.0,0.001225032169218979,0.0,0.0,0.0,0.0,0.0
42,correct,0,1,0,1,2,0.0,0.0,False,False,FALSE,0.0,0.001225032169218979,0.0,0.0,0.0,0.0,0.0
43,correct,0,1,0,1,3,0.0,0.0,False,False,FALSE,0.0,0.001225032169218979,0.0,0.0,0.0,0.0,0.0
44,correct,0,1,0,2,0,0.0,0.0,False,False,FALSE,0.0,0.001225032169218979,0.0,0.0,0.0,0.0,0.0
45,correct,0,1,0,2,1,0.0,0.0,False,False,FALSE,0.0,0.001225032169218979,0.0,0.0,0.0,0.0,0.0
46,correct,0,1,0,2,2,0.0,0.0,False,False,FALSE,0.0,0.001225032169218979,0.0,0.0,0.0,0.0,0.0
47,correct,0,1,0,2,3,0.0,0.0,False,False,FALSE,0.0,0.001225032169218979,0.0,0.0,0.0,0.0,0.0
48,correct,0,1,1,0,0,0.0,0.0,False,False,FALSE,0.0,0.001225032169218979,0.0,0.0,0.0,0.0,0.0
49,correct,0,1,1,0,1,0.0,0.0,False,False,FALSE,0.0,0.001225032169218979,0.0,0.0,0.0,0.0,0.0
50,correct,0,1,1,0,2,0.0,0.0,False,False,FALSE,0.0,0.001225032169218979,0.0,0.0,0.0,0.0,0.0
51,correct,0,1,1,0,3,0.0,0.0,False,False,FALSE,0.0,0.001225032169218979,0.0,0.0,0.0,0.0,0.0
52,correct,0,1,1,1,0,0.0,0.0,False,False,FALSE,0.0,0.001225032169218979,0.0,0.0,0.0,0.0,0.0
53,correct,0,1,1,1,1,0.0,0.0,False,False,FALSE,0.0,0.001225032169218979,0.0,0.0,0.0,0.0,0.0
54,correct,0,1,1,1,2,0.0,0.0,False,False,FALSE,0.0,0.001225032169218979,0.0,0.0,0.0,0.0,0.0
55,correct,0,1,1,1,3,0.0,0.0,False,False,FALSE,0.0,0.001225032169218979,0.0,0.0,0.0,0.0,0.0
56,correct,0,1,1,2,0,0.0,0.0,False,False,FALSE,0.0,0.001225032169218979,0.0,0.0,0.0,0.0,0.0
57,correct,0,1,1,2,1,0.0,0.0,False,False,FALSE,0.0,0.001225032169218979,0.0,0.0,0.0,0.0,0.0
58,correct,0,1,1,2,2,0.0,0.0,False,False,FALSE,0.0,0.001225032169218979,0.0,0.0,0.0,0.0,0.0
59,correct,0,1,1,2,3,0.0,0.0,False,False,FALSE,0.0,0.001225032169218979,0.0,0.0,0.0,0.0,0.0
60,correct,0,1,2,0,0,0.0,0.0,False,False,FALSE,0.0,0.001225032169218979,0.0,0.0,0.0,0.0,0.0
61,correct,0,1,2,0,1,0.0,0.0,False,False,FALSE,0.0,0.001225032169218979,0.0,0.0,0.0,0.0,0.0
62,correct,0,1,2,0,2,0.0,0.0,False,False,FALSE,0.0,0.001225032169218979,0.0,0.0,0.0,0.0,0.0
63,correct,0,1,2,0,3,0.0,0.0,False,False,FALSE,0.0,0.001225032169218979,0.0,0.0,0.0,0.0,0.0
64,correct,0,1,2,1,0,0.0,0.0,False,False,FALSE,0.0,0.001225032169218979,0.0,0.0,0.0,0.0,0.0
65,correct,0,1,2,1,1,0.0,0.0,False,False,FALSE,0.0,0.001225032169218979,0.0,0.0,0.0,0.0,0.0
66,correct,0,1,2,1,2,0.0,0.0,False,False,FALSE,0.0,0.001225032169218979,0.0,0.0,0.0,0.0,0.0
67,correct,0,1,2,1,3,0.0,0.0,False,False,FALSE,0.0,0.001225032169218979,0.0,0.0,0.0,0.0,0.0
68,correct,0,1,2,2,0,0.0,0.0,False,False,FALSE,0.0,0.001225032169218979,0.0,0.0,0.0,0.0,0.0
69,correct,0,1,2,2,1,0.0,0.0,False,False,FALSE,0.0,0.001225032169218979,0.0,0.0,0.0,0.0,0.0
70,correct,0,1,2,2,2,0.0,0.0,False,False,FALSE,0.0,0.001225032169218979,0.0,0.0,0.0,0.0,0.0
71,correct,0,1,2,2,3,0.0,0.0,False,False,FALSE,0.0,0.001225032169218979,0.0,0.0,0.0,0.0,0.0
72,correct,0,2,0,0,0,0.0,0.0,False,False,FALSE,0.0,0.001225032169218979,0.0,0.0,0.0,0.0,0.0
73,correct,0,2,0,0,1,0.0,0.0,False,False,FALSE,0.0,0.001225032169218979,0.0,0.0,0.0,0.0,0.0
74,correct,0,2,0,0,2,0.0,0.0,False,False,FALSE,0.0,0.001225032169218979,0.0,0.0,0.0,0.0,0.0
75,correct,0,2,0,0,3,0.0,0.0,False,False,FALSE,0.0,0.001225032169218979,0.0,0.0,0.0,0.0,0.0
76,correct,0,2,0,1,0,0.0,0.0,False,False,FALSE,0.0,0.001225032169218979,0.0,0.0,0.0,0.0,0.0
77,correct,0,2,0,1,1,0.0,0.0,False,False,FALSE,0.0,0.001225032169218979,0.0,0.0,0.0,0.0,0.0
78,correct,0,2,0,1,2,0.0,0.0,False,False,FALSE,0.0,0.001225032169218979,0.0,0.0,0.0,0.0,0.0
79,correct,0,2,0,1,3,0.0,0.0,False,False,FALSE,0.0,0.001225032169218979,0.0,0.0,0.0,0.0,0.0
80,correct,0,2,0,2,0,0.0,0.0,False,False,FALSE,0.0,0.001225032169218979,0.0,0.0,0.0,0.0,0.0
81,correct,0,2,0,2,1,0.0,0.0,False,False,FALSE,0.0,0.001225032169218979,0.0,0.0,0.0,0.0,0.0
82,correct,0,2,0,2,2,0.0,0.0,False,False,FALSE,0.0,0.001225032169218979,0.0,0.0,0.0,0.0,0.0
83,correct,0,2,0,2,3,0.0,0.0,False,False,FALSE,0.0,0.001225032169218979,0.0,0.0,0.0,0.0,0.0
84,correct,0,2,1,0,0,0.0,0.0,False,False,FALSE,0.0,0.001225032169218979,0.0,0.0,0.0,0.0,0.0
85,correct,0,2,1,0,1,0.0,0.0,False,False,FALSE,0.0,0.001225032169218979,0.0,0.0,0.0,0.0,0.0
86,correct,0,2,1,0,2,0.0,0.0,False,False,FALSE,0.0,0.001225032169218979,0.0,0.0,0.0,0.0,0.0
87,correct,0,2,1,0,3,0.0,0.0,False,False,FALSE,0.0,0.001225032169218979,0.0,0.0,0.0,0.0,0.0
88,correct,0,2,1,1,0,0.0,0.0,False,False,FALSE,0.0,0.001225032169218979,0.0,0.0,0.0,0.0,0.0
89,correct,0,2,1,1,1,0.0,0.0,False,False,FALSE,0.0,0.001225032169218979,0.0,0.0,0.0,0.0,0.0
90,correct,0,2,1,1,2,0.0,0.0,False,False,FALSE,0.0,0.001225032169218979,0.0,0.0,0.0,0.0,0.0
91,correct,0,2,1,1,3,0.0,0.0,False,False,FALSE,0.0,0.001225032169218979,0.0,0.0,0.0,0.0,0.0
92,correct,0,2,1,2,0,0.0,0.0,False,False,FALSE,0.0,0.001225032169218979,0.0,0.0,0.0,0.0,0.0
93,correct,0,2,1,2,1,0.0,0.0,False,False,FALSE,0.0,0.001225032169218979,0.0,0.0,0.0,0.0,0.0
94,correct,0,2,1,2,2,0.0,0.0,False,False,FALSE,0.0,0.001225032169218979,0.0,0.0,0.0,0.0,0.0
95,correct,0,2,1,2,3,0.0,0.0,False,False,FALSE,0.0,0.001225032169218979,0.0,0.0,0.0,0.0,0.0
96,correct,0,2,2,0,0,0.0,0.0,False,False,FALSE,0.0,0.001225032169218979,0.0,0.0,0.0,0.0,0.0
97,correct,0,2,2,0,1,0.0,0.0,False,False,FALSE,0.0,0.001225032169218979,0.0,0.0,0.0,0.0,0.0
98,correct,0,2,2,0,2,0.0,0.0,False,False,FALSE,0.0,0.001225032169218979,0.0,0.0,0.0,0.0,0.0
99,correct,0,2,2,0,3,0.0,0.0,False,False,FALSE,0.0,0.001225032169218979,0.0,0.0,0.0,0.0,0.0
100,correct,0,2,2,1,0,0.0,0.0,False,False,FALSE,0.0,0.001225032169218979,0.0,0.0,0.0,0.0,0.0
101,correct,0,2,2,1,1,0.0,0.0,False,False,FALSE,0.0,0.001225032169218979,0.0,0.0,0.0,0.0,0.0
102,correct,0,2,2,1,2,0.0,0.0,False,False,FALSE,0.0,0.001225032169218979,0.0,0.0,0.0,0.0,0.0
103,correct,0,2,2,1,3,0.0,0.0,False,False,FALSE,0.0,0.001225032169218979,0.0,0.0,0.0,0.0,0.0
104,correct,0,2,2,2,0,0.0,0.0,False,False,FALSE,0.0,0.001225032169218979,0.0,0.0,0.0,0.0,0.0
105,correct,0,2,2,2,1,0.0,0.0,False,False,FALSE,0.0,0.001225032169218979,0.0,0.0,0.0,0.0,0.0
106,correct,0,2,2,2,2,0.0,0.0,False,False,FALSE,0.0,0.001225032169218979,0.0,0.0,0.0,0.0,0.0
107,correct,0,2,2,2,3,0.0,0.0,False,False,FALSE,0.0,0.001225032169218979,0.0,0.0,0.0,0.0,0.0
108,correct,1,0,0,0,0,0.0,0.0,False,False,FALSE,0.0,0.001225032169218979,0.0,0.0,0.0,0.0,0.0
109,correct,1,0,0,0,1,0.0,0.0,False,False,FALSE,0.0,0.001225032169218979,0.0,0.0,0.0,0.0,0.0
110,correct,1,0,0,0,2,0.0,0.0,False,False,FALSE,0.0,0.001225032169218979,0.0,0.0,0.0,0.0,0.0
111,correct,1,0,0,0,3,0.0,0.0,False,False,FALSE,0.0,0.001225032169218979,0.0,0.0,0.0,0.0,0.0
112,correct,1,0,0,1,0,0.0,0.0,False,False,FALSE,0.0,0.001225032169218979,0.0,0.0,0.0,0.0,0.0
113,correct,1,0,0,1,1,0.0,0.0,False,False,FALSE,0.0,0.001225032169218979,0.0,0.0,0.0,0.0,0.0
114,correct,1,0,0,1,2,0.0,0.0,False,False,FALSE,0.0,0.001225032169218979,0.0,0.0,0.0,0.0,0.0
115,correct,1,0,0,1,3,0.0,0.0,False,False,FALSE,0.0,0.001225032169218979,0.0,0.0,0.0,0.0,0.0
116,correct,1,0,0,2,0,0.0,0.0,False,False,FALSE,0.0,0.001225032169218979,0.0,0.0,0.0,0.0,0.0
117,correct,1,0,0,2,1,0.0,0.0,False,False,FALSE,0.0,0.001225032169218979,0.0,0.0,0.0,0.0,0.0
118,correct,1,0,0,2,2,0.0,0.0,False,False,FALSE,0.0,0.001225032169218979,0.0,0.0,0.0,0.0,0.0
119,correct,1,0,0,2,3,0.0,0.0,False,False,FALSE,0.0,0.001225032169218979,0.0,0.0,0.0,0.0,0.0
120,correct,1,0,1,0,0,0.0,0.0,False,False,FALSE,0.0,0.001225032169218979,0.0,0.0,0.0,0.0,0.0
121,correct,1,0,1,0,1,0.0,0.0,False,False,FALSE,0.0,0.001225032169218979,0.0,0.0,0.0,0.0,0.0
122,correct,1,0,1,0,2,0.0,0.0,False,False,FALSE,0.0,0.001225032169218979,0.0,0.0,0.0,0.0,0.0
123,correct,1,0,1,0,3,0.0,0.0,False,False,FALSE,0.0,0.001225032169218979,0.0,0.0,0.0,0.0,0.0
124,correct,1,0,1,1,0,0.0,0.0,False,False,FALSE,0.0,0.001225032169218979,0.0,0.0,0.0,0.0,0.0
125,correct,1,0,1,1,1,0.0,0.0,False,False,FALSE,0.0,0.001225032169218979,0.0,0.0,0.0,0.0,0.0
126,correct,1,0,1,1,2,0.0,0.0,False,False,FALSE,0.0,0.001225032169218979,0.0,0.0,0.0,0.0,0.0
127,correct,1,0,1,1,3,0.0,0.0,False,False,FALSE,0.0,0.001225032169218979,0.0,0.0,0.0,0.0,0.0
128,correct,1,0,1,2,0,0.0,0.0,False,False,FALSE,0.0,0.001225032169218979,0.0,0.0,0.0,0.0,0.0
129,correct,1,0,1,2,1,0.0,0.0,False,False,FALSE,0.0,0.001225032169218979,0.0,0.0,0.0,0.0,0.0
130,correct,1,0,1,2,2,0.0,0.0,False,False,FALSE,0.0,0.001225032169218979,0.0,0.0,0.0,0.0,0.0
131,correct,1,0,1,2,3,0.0,0.0,False,False,FALSE,0.0,0.001225032169218979,0.0,0.0,0.0,0.0,0.0
132,correct,1,0,2,0,0,0.0,0.0,False,False,FALSE,0.0,0.001225032169218979,0.0,0.0,0.0,0.0,0.0
133,correct,1,0,2,0,1,0.0,0.0,False,False,FALSE,0.0,0.001225032169218979,0.0,0.0,0.0,0.0,0.0
134,correct,1,0,2,0,2,0.0,0.0,False,False,FALSE,0.0,0.001225032169218979,0.0,0.0,0.0,0.0,0.0
135,correct,1,0,2,0,3,0.0,0.0,False,False,FALSE,0.0,0.001225032169218979,0.0,0.0,0.0,0.0,0.0
136,correct,1,0,2,1,0,0.0,0.0,False,False,FALSE,0.0,0.001225032169218979,0.0,0.0,0.0,0.0,0.0
137,correct,1,0,2,1,1,0.0,0.0,False,False,FALSE,0.0,0.001225032169218979,0.0,0.0,0.0,0.0,0.0
138,correct,1,0,2,1,2,0.0,0.0,False,False,FALSE,0.0,0.001225032169218979,0.0,0.0,0.0,0.0,0.0
139,correct,1,0,2,1,3,0.0,0.0,False,False,FALSE,0.0,0.001225032169218979,0.0,0.0,0.0,0.0,0.0
140,correct,1,0,2,2,0,0.0,0.0,False,False,FALSE,0.0,0.001225032169218979,0.0,0.0,0.0,0.0,0.0
141,correct,1,0,2,2,1,0.0,0.0,False,False,FALSE,0.0,0.001225032169218979,0.0,0.0,0.0,0.0,0.0
142,correct,1,0,2,2,2,0.0,0.0,False,False,FALSE,0.0,0.001225032169218979,0.0,0.0,0.0,0.0,0.0
143,correct,1,0,2,2,3,0.0,0.0,False,False,FALSE,0.0,0.001225032169218979,0.0,0.0,0.0,0.0,0.0
144,correct,1,1,0,0,0,1.0,1.0,True,True,TRUE,0.998774967830781,1.0,1.0,1.0,1.0,1.0,1.0
145,correct,1,1,0,0,1,1.0,1.0,True,True,TRUE,0.998774967830781,1.0,1.0,1.0,1.0,1.0,1.0
146,correct,1,1,0,0,2,1.0,1.0,True,True,TRUE,0.998774967830781,1.0,1.0,1.0,1.0,1.0,1.0
147,correct,1,1,0,0,3,1.0,1.0,True,True,TRUE,0.998774967830781,1.0,1.0,1.0,1.0,1.0,1.0
148,correct,1,1,0,1,0,0.0,0.0,False,False,FALSE,0.0,0.001225032169218979,0.48504638671875,0.00390625,0.9955078125,0.48504638671875,0.0
149,correct,1,1,0,1,1,1.0,1.0,True,True,TRUE,0.998774967830781,1.0,1.0,1.0,1.0,1.0,1.0
150,correct,1,1,0,1,2,1.0,1.0,True,True,TRUE,0.998774967830781,1.0,1.0,1.0,1.0,1.0,1.0
151,correct,1,1,0,1,3,1.0,1.0,True,True,TRUE,0.998774967830781,1.0,1.0,1.0,1.0,1.0,1.0
152,correct,1,1,0,2,0,1.0,1.0,True,True,TRUE,0.998774967830781,1.0,1.0,1.0,1.0,1.0,1.0
153,correct,1,1,0,2,1,1.0,1.0,True,True,TRUE,0.998774967830781,1.0,1.0,1.0,1.0,1.0,1.0
154,correct,1,1,0,2,2,1.0,1.0,True,True,TRUE,0.998774967830781,1.0,1.0,1.0,1.0,1.0,1.0
155,correct,1,1,0,2,3,1.0,1.0,True,True,TRUE,0.998774967830781,1.0,1.0,1.0,1.0,1.0,1.0
156,correct,1,1,1,0,0,0.04345703125,0.04345703125,True,False,FALSE,0.036858408775077935,0.05117421337162103,0.1065673828125,0.0,0.6064453124999994,0.1065673828125,0.015625
157,correct,1,1,1,0,1,0.0,0.0,True,False,FALSE,0.0,0.001225032169218979,0.00634765625,0.0,0.0,0.00634765625,0.0
158,correct,1,1,1,0,2,0.605224609375,0.605224609375,True,False,FALSE,0.5879869117691767,0.6222044999178675,0.764892578125,0.08808593750000002,1.0,0.764892578125,0.625
159,correct,1,1,1,0,3,0.072265625,0.072265625,True,False,FALSE,0.06371190614303548,0.08186732059547608,0.3685302734375,0.0,0.9757812499999998,0.3685302734375,0.203125
160,correct,1,1,1,1,0,0.999755859375,0.999755859375,True,True,TRUE,0.9983227789455617,0.9999645057954581,1.0,1.0,1.0,1.0,1.0
161,correct,1,1,1,1,1,0.0,0.0,True,False,FALSE,0.0,0.001225032169218979,0.001220703125,0.0,0.006640624999999956,0.001220703125,0.0
162,correct,1,1,1,1,2,0.0,0.0,True,False,FALSE,0.0,0.001225032169218979,0.001953125,0.0,0.010546874999999956,0.001953125,0.0
163,correct,1,1,1,1,3,0.00244140625,0.00244140625,True,False,FALSE,0.0012192600277198123,0.004882603039110402,0.1229248046875,0.0,0.6304687499999999,0.1229248046875,0.03125
164,correct,1,1,1,2,0,0.0,0.0,True,False,FALSE,0.0,0.001225032169218979,0.0,0.0,0.0,0.0,0.0
165,correct,1,1,1,2,1,0.0,0.0,True,False,FALSE,0.0,0.001225032169218979,0.0,0.0,0.0,0.0,0.0
166,correct,1,1,1,2,2,0.998291015625,0.998291015625,True,True,TRUE,0.9961113261924949,0.9992498600099583,0.998046875,0.9966796875,1.0,0.998046875,1.0
167,correct,1,1,1,2,3,0.184326171875,0.184326171875,True,False,FALSE,0.17113594711320415,0.1982898178256631,0.818115234375,0.022070312500000015,1.0,0.818115234375,0.765625
168,correct,1,1,2,0,0,0.0,0.0,True,False,FALSE,0.0,0.001225032169218979,0.0,0.0,0.0,0.0,0.0
169,correct,1,1,2,0,1,0.0,0.0,True,False,FALSE,0.0,0.001225032169218979,0.0,0.0,0.0,0.0,0.0
170,correct,1,1,2,0,2,0.0,0.0,False,False,FALSE,0.0,0.001225032169218979,0.0,0.0,0.0,0.0,0.0
171,correct,1,1,2,0,3,0.0,0.0,True,False,FALSE,0.0,0.001225032169218979,0.0,0.0,0.0,0.0,0.0
172,correct,1,1,2,1,0,0.0,0.0,True,False,FALSE,0.0,0.001225032169218979,0.0,0.0,0.0,0.0,0.0
173,correct,1,1,2,1,1,0.0,0.0,True,False,FALSE,0.0,0.001225032169218979,0.0,0.0,0.0,0.0,0.0
174,correct,1,1,2,1,2,0.0,0.0,True,False,FALSE,0.0,0.001225032169218979,0.0,0.0,0.0,0.0,0.0
175,correct,1,1,2,1,3,0.0,0.0,True,False,FALSE,0.0,0.001225032169218979,0.0,0.0,0.0,0.0,0.0
176,correct,1,1,2,2,0,0.0,0.0,True,False,FALSE,0.0,0.001225032169218979,0.0,0.0,0.0,0.0,0.0
177,correct,1,1,2,2,1,0.0,0.0,True,False,FALSE,0.0,0.001225032169218979,0.0,0.0,0.0,0.0,0.0
178,correct,1,1,2,2,2,0.0,0.0,True,False,FALSE,0.0,0.001225032169218979,0.0,0.0,0.0,0.0,0.0
179,correct,1,1,2,2,3,0.0,0.0,True,False,FALSE,0.0,0.001225032169218979,0.0,0.0,0.0,0.0,0.0
180,correct,1,2,0,0,0,1.0,1.0,True,True,TRUE,0.998774967830781,1.0,1.0,1.0,1.0,1.0,1.0
181,correct,1,2,0,0,1,1.0,1.0,True,True,TRUE,0.998774967830781,1.0,1.0,1.0,1.0,1.0,1.0
182,correct,1,2,0,0,2,1.0,1.0,True,True,TRUE,0.998774967830781,1.0,1.0,1.0,1.0,1.0,1.0
183,correct,1,2,0,0,3,1.0,1.0,True,True,TRUE,0.998774967830781,1.0,1.0,1.0,1.0,1.0,1.0
184,correct,1,2,0,1,0,1.0,1.0,True,True,TRUE,0.998774967830781,1.0,1.0,1.0,1.0,1.0,1.0
185,correct,1,2,0,1,1,1.0,1.0,True,True,TRUE,0.998774967830781,1.0,1.0,1.0,1.0,1.0,1.0
186,correct,1,2,0,1,2,1.0,1.0,True,True,TRUE,0.998774967830781,1.0,1.0,1.0,1.0,1.0,1.0
187,correct,1,2,0,1,3,1.0,1.0,True,True,TRUE,0.998774967830781,1.0,1.0,1.0,1.0,1.0,1.0
188,correct,1,2,0,2,0,1.0,1.0,True,True,TRUE,0.998774967830781,1.0,1.0,1.0,1.0,1.0,1.0
189,correct,1,2,0,2,1,0.25927734375,0.25927734375,False,False,FALSE,0.2442308685410807,0.2749136049544515,0.9808349609375,0.9515625,1.0,0.9808349609375,0.234375
190,correct,1,2,0,2,2,1.0,1.0,True,True,TRUE,0.998774967830781,1.0,1.0,1.0,1.0,1.0,1.0
191,correct,1,2,0,2,3,1.0,1.0,True,True,TRUE,0.998774967830781,1.0,1.0,1.0,1.0,1.0,1.0
192,correct,1,2,1,0,0,0.0,0.0,False,False,FALSE,0.0,0.001225032169218979,0.0,0.0,0.0,0.0,0.0
193,correct,1,2,1,0,1,0.0,0.0,True,False,FALSE,0.0,0.001225032169218979,0.09796142578125,0.0,0.41152343749999976,0.09796142578125,0.03125
194,correct,1,2,1,0,2,0.0,0.0,True,False,FALSE,0.0,0.001225032169218979,0.000732421875,0.0,0.00390625,0.000732421875,0.0
195,correct,1,2,1,0,3,0.0,0.0,True,False,FALSE,0.0,0.001225032169218979,0.0,0.0,0.0,0.0,0.0
196,correct,1,2,1,1,0,0.28564453125,0.28564453125,True,False,FALSE,0.27009450547292846,0.30171974171680505,0.7105712890625,0.05449218750000002,1.0,0.7105712890625,0.609375
197,correct,1,2,1,1,1,0.0,0.0,True,False,FALSE,0.0,0.001225032169218979,0.03680419921875,0.0,0.18300781249999998,0.03680419921875,0.0
198,correct,1,2,1,1,2,0.0,0.0,False,False,FALSE,0.0,0.001225032169218979,0.0,0.0,0.0,0.0,0.0
199,correct,1,2,1,1,3,0.401611328125,0.401611328125,True,False,FALSE,0.3845733652581528,0.41889034956811444,0.75958251953125,0.21484375,1.0,0.75958251953125,0.671875
200,correct,1,2,1,2,0,0.00244140625,0.00244140625,True,False,FALSE,0.0012192600277198123,0.004882603039110402,0.45294189453125,0.00390625,0.9759765625,0.45294189453125,0.265625
201,correct,1,2,1,2,1,0.0,0.0,True,False,FALSE,0.0,0.001225032169218979,0.0,0.0,0.0,0.0,0.0
202,correct,1,2,1,2,2,0.0,0.0,True,False,FALSE,0.0,0.001225032169218979,0.00408935546875,0.0,0.030078124999999956,0.00408935546875,0.0
203,correct,1,2,1,2,3,0.0,0.0,True,False,FALSE,0.0,0.001225032169218979,0.00018310546875,0.0,0.0,0.00018310546875,0.0
204,correct,1,2,2,0,0,0.0,0.0,True,False,FALSE,0.0,0.001225032169218979,0.0,0.0,0.0,0.0,0.0
205,correct,1,2,2,0,1,0.0,0.0,True,False,FALSE,0.0,0.001225032169218979,0.0,0.0,0.0,0.0,0.0
206,correct,1,2,2,0,2,0.0,0.0,True,False,FALSE,0.0,0.001225032169218979,0.0,0.0,0.0,0.0,0.0
207,correct,1,2,2,0,3,0.0,0.0,True,False,FALSE,0.0,0.001225032169218979,0.0,0.0,0.0,0.0,0.0
208,correct,1,2,2,1,0,0.0,0.0,True,False,FALSE,0.0,0.001225032169218979,0.0,0.0,0.0,0.0,0.0
209,correct,1,2,2,1,1,0.0,0.0,True,False,FALSE,0.0,0.001225032169218979,0.0,0.0,0.0,0.0,0.0
210,correct,1,2,2,1,2,0.0,0.0,True,False,FALSE,0.0,0.001225032169218979,0.0,0.0,0.0,0.0,0.0
211,correct,1,2,2,1,3,0.0,0.0,True,False,FALSE,0.0,0.001225032169218979,0.0,0.0,0.0,0.0,0.0
212,correct,1,2,2,2,0,0.0,0.0,True,False,FALSE,0.0,0.001225032169218979,0.0,0.0,0.0,0.0,0.0
213,correct,1,2,2,2,1,0.0,0.0,True,False,FALSE,0.0,0.001225032169218979,0.0,0.0,0.0,0.0,0.0
214,correct,1,2,2,2,2,0.0,0.0,True,False,FALSE,0.0,0.001225032169218979,0.0,0.0,0.0,0.0,0.0
215,correct,1,2,2,2,3,0.0,0.0,True,False,FALSE,0.0,0.001225032169218979,0.0,0.0,0.0,0.0,0.0
216,correct,2,0,0,0,0,0.0,0.0,False,False,FALSE,0.0,0.001225032169218979,0.0,0.0,0.0,0.0,0.0
217,correct,2,0,0,0,1,0.0,0.0,False,False,FALSE,0.0,0.001225032169218979,0.0,0.0,0.0,0.0,0.0
218,correct,2,0,0,0,2,0.0,0.0,False,False,FALSE,0.0,0.001225032169218979,0.0,0.0,0.0,0.0,0.0
219,correct,2,0,0,0,3,0.0,0.0,False,False,FALSE,0.0,0.001225032169218979,0.0,0.0,0.0,0.0,0.0
220,correct,2,0,0,1,0,0.0,0.0,False,False,FALSE,0.0,0.001225032169218979,0.0,0.0,0.0,0.0,0.0
221,correct,2,0,0,1,1,0.0,0.0,False,False,FALSE,0.0,0.001225032169218979,0.0,0.0,0.0,0.0,0.0
222,correct,2,0,0,1,2,0.0,0.0,False,False,FALSE,0.0,0.001225032169218979,0.0,0.0,0.0,0.0,0.0
223,correct,2,0,0,1,3,0.0,0.0,False,False,FALSE,0.0,0.001225032169218979,0.0,0.0,0.0,0.0,0.0
224,correct,2,0,0,2,0,0.0,0.0,False,False,FALSE,0.0,0.001225032169218979,0.0,0.0,0.0,0.0,0.0
225,correct,2,0,0,2,1,0.0,0.0,False,False,FALSE,0.0,0.001225032169218979,0.0,0.0,0.0,0.0,0.0
226,correct,2,0,0,2,2,0.0,0.0,False,False,FALSE,0.0,0.001225032169218979,0.0,0.0,0.0,0.0,0.0
227,correct,2,0,0,2,3,0.0,0.0,False,False,FALSE,0.0,0.001225032169218979,0.0,0.0,0.0,0.0,0.0
228,correct,2,0,1,0,0,0.0,0.0,False,False,FALSE,0.0,0.001225032169218979,0.0,0.0,0.0,0.0,0.0
229,correct,2,0,1,0,1,0.0,0.0,False,False,FALSE,0.0,0.001225032169218979,0.0,0.0,0.0,0.0,0.0
230,correct,2,0,1,0,2,0.0,0.0,False,False,FALSE,0.0,0.001225032169218979,0.0,0.0,0.0,0.0,0.0
231,correct,2,0,1,0,3,0.0,0.0,False,False,FALSE,0.0,0.001225032169218979,0.0,0.0,0.0,0.0,0.0
232,correct,2,0,1,1,0,0.0,0.0,False,False,FALSE,0.0,0.001225032169218979,0.0,0.0,0.0,0.0,0.0
233,correct,2,0,1,1,1,0.0,0.0,False,False,FALSE,0.0,0.001225032169218979,0.0,0.0,0.0,0.0,0.0
234,correct,2,0,1,1,2,0.0,0.0,False,False,FALSE,0.0,0.001225032169218979,0.0,0.0,0.0,0.0,0.0
235,correct,2,0,1,1,3,0.0,0.0,False,False,FALSE,0.0,0.001225032169218979,0.0,0.0,0.0,0.0,0.0
236,correct,2,0,1,2,0,0.0,0.0,False,False,FALSE,0.0,0.001225032169218979,0.0,0.0,0.0,0.0,0.0
237,correct,2,0,1,2,1,0.0,0.0,False,False,FALSE,0.0,0.001225032169218979,0.0,0.0,0.0,0.0,0.0
238,correct,2,0,1,2,2,0.0,0.0,False,False,FALSE,0.0,0.001225032169218979,0.0,0.0,0.0,0.0,0.0
239,correct,2,0,1,2,3,0.0,0.0,False,False,FALSE,0.0,0.001225032169218979,0.0,0.0,0.0,0.0,0.0
240,correct,2,0,2,0,0,0.0,0.0,False,False,FALSE,0.0,0.001225032169218979,0.0,0.0,0.0,0.0,0.0
241,correct,2,0,2,0,1,0.0,0.0,False,False,FALSE,0.0,0.001225032169218979,0.0,0.0,0.0,0.0,0.0
242,correct,2,0,2,0,2,0.0,0.0,False,False,FALSE,0.0,0.001225032169218979,0.0,0.0,0.0,0.0,0.0
243,correct,2,0,2,0,3,0.0,0.0,False,False,FALSE,0.0,0.001225032169218979,0.0,0.0,0.0,0.0,0.0
244,correct,2,0,2,1,0,0.0,0.0,False,False,FALSE,0.0,0.001225032169218979,0.0,0.0,0.0,0.0,0.0
245,correct,2,0,2,1,1,0.0,0.0,False,False,FALSE,0.0,0.001225032169218979,0.0,0.0,0.0,0.0,0.0
246,correct,2,0,2,1,2,0.0,0.0,False,False,FALSE,0.0,0.001225032169218979,0.0,0.0,0.0,0.0,0.0
247,correct,2,0,2,1,3,0.0,0.0,False,False,FALSE,0.0,0.001225032169218979,0.0,0.0,0.0,0.0,0.0
248,correct,2,0,2,2,0,0.0,0.0,False,False,FALSE,0.0,0.001225032169218979,0.0,0.0,0.0,0.0,0.0
249,correct,2,0,2,2,1,0.0,0.0,False,False,FALSE,0.0,0.001225032169218979,0.0,0.0,0.0,0.0,0.0
250,correct,2,0,2,2,2,0.0,0.0,False,False,FALSE,0.0,0.001225032169218979,0.0,0.0,0.0,0.0,0.0
251,correct,2,0,2,2,3,0.0,0.0,False,False,FALSE,0.0,0.001225032169218979,0.0,0.0,0.0,0.0,0.0
252,correct,2,1,0,0,0,1.0,1.0,True,True,TRUE,0.998774967830781,1.0,1.0,1.0,1.0,1.0,1.0
253,correct,2,1,0,0,1,1.0,1.0,True,True,TRUE,0.998774967830781,1.0,1.0,1.0,1.0,1.0,1.0
254,correct,2,1,0,0,2,1.0,1.0,True,True,TRUE,0.998774967830781,1.0,1.0,1.0,1.0,1.0,1.0
255,correct,2,1,0,0,3,1.0,1.0,True,True,TRUE,0.998774967830781,1.0,1.0,1.0,1.0,1.0,1.0
256,correct,2,1,0,1,0,1.0,1.0,True,True,TRUE,0.998774967830781,1.0,1.0,1.0,1.0,1.0,1.0
257,correct,2,1,0,1,1,1.0,1.0,True,True,TRUE,0.998774967830781,1.0,1.0,1.0,1.0,1.0,1.0
258,correct,2,1,0,1,2,1.0,1.0,True,True,TRUE,0.998774967830781,1.0,1.0,1.0,1.0,1.0,1.0
259,correct,2,1,0,1,3,1.0,1.0,True,True,TRUE,0.998774967830781,1.0,1.0,1.0,1.0,1.0,1.0
260,correct,2,1,0,2,0,1.0,1.0,True,True,TRUE,0.998774967830781,1.0,1.0,1.0,1.0,1.0,1.0
261,correct,2,1,0,2,1,1.0,1.0,True,True,TRUE,0.998774967830781,1.0,1.0,1.0,1.0,1.0,1.0
262,correct,2,1,0,2,2,1.0,1.0,True,True,TRUE,0.998774967830781,1.0,1.0,1.0,1.0,1.0,1.0
263,correct,2,1,0,2,3,1.0,1.0,True,True,TRUE,0.998774967830781,1.0,1.0,1.0,1.0,1.0,1.0
264,correct,2,1,1,0,0,1.0,1.0,True,True,TRUE,0.998774967830781,1.0,1.0,1.0,1.0,1.0,1.0
265,correct,2,1,1,0,1,1.0,1.0,True,True,TRUE,0.998774967830781,1.0,1.0,1.0,1.0,1.0,1.0
266,correct,2,1,1,0,2,1.0,1.0,True,True,TRUE,0.998774967830781,1.0,1.0,1.0,1.0,1.0,1.0
267,correct,2,1,1,0,3,1.0,1.0,True,True,TRUE,0.998774967830781,1.0,1.0,1.0,1.0,1.0,1.0
268,correct,2,1,1,1,0,1.0,1.0,True,True,TRUE,0.998774967830781,1.0,1.0,1.0,1.0,1.0,1.0
269,correct,2,1,1,1,1,1.0,1.0,True,True,TRUE,0.998774967830781,1.0,0.78363037109375,0.0011718750000000028,1.0,0.78363037109375,0.734375
270,correct,2,1,1,1,2,1.0,1.0,True,True,TRUE,0.998774967830781,1.0,1.0,1.0,1.0,1.0,1.0
271,correct,2,1,1,1,3,1.0,1.0,True,True,TRUE,0.998774967830781,1.0,1.0,1.0,1.0,1.0,1.0
272,correct,2,1,1,2,0,0.0,0.0,True,False,FALSE,0.0,0.001225032169218979,0.0,0.0,0.0,0.0,0.0
273,correct,2,1,1,2,1,1.0,1.0,True,True,TRUE,0.998774967830781,1.0,1.0,1.0,1.0,1.0,1.0
274,correct,2,1,1,2,2,0.0,0.0,True,False,FALSE,0.0,0.001225032169218979,0.0,0.0,0.0,0.0,0.0
275,correct,2,1,1,2,3,0.0,0.0,True,False,FALSE,0.0,0.001225032169218979,0.0,0.0,0.0,0.0,0.0
276,correct,2,1,2,0,0,0.0,0.0,True,False,FALSE,0.0,0.001225032169218979,0.0,0.0,0.0,0.0,0.0
277,correct,2,1,2,0,1,0.0,0.0,True,False,FALSE,0.0,0.001225032169218979,0.0,0.0,0.0,0.0,0.0
278,correct,2,1,2,0,2,0.0,0.0,True,False,FALSE,0.0,0.001225032169218979,0.0,0.0,0.0,0.0,0.0
279,correct,2,1,2,0,3,0.0,0.0,True,False,FALSE,0.0,0.001225032169218979,0.0,0.0,0.0,0.0,0.0
280,correct,2,1,2,1,0,0.0,0.0,True,False,FALSE,0.0,0.001225032169218979,0.0,0.0,0.0,0.0,0.0
281,correct,2,1,2,1,1,0.0,0.0,True,False,FALSE,0.0,0.001225032169218979,0.0,0.0,0.0,0.0,0.0
282,correct,2,1,2,1,2,0.0,0.0,True,False,FALSE,0.0,0.001225032169218979,0.0,0.0,0.0,0.0,0.0
283,correct,2,1,2,1,3,0.0,0.0,True,False,FALSE,0.0,0.001225032169218979,0.0,0.0,0.0,0.0,0.0
284,correct,2,1,2,2,0,0.0,0.0,True,False,FALSE,0.0,0.001225032169218979,0.0,0.0,0.0,0.0,0.0
285,correct,2,1,2,2,1,0.0,0.0,True,False,FALSE,0.0,0.001225032169218979,0.0,0.0,0.0,0.0,0.0
286,correct,2,1,2,2,2,0.0,0.0,True,False,FALSE,0.0,0.001225032169218979,0.0,0.0,0.0,0.0,0.0
287,correct,2,1,2,2,3,0.0,0.0,True,False,FALSE,0.0,0.001225032169218979,0.0,0.0,0.0,0.0,0.0
288,correct,2,2,0,0,0,1.0,1.0,True,True,TRUE,0.998774967830781,1.0,1.0,1.0,1.0,1.0,1.0
289,correct,2,2,0,0,1,1.0,1.0,True,True,TRUE,0.998774967830781,1.0,1.0,1.0,1.0,1.0,1.0
290,correct,2,2,0,0,2,1.0,1.0,True,True,TRUE,0.998774967830781,1.0,1.0,1.0,1.0,1.0,1.0
291,correct,2,2,0,0,3,1.0,1.0,True,True,TRUE,0.998774967830781,1.0,1.0,1.0,1.0,1.0,1.0
292,correct,2,2,0,1,0,1.0,1.0,True,True,TRUE,0.998774967830781,1.0,1.0,1.0,1.0,1.0,1.0
293,correct,2,2,0,1,1,1.0,1.0,True,True,TRUE,0.998774967830781,1.0,1.0,1.0,1.0,1.0,1.0
294,correct,2,2,0,1,2,1.0,1.0,True,True,TRUE,0.998774967830781,1.0,1.0,1.0,1.0,1.0,1.0
295,correct,2,2,0,1,3,1.0,1.0,True,True,TRUE,0.998774967830781,1.0,1.0,1.0,1.0,1.0,1.0
296,correct,2,2,0,2,0,1.0,1.0,True,True,TRUE,0.998774967830781,1.0,1.0,1.0,1.0,1.0,1.0
297,correct,2,2,0,2,1,1.0,1.0,True,True,TRUE,0.998774967830781,1.0,1.0,1.0,1.0,1.0,1.0
298,correct,2,2,0,2,2,1.0,1.0,True,True,TRUE,0.998774967830781,1.0,1.0,1.0,1.0,1.0,1.0
299,correct,2,2,0,2,3,1.0,1.0,True,True,TRUE,0.998774967830781,1.0,1.0,1.0,1.0,1.0,1.0
300,correct,2,2,1,0,0,1.0,1.0,True,True,TRUE,0.998774967830781,1.0,1.0,1.0,1.0,1.0,1.0
301,correct,2,2,1,0,1,1.0,1.0,True,True,TRUE,0.998774967830781,1.0,1.0,1.0,1.0,1.0,1.0
302,correct,2,2,1,0,2,1.0,1.0,True,True,TRUE,0.998774967830781,1.0,1.0,1.0,1.0,1.0,1.0
303,correct,2,2,1,0,3,1.0,1.0,True,True,TRUE,0.998774967830781,1.0,1.0,1.0,1.0,1.0,1.0
304,correct,2,2,1,1,0,1.0,1.0,True,True,TRUE,0.998774967830781,1.0,1.0,1.0,1.0,1.0,1.0
305,correct,2,2,1,1,1,1.0,1.0,True,True,TRUE,0.998774967830781,1.0,1.0,1.0,1.0,1.0,1.0
306,correct,2,2,1,1,2,1.0,1.0,True,True,TRUE,0.998774967830781,1.0,1.0,1.0,1.0,1.0,1.0
307,correct,2,2,1,1,3,1.0,1.0,True,True,TRUE,0.998774967830781,1.0,1.0,1.0,1.0,1.0,1.0
308,correct,2,2,1,2,0,1.0,1.0,True,True,TRUE,0.998774967830781,1.0,1.0,1.0,1.0,1.0,1.0
309,correct,2,2,1,2,1,1.0,1.0,True,True,TRUE,0.998774967830781,1.0,1.0,1.0,1.0,1.0,1.0
310,correct,2,2,1,2,2,1.0,1.0,True,True,TRUE,0.998774967830781,1.0,1.0,1.0,1.0,1.0,1.0
311,correct,2,2,1,2,3,1.0,1.0,True,True,TRUE,0.998774967830781,1.0,1.0,1.0,1.0,1.0,1.0
312,correct,2,2,2,0,0,0.0,0.0,True,False,FALSE,0.0,0.001225032169218979,0.0,0.0,0.0,0.0,0.0
313,correct,2,2,2,0,1,0.0,0.0,True,False,FALSE,0.0,0.001225032169218979,0.0,0.0,0.0,0.0,0.0
314,correct,2,2,2,0,2,0.0,0.0,True,False,FALSE,0.0,0.001225032169218979,0.0,0.0,0.0,0.0,0.0
315,correct,2,2,2,0,3,0.0,0.0,True,False,FALSE,0.0,0.001225032169218979,0.0,0.0,0.0,0.0,0.0
316,correct,2,2,2,1,0,0.0,0.0,True,False,FALSE,0.0,0.001225032169218979,0.0,0.0,0.0,0.0,0.0
317,correct,2,2,2,1,1,0.0,0.0,True,False,FALSE,0.0,0.001225032169218979,0.0,0.0,0.0,0.0,0.0
318,correct,2,2,2,1,2,0.0,0.0,True,False,FALSE,0.0,0.001225032169218979,0.0,0.0,0.0,0.0,0.0
319,correct,2,2,2,1,3,0.0,0.0,True,False,FALSE,0.0,0.001225032169218979,0.0,0.0,0.0,0.0,0.0
320,correct,2,2,2,2,0,0.0,0.0,True,False,FALSE,0.0,0.001225032169218979,0.0,0.0,0.0,0.0,0.0
321,correct,2,2,2,2,1,0.0,0.0,True,False,FALSE,0.0,0.001225032169218979,0.0,0.0,0.0,0.0,0.0
322,correct,2,2,2,2,2,0.0,0.0,True,False,FALSE,0.0,0.001225032169218979,0.0,0.0,0.0,0.0,0.0
323,correct,2,2,2,2,3,0.0,0.0,True,False,FALSE,0.0,0.001225032169218979,0.0,0.0,0.0,0.0,0.0
