cell,mu,sd,actual_shape,actual_scale,actual_mean,actual_variance
0,0.0,0.0,1e-06,0.0,0.0,0.0
1,0.0,1e-12,1e-06,0.0,0.0,0.0
2,0.0,1e-09,1e-06,0.0,0.0,0.0
3,0.0,0.02,1e-06,0.0,0.0,0.0
4,0.0,0.1,1e-06,0.0,0.0,0.0
5,0.0,0.5,1e-06,0.0,0.0,0.0
6,1e-12,0.0,1e-06,0.0,0.0,0.0
7,1e-12,1e-12,1e-06,9.999999999999999e-16,1e-21,9.999999999999998e-37
8,1e-12,1e-09,1e-06,1e-09,1e-15,1.0000000000000001e-24
9,1e-12,0.02,1e-06,400000.0,0.39999999999999997,160000.0
10,1e-12,0.1,1e-06,10000000.000000002,10.000000000000002,100000000.00000003
11,1e-12,0.5,1e-06,249999999.99999997,249.99999999999997,62499999999.999985
12,1e-10,0.0,0.009999999999999998,0.0,0.0,0.0
13,1e-10,1e-12,0.009999999999999998,9.999999999999999e-16,9.999999999999998e-18,9.999999999999996e-33
14,1e-10,1e-09,0.009999999999999998,1e-09,1e-11,1e-20
15,1e-10,0.02,1e-06,400000.0,0.39999999999999997,160000.0
16,1e-10,0.1,1e-06,10000000.000000002,10.000000000000002,100000000.00000003
17,1e-10,0.5,1e-06,249999999.99999997,249.99999999999997,62499999999.999985
18,1e-09,0.0,1.0,0.0,0.0,0.0
19,1e-09,1e-12,1.0,9.999999999999999e-16,9.999999999999999e-16,9.999999999999997e-31
20,1e-09,1e-09,1.0,1e-09,1e-09,1e-18
21,1e-09,0.02,1e-06,400000.0,0.39999999999999997,160000.0
22,1e-09,0.1,1e-06,10000000.000000002,10.000000000000002,100000000.00000003
23,1e-09,0.5,1e-06,249999999.99999997,249.99999999999997,62499999999.999985
24,1e-07,0.0,9999.999999999996,0.0,0.0,0.0
25,1e-07,1e-12,9999.999999999996,9.999999999999999e-18,9.999999999999995e-14,9.999999999999994e-31
26,1e-07,1e-09,9999.999999999996,1.0000000000000001e-11,9.999999999999997e-08,9.999999999999999e-19
27,1e-07,0.02,1e-06,4000.0000000000005,0.004,16.000000000000004
28,1e-07,0.1,1e-06,100000.00000000003,0.10000000000000002,10000.000000000005
29,1e-07,0.5,1e-06,2500000.0,2.5,6250000.0
30,1e-05,0.0,100000000.0,0.0,0.0,0.0
31,1e-05,1e-12,100000000.0,9.999999999999999e-20,9.999999999999998e-12,9.999999999999996e-31
32,1e-05,1e-09,100000000.0,1e-13,1e-05,1e-18
33,1e-05,0.02,1e-06,40.0,3.9999999999999996e-05,0.0015999999999999999
34,1e-05,0.1,1e-06,1000.0000000000001,0.001,1.0000000000000002
35,1e-05,0.5,1e-06,24999.999999999996,0.024999999999999994,624.9999999999998
36,0.001,0.0,1000000000000.0,0.0,0.0,0.0
37,0.001,1e-12,1000000000000.0,1e-21,9.999999999999999e-10,9.999999999999997e-31
38,0.001,1e-09,1000000000000.0,1e-15,0.001,1e-18
39,0.001,0.02,0.0025000000000000005,0.4,0.0010000000000000002,0.00040000000000000013
40,0.001,0.1,0.0001,10.000000000000002,0.0010000000000000002,0.010000000000000004
41,0.001,0.5,4e-06,250.0,0.001,0.25
42,0.02,0.0,400000000000000.0,0.0,0.0,0.0
43,0.02,1e-12,400000000000000.0,4.9999999999999997e-23,1.9999999999999997e-08,9.999999999999997e-31
44,0.02,1e-09,400000000000000.0,5.0000000000000005e-17,0.02,1e-18
45,0.02,0.02,1.0,0.02,0.02,0.0004
46,0.02,0.1,0.039999999999999994,0.5000000000000001,0.02,0.010000000000000002
47,0.02,0.5,0.0016,12.5,0.02,0.25
48,0.1,0.0,1e+16,0.0,0.0,0.0
49,0.1,1e-12,1e+16,9.999999999999998e-24,9.999999999999998e-08,9.999999999999996e-31
50,0.1,1e-09,1e+16,1e-17,0.1,1e-18
51,0.1,0.02,25.0,0.004,0.1,0.0004
52,0.1,0.1,1.0,0.10000000000000002,0.10000000000000002,0.010000000000000004
53,0.1,0.5,0.04000000000000001,2.5,0.10000000000000002,0.25000000000000006
54,0.7,0.0,4.899999999999998e+17,0.0,0.0,0.0
55,0.7,1e-12,4.899999999999998e+17,1.4285714285714285e-24,6.999999999999997e-07,9.999999999999994e-31
56,0.7,1e-09,4.899999999999998e+17,1.4285714285714287e-18,0.6999999999999997,9.999999999999997e-19
57,0.7,0.02,1225.0,0.0005714285714285715,0.7000000000000001,0.0004000000000000001
58,0.7,0.1,48.999999999999986,0.014285714285714289,0.7,0.010000000000000002
59,0.7,0.5,1.9599999999999997,0.35714285714285715,0.7,0.25
60,0.0,0.0,1e-06,0.0,0.0,0.0
61,0.0,0.0,1e-06,0.0,0.0,0.0
62,0.0,0.0,1e-06,0.0,0.0,0.0
63,0.0,0.0,1e-06,0.0,0.0,0.0
