family,parameter_scenarios,ancestral_cell_laws,mu_zero,sd_floor,mean_denominator_floor,positive_shape_floor,material_mean_cells,cohort_year_laws,material_cohort_year_laws
HFD02S_PRIMARY,2048,131072,3380,0,0,12,12,8847360,1000
HFD03_MISSINGNESS_B0_B4_SHARED_FUTURE_PARAMETERS,512,32768,872,0,0,8,8,2211840,160
HFD03_ORIGINAL_OBSERVATION_ESTIMATOR,20736,1327104,35658,0,0,62,62,9953280,430
HFD03_SYNTHETIC_TRUTH,324,20736,556,0,0,0,0,155520,0
HFD04_BOUNDARY_TRUTH,81,5184,154,0,0,0,0,38880,0
HFD04_CAP_100,64,4096,124,0,0,0,0,87040,0
HFD04_CAP_200,64,4096,124,0,0,0,0,87040,0
HFD04_CAP_50,64,4096,124,0,0,0,0,87040,0
HFD04_CAP_500,64,4096,124,0,0,0,0,87040,0
HFD04_ESTIMATOR_HFD03_B0_full,10368,663552,17740,0,0,38,36,4976640,230
HFD04_ESTIMATOR_HFD03_B1_coarsened,10368,663552,17837,0,0,25,24,4976640,160
HFD04_ESTIMATOR_HFD03_B2_unknown,10368,663552,17865,0,0,27,26,4976640,190
HFD04_ESTIMATOR_HFD03_B3_label_only,10368,663552,17740,0,0,38,36,4976640,230
HFD04_ESTIMATOR_boundary_B0_full,2592,165888,4449,0,0,10,10,1244160,70
HFD04_ESTIMATOR_boundary_B1_coarsened,2592,165888,4499,0,0,6,6,1244160,40
HFD04_ESTIMATOR_boundary_B2_unknown,2592,165888,4501,0,0,5,5,1244160,25
HFD04_ESTIMATOR_boundary_B3_label_only,2592,165888,4449,0,0,10,10,1244160,70
HFD04_PRIOR_RECONCILED_ESTIMATOR,2592,165888,4491,0,0,8,8,1244160,70
HFD04_REPRESENTATION_COARSE_AND_ENRICHED,32,2048,50,0,0,0,0,43520,0
