case,law,diameter,raw_increment_mean,clipped_increment_mean,raw_increment_variance,clipped_increment_variance,upper_clip_fraction,clipping_distinct_from_gamma_parameter_defect
0,ORIGINAL,1,0.0,0.0,0.0,0.0,0.0,True
0,ORIGINAL,9.9,0.0,0.0,0.0,0.0,0.0,True
0,ORIGINAL,299.9,0.0,0.0,0.0,0.0,0.0,True
0,ORIGINAL,300,0.0,0.0,0.0,0.0,0.0,True
0,CORRECTED,1,0.0,0.0,0.0,0.0,0.0,True
0,CORRECTED,9.9,0.0,0.0,0.0,0.0,0.0,True
0,CORRECTED,299.9,0.0,0.0,0.0,0.0,0.0,True
0,CORRECTED,300,0.0,0.0,0.0,0.0,0.0,True
1,ORIGINAL,1,0.0,0.0,0.0,0.0,0.0,True
1,ORIGINAL,9.9,0.0,0.0,0.0,0.0,0.0,True
1,ORIGINAL,299.9,0.0,0.0,0.0,0.0,0.0,True
1,ORIGINAL,300,0.0,0.0,0.0,0.0,0.0,True
1,CORRECTED,1,0.0,0.0,0.0,0.0,0.0,True
1,CORRECTED,9.9,0.0,0.0,0.0,0.0,0.0,True
1,CORRECTED,299.9,0.0,0.0,0.0,0.0,0.0,True
1,CORRECTED,300,0.0,0.0,0.0,0.0,0.0,True
2,ORIGINAL,1,0.0,0.0,0.0,0.0,0.0,True
2,ORIGINAL,9.9,0.0,0.0,0.0,0.0,0.0,True
2,ORIGINAL,299.9,0.0,0.0,0.0,0.0,0.0,True
2,ORIGINAL,300,0.0,0.0,0.0,0.0,0.0,True
2,CORRECTED,1,0.0,0.0,0.0,0.0,0.0,True
2,CORRECTED,9.9,0.0,0.0,0.0,0.0,0.0,True
2,CORRECTED,299.9,0.0,0.0,0.0,0.0,0.0,True
2,CORRECTED,300,0.0,0.0,0.0,0.0,0.0,True
3,ORIGINAL,1,0.0,0.0,0.0,0.0,0.0,True
3,ORIGINAL,9.9,0.0,0.0,0.0,0.0,0.0,True
3,ORIGINAL,299.9,0.0,0.0,0.0,0.0,0.0,True
3,ORIGINAL,300,0.0,0.0,0.0,0.0,0.0,True
3,CORRECTED,1,0.0,0.0,0.0,0.0,0.0,True
3,CORRECTED,9.9,0.0,0.0,0.0,0.0,0.0,True
3,CORRECTED,299.9,0.0,0.0,0.0,0.0,0.0,True
3,CORRECTED,300,0.0,0.0,0.0,0.0,0.0,True
4,ORIGINAL,1,0.0,0.0,0.0,0.0,0.0,True
4,ORIGINAL,9.9,0.0,0.0,0.0,0.0,0.0,True
4,ORIGINAL,299.9,0.0,0.0,0.0,0.0,0.0,True
4,ORIGINAL,300,0.0,0.0,0.0,0.0,0.0,True
4,CORRECTED,1,0.0,0.0,0.0,0.0,0.0,True
4,CORRECTED,9.9,0.0,0.0,0.0,0.0,0.0,True
4,CORRECTED,299.9,0.0,0.0,0.0,0.0,0.0,True
4,CORRECTED,300,0.0,0.0,0.0,0.0,0.0,True
5,ORIGINAL,1,0.0,0.0,0.0,0.0,0.0,True
5,ORIGINAL,9.9,0.0,0.0,0.0,0.0,0.0,True
5,ORIGINAL,299.9,0.0,0.0,0.0,0.0,0.0,True
5,ORIGINAL,300,0.0,0.0,0.0,0.0,0.0,True
5,CORRECTED,1,0.0,0.0,0.0,0.0,0.0,True
5,CORRECTED,9.9,0.0,0.0,0.0,0.0,0.0,True
5,CORRECTED,299.9,0.0,0.0,0.0,0.0,0.0,True
5,CORRECTED,300,0.0,0.0,0.0,0.0,0.0,True
6,ORIGINAL,1,0.0,0.0,0.0,0.0,0.0,True
6,ORIGINAL,9.9,0.0,0.0,0.0,0.0,0.0,True
6,ORIGINAL,299.9,0.0,0.0,0.0,0.0,0.0,True
6,ORIGINAL,300,0.0,0.0,0.0,0.0,0.0,True
6,CORRECTED,1,1.0000000000000002e-12,1.000088900582341e-12,4.078315292499078e-56,0.0,0.0,True
6,CORRECTED,9.9,1.0000000000000002e-12,1.000088900582341e-12,4.078315292499078e-56,0.0,0.0,True
6,CORRECTED,299.9,1.0000000000000002e-12,1.0231815394945443e-12,4.078315292499078e-56,0.0,0.0,True
6,CORRECTED,300,1.0000000000000002e-12,0.0,4.078315292499078e-56,0.0,1.0,True
7,ORIGINAL,1,1.902291550128609e-29,0.0,8.556586658972571e-53,0.0,0.0,True
7,ORIGINAL,9.9,1.902291550128609e-29,0.0,8.556586658972571e-53,0.0,0.0,True
7,ORIGINAL,299.9,1.902291550128609e-29,0.0,8.556586658972571e-53,0.0,0.0,True
7,ORIGINAL,300,1.902291550128609e-29,0.0,8.556586658972571e-53,0.0,0.0,True
7,CORRECTED,1,1.0017585237949817e-12,1.0017585439758814e-12,9.990815119636655e-25,9.990813958226383e-25,0.0,True
7,CORRECTED,9.9,1.0017585237949817e-12,1.001758599033023e-12,9.990815119636655e-25,9.990845077367547e-25,0.0,True
7,CORRECTED,299.9,1.0017585237949817e-12,1.0015753417608186e-12,9.990815119636655e-25,9.996371858149936e-25,0.0,True
7,CORRECTED,300,1.0017585237949817e-12,0.0,9.990815119636655e-25,0.0,0.9723968505859375,True
8,ORIGINAL,1,3.4543662144031207e-16,3.454361295163015e-16,3.1280533904115935e-26,3.128050696380243e-26,0.0,True
8,ORIGINAL,9.9,3.4543662144031207e-16,3.4543358841745975e-16,3.1280533904115935e-26,3.1280046753877297e-26,0.0,True
8,ORIGINAL,299.9,3.4543662144031207e-16,3.454268121538817e-16,3.1280533904115935e-26,3.127881954396115e-26,0.0,True
8,ORIGINAL,300,3.4543662144031207e-16,0.0,3.1280533904115935e-26,0.0,3.814697265625e-06,True
8,CORRECTED,1,3.479275333657197e-15,3.479275075240606e-15,3.172295402234561e-24,3.1722959399790045e-24,0.0,True
8,CORRECTED,9.9,3.479275333657197e-15,3.479272534141764e-15,3.172295402234561e-24,3.1722913052043352e-24,0.0,True
8,CORRECTED,299.9,3.479275333657197e-15,3.479421611940481e-15,3.172295402234561e-24,3.172414925589701e-24,0.0,True
8,CORRECTED,300,3.479275333657197e-15,0.0,3.172295402234561e-24,0.0,7.62939453125e-06,True
9,ORIGINAL,1,0.0029206000392499702,0.001583052684894472,1.6604030610655922,0.3915715198810006,3.814697265625e-06,True
9,ORIGINAL,9.9,0.0029206000392499702,0.0015491018792304096,1.6604030610655922,0.3715712066034722,3.814697265625e-06,True
9,ORIGINAL,299.9,0.0029206000392499702,1.1777895246414035e-06,1.6604030610655922,1.1473161534489256e-07,1.1444091796875e-05,True
9,ORIGINAL,300,0.0029206000392499702,0.0,1.6604030610655922,0.0,2.6702880859375e-05,True
9,CORRECTED,1,1.4805006906771595e-16,1.480503477517374e-16,5.4641050546656214e-27,5.464093406517783e-27,0.0,True
9,CORRECTED,9.9,1.4805006906771595e-16,1.4804780665289563e-16,5.4641050546656214e-27,5.464346433275574e-27,0.0,True
9,CORRECTED,299.9,1.4805006906771595e-16,1.481020167615199e-16,5.4641050546656214e-27,5.468448142446192e-27,0.0,True
9,CORRECTED,300,1.4805006906771595e-16,0.0,5.4641050546656214e-27,0.0,1.52587890625e-05,True
10,ORIGINAL,1,17.226685676264015,0.002281804415447815,39143363.55394951,0.6820703335744923,7.62939453125e-06,True
10,ORIGINAL,9.9,17.226685676264015,0.0022139028041196903,39143363.55394951,0.6420697996068581,7.62939453125e-06,True
10,ORIGINAL,299.9,17.226685676264015,1.3783900571909865e-06,39143363.55394951,1.1600964703664333e-07,7.62939453125e-06,True
10,ORIGINAL,300,17.226685676264015,0.0,39143363.55394951,0.0,4.1961669921875e-05,True
10,CORRECTED,1,2.7569260881511025e-14,2.7569260554484963e-14,1.9767409216948554e-22,1.9767409736174408e-22,0.0,True
10,CORRECTED,9.9,2.7569260881511025e-14,2.756925547228728e-14,1.9767409216948554e-22,1.9767404852852036e-22,0.0,True
10,CORRECTED,299.9,2.7569260881511025e-14,2.7569092841961407e-14,1.9767409216948554e-22,1.9767404507666387e-22,0.0,True
10,CORRECTED,300,2.7569260881511025e-14,0.0,1.9767409216948554e-22,0.0,1.52587890625e-05,True
11,ORIGINAL,1,5.096755868219774,0.007757070044460055,3396306.7759484504,2.246898355288707,2.288818359375e-05,True
11,ORIGINAL,9.9,5.096755868219774,0.007553365210475681,3396306.7759484504,2.1268989563981835,2.288818359375e-05,True
11,ORIGINAL,299.9,5.096755868219774,3.5655562998014416e-06,3396306.7759484504,3.4622299907944186e-07,3.4332275390625e-05,True
11,ORIGINAL,300,5.096755868219774,0.0,3396306.7759484504,0.0,4.9591064453125e-05,True
11,CORRECTED,1,1.0270871438402365e-11,1.0270871438704233e-11,2.756780563947287e-17,2.7567805641296086e-17,0.0,True
11,CORRECTED,9.9,1.0270871438402365e-11,1.0270871433622035e-11,2.756780563947287e-17,2.7567805623101105e-17,0.0,True
11,CORRECTED,299.9,1.0270871438402365e-11,1.0270871609804888e-11,2.756780563947287e-17,2.7567806024529367e-17,0.0,True
11,CORRECTED,300,1.0270871438402365e-11,0.0,2.756780563947287e-17,0.0,1.52587890625e-05,True
12,ORIGINAL,1,0.0,0.0,0.0,0.0,0.0,True
12,ORIGINAL,9.9,0.0,0.0,0.0,0.0,0.0,True
12,ORIGINAL,299.9,0.0,0.0,0.0,0.0,0.0,True
12,ORIGINAL,300,0.0,0.0,0.0,0.0,0.0,True
12,CORRECTED,1,1.0000000000000006e-10,1.000000082740371e-10,2.6727647100921956e-51,0.0,0.0,True
12,CORRECTED,9.9,1.0000000000000006e-10,1.000000082740371e-10,2.6727647100921956e-51,0.0,0.0,True
12,CORRECTED,299.9,1.0000000000000006e-10,9.99875737761613e-11,2.6727647100921956e-51,0.0,0.0,True
12,CORRECTED,300,1.0000000000000006e-10,0.0,2.6727647100921956e-51,0.0,1.0,True
13,ORIGINAL,1,1.01950725125626e-17,9.494392305773453e-18,1.0124257442857839e-32,1.0217907536426808e-32,0.0,True
13,ORIGINAL,9.9,1.01950725125626e-17,5.400682071693419e-18,1.0124257442857839e-32,1.1225485745673399e-32,0.0,True
13,ORIGINAL,299.9,1.01950725125626e-17,0.0,1.0124257442857839e-32,0.0,0.0,True
13,ORIGINAL,300,1.01950725125626e-17,0.0,1.0124257442857839e-32,0.0,0.0,True
13,CORRECTED,1,9.999842865827863e-11,9.999842835091443e-11,1.0049174461259956e-24,1.0049177662846018e-24,0.0,True
13,CORRECTED,9.9,9.999842865827863e-11,9.99984287744309e-11,1.0049174461259956e-24,1.0049115037153287e-24,0.0,True
13,CORRECTED,299.9,9.999842865827863e-11,9.999840950951355e-11,1.0049174461259956e-24,1.0051229724397285e-24,0.0,True
13,CORRECTED,300,9.999842865827863e-11,0.0,1.0049174461259956e-24,0.0,1.0,True
14,ORIGINAL,1,1.0072738753471307e-11,1.007273815121075e-11,1.0306664994394789e-20,1.0306665025077958e-20,0.0,True
14,ORIGINAL,9.9,1.0072738753471307e-11,1.0072733351075037e-11,1.0306664994394789e-20,1.0306665477214321e-20,0.0,True
14,ORIGINAL,299.9,1.0072738753471307e-11,1.0072564093563385e-11,1.0306664994394789e-20,1.030666799204618e-20,0.0,True
14,ORIGINAL,300,1.0072738753471307e-11,0.0,1.0306664994394789e-20,0.0,0.09344482421875,True
14,CORRECTED,1,9.767398233186545e-11,9.76739817007405e-11,9.02131324466422e-19,9.021313245209298e-19,0.0,True
14,CORRECTED,9.9,9.767398233186545e-11,9.767397771799158e-11,9.02131324466422e-19,9.021313269830429e-19,0.0,True
14,CORRECTED,299.9,9.767398233186545e-11,9.767383234680904e-11,9.02131324466422e-19,9.021313453837865e-19,0.0,True
14,CORRECTED,300,9.767398233186545e-11,0.0,9.02131324466422e-19,0.0,0.1150665283203125,True
15,ORIGINAL,1,0.04402063384339252,0.0012081591877183325,506.4277628339926,0.34200822705090517,3.814697265625e-06,True
15,ORIGINAL,9.9,0.04402063384339252,0.00117420838205427,506.4277628339926,0.32200788831750454,3.814697265625e-06,True
15,ORIGINAL,299.9,0.04402063384339252,1.908086796027081e-06,506.4277628339926,1.9073136234122784e-07,1.9073486328125e-05,True
15,ORIGINAL,300,0.04402063384339252,0.0,506.4277628339926,0.0,5.340576171875e-05,True
15,CORRECTED,1,3.864695026358292e-10,3.8646950263609563e-10,2.390225476008272e-14,2.3902254760040543e-14,0.0,True
15,CORRECTED,9.9,3.864695026358292e-10,3.864695026403308e-10,2.390225476008272e-14,2.3902254760130234e-14,0.0,True
15,CORRECTED,299.9,3.864695026358292e-10,3.8646950266743585e-10,2.390225476008272e-14,2.390225477757313e-14,0.0,True
15,CORRECTED,300,3.864695026358292e-10,0.0,2.390225476008272e-14,0.0,3.814697265625e-05,True
16,ORIGINAL,1,0.3528536279599861,0.001191101055314683,32628.9506542326,0.3413854878444719,3.814697265625e-06,True
16,ORIGINAL,9.9,0.3528536279599861,0.0011571502496506205,32628.9506542326,0.3213851479527965,3.814697265625e-06,True
16,ORIGINAL,299.9,0.3528536279599861,1.9328797203088145e-06,32628.9506542326,1.9087530798363352e-07,1.9073486328125e-05,True
16,ORIGINAL,300,0.3528536279599861,0.0,32628.9506542326,0.0,3.814697265625e-05,True
16,CORRECTED,1,5.65295925111551e-10,5.65295925111217e-10,8.37700160880195e-14,8.377001608798579e-14,0.0,True
16,CORRECTED,9.9,5.65295925111551e-10,5.652959251146051e-10,8.37700160880195e-14,8.377001608798579e-14,0.0,True
16,CORRECTED,299.9,5.65295925111551e-10,5.652959253043405e-10,8.37700160880195e-14,8.377001611007716e-14,0.0,True
16,CORRECTED,300,5.65295925111551e-10,0.0,8.37700160880195e-14,0.0,2.288818359375e-05,True
17,ORIGINAL,1,275.2674706441172,0.003943878074412864,16359396492.621778,1.0938203169209932,1.1444091796875e-05,True
17,ORIGINAL,9.9,275.2674706441172,0.0038420256574206776,16359396492.621778,1.033819851084009,1.1444091796875e-05,True
17,ORIGINAL,299.9,275.2674706441172,2.3140723974647646e-06,16359396492.621778,2.2895953372387113e-07,2.288818359375e-05,True
17,ORIGINAL,300,275.2674706441172,0.0,16359396492.621778,0.0,5.7220458984375e-05,True
17,CORRECTED,1,3.412460708544999e-12,3.412460708091306e-12,8.469840137608831e-19,8.4698401360708295e-19,0.0,True
17,CORRECTED,9.9,3.412460708544999e-12,3.412460709785372e-12,8.469840137608831e-19,8.4698401378106655e-19,0.0,True
17,CORRECTED,299.9,3.412460708544999e-12,3.412460852086907e-12,8.469840137608831e-19,8.469840912030127e-19,0.0,True
17,CORRECTED,300,3.412460708544999e-12,0.0,8.469840137608831e-19,0.0,2.6702880859375e-05,True
18,ORIGINAL,1,0.0,0.0,0.0,0.0,0.0,True
18,ORIGINAL,9.9,0.0,0.0,0.0,0.0,0.0,True
18,ORIGINAL,299.9,0.0,0.0,0.0,0.0,0.0,True
18,ORIGINAL,300,0.0,0.0,0.0,0.0,0.0,True
18,CORRECTED,1,1e-09,1.000000082740371e-09,0.0,0.0,0.0,True
18,CORRECTED,9.9,1e-09,1.000000082740371e-09,0.0,0.0,0.0,True
18,CORRECTED,299.9,1e-09,9.999894245993346e-10,0.0,0.0,0.0,True
18,CORRECTED,300,1e-09,0.0,0.0,0.0,1.0,True
19,ORIGINAL,1,9.988367897946592e-16,9.967417855167617e-16,9.86916473432885e-31,9.949812727315499e-31,0.0,True
19,ORIGINAL,9.9,9.988367897946592e-16,8.802095337323568e-16,9.86916473432885e-31,1.4148450046248204e-30,0.0,True
19,ORIGINAL,299.9,9.988367897946592e-16,0.0,9.86916473432885e-31,0.0,0.0,True
19,ORIGINAL,300,9.988367897946592e-16,0.0,9.86916473432885e-31,0.0,0.0,True
19,CORRECTED,1,1.0000009861651894e-09,1.000000986067975e-09,1.0002356990117221e-24,1.0002353966040974e-24,0.0,True
19,CORRECTED,9.9,1.0000009861651894e-09,1.000000986863339e-09,1.0002356990117221e-24,1.0002381683730415e-24,0.0,True
19,CORRECTED,299.9,1.0000009861651894e-09,1.0000010231773354e-09,1.0002356990117221e-24,1.0006393281000073e-24,0.0,True
19,CORRECTED,300,1.0000009861651894e-09,0.0,1.0002356990117221e-24,0.0,1.0,True
20,ORIGINAL,1,9.959120137102775e-10,9.959120136364524e-10,9.87011082498966e-19,9.870110819825772e-19,0.0,True
20,ORIGINAL,9.9,9.959120137102775e-10,9.959120138541399e-10,9.87011082498966e-19,9.870110817342655e-19,0.0,True
20,ORIGINAL,299.9,9.959120137102775e-10,9.959120117128406e-10,9.87011082498966e-19,9.870112091814332e-19,0.0,True
20,ORIGINAL,300,9.959120137102775e-10,0.0,9.87011082498966e-19,0.0,0.9999656677246094,True
20,CORRECTED,1,9.965490840121379e-10,9.965490837983963e-10,9.906347097670204e-19,9.906347096018854e-19,0.0,True
20,CORRECTED,9.9,9.965490840121379e-10,9.965490834680534e-10,9.906347097670204e-19,9.906347063887036e-19,0.0,True
20,CORRECTED,299.9,9.965490840121379e-10,9.965490585517323e-10,9.906347097670204e-19,9.906347308822298e-19,0.0,True
20,CORRECTED,300,9.965490840121379e-10,0.0,9.906347097670204e-19,0.0,0.9999809265136719,True
21,ORIGINAL,1,0.061656482472699045,0.0011486999428411539,996.2803480410081,0.34104504863909535,3.814697265625e-06,True
21,ORIGINAL,9.9,0.061656482472699045,0.0011147491371770915,996.2803480410081,0.32104470586831685,3.814697265625e-06,True
21,ORIGINAL,299.9,0.061656482472699045,1.1491467840892087e-06,996.2803480410081,1.144435531250943e-07,1.1444091796875e-05,True
21,ORIGINAL,300,0.061656482472699045,0.0,996.2803480410081,0.0,5.340576171875e-05,True
21,CORRECTED,1,1.541146109341972e-12,1.5411461093501277e-12,6.151654894125252e-19,6.1516548956962805e-19,0.0,True
21,CORRECTED,9.9,1.541146109341972e-12,1.5411461101971606e-12,6.151654894125252e-19,6.151654916037871e-19,0.0,True
21,CORRECTED,299.9,1.541146109341972e-12,1.5411461169734242e-12,6.151654894125252e-19,6.151654913000396e-19,0.0,True
21,CORRECTED,300,1.541146109341972e-12,0.0,6.151654894125252e-19,0.0,2.6702880859375e-05,True
22,ORIGINAL,1,0.588378475609702,0.004577440734979024,46673.39632818969,1.364173875798374,1.52587890625e-05,True
22,ORIGINAL,9.9,0.588378475609702,0.0044416375123227745,46673.39632818969,1.284173422151469,1.52587890625e-05,True
22,ORIGINAL,299.9,0.588378475609702,2.3204576859142245e-06,46673.39632818969,2.2906216343612694e-07,2.288818359375e-05,True
22,ORIGINAL,300,0.588378475609702,0.0,46673.39632818969,0.0,7.2479248046875e-05,True
22,CORRECTED,1,3.386735191267724e-09,3.3867351912664922e-09,2.6396505063153946e-12,2.639650506314878e-12,0.0,True
22,CORRECTED,9.9,3.386735191267724e-09,3.3867351912749625e-09,2.6396505063153946e-12,2.6396505063191884e-12,0.0,True
22,CORRECTED,299.9,3.386735191267724e-09,3.3867351911191085e-09,2.6396505063153946e-12,2.6396505063036266e-12,0.0,True
22,CORRECTED,300,3.386735191267724e-09,0.0,2.6396505063153946e-12,0.0,3.814697265625e-05,True
23,ORIGINAL,1,317.05751971954766,0.0036185706395523887,26337036581.88258,1.0331998990709415,1.1444091796875e-05,True
23,ORIGINAL,9.9,317.05751971954766,0.0035167182225602014,26337036581.88258,0.9731993669672612,1.1444091796875e-05,True
23,ORIGINAL,299.9,317.05751971954766,1.94835650850142e-06,26337036581.88258,1.9102472815978358e-07,1.9073486328125e-05,True
23,ORIGINAL,300,317.05751971954766,0.0,26337036581.88258,0.0,4.1961669921875e-05,True
23,CORRECTED,1,5.7428502876455694e-11,5.742850287621061e-11,8.645322794110882e-16,8.6453227941259805e-16,0.0,True
23,CORRECTED,9.9,5.7428502876455694e-11,5.742850287112841e-11,8.645322794110882e-16,8.645322793105865e-16,0.0,True
23,CORRECTED,299.9,5.7428502876455694e-11,5.742850292533852e-11,8.645322794110882e-16,8.6453227747437785e-16,0.0,True
23,CORRECTED,300,5.7428502876455694e-11,0.0,8.645322794110882e-16,0.0,1.1444091796875e-05,True
24,ORIGINAL,1,0.0,0.0,0.0,0.0,0.0,True
24,ORIGINAL,9.9,0.0,0.0,0.0,0.0,0.0,True
24,ORIGINAL,299.9,0.0,0.0,0.0,0.0,0.0,True
24,ORIGINAL,300,0.0,0.0,0.0,0.0,0.0,True
24,CORRECTED,1,9.999999999999992e-08,1.0000000005838672e-07,6.305843089461677e-45,0.0,0.0,True
24,CORRECTED,9.9,9.999999999999992e-08,9.99999993922529e-08,6.305843089461677e-45,0.0,0.0,True
24,CORRECTED,299.9,9.999999999999992e-08,1.0000002248489182e-07,6.305843089461677e-45,0.0,0.0,True
24,CORRECTED,300,9.999999999999992e-08,0.0,6.305843089461677e-45,0.0,1.0,True
25,ORIGINAL,1,9.99989876116622e-14,9.999907752035334e-14,1.0004261072373924e-30,1.0044209332938288e-30,0.0,True
25,ORIGINAL,9.9,9.99989876116622e-14,9.999661011337799e-14,1.0004261072373924e-30,1.2643348783462978e-30,0.0,True
25,ORIGINAL,299.9,9.99989876116622e-14,1.1368683772161603e-13,1.0004261072373924e-30,0.0,0.0,True
25,ORIGINAL,300,9.99989876116622e-14,0.0,1.0004261072373924e-30,0.0,1.0,True
25,CORRECTED,1,9.999999782988392e-08,9.999999782969226e-08,1.0005834192324125e-24,1.0005836569964739e-24,0.0,True
25,CORRECTED,9.9,9.999999782988392e-08,9.999999783103566e-08,1.0005834192324125e-24,1.0005866626629743e-24,0.0,True
25,CORRECTED,299.9,9.999999782988392e-08,9.999999783251966e-08,1.0005834192324125e-24,1.0008725405992798e-24,0.0,True
25,CORRECTED,300,9.999999782988392e-08,0.0,1.0005834192324125e-24,0.0,1.0,True
26,ORIGINAL,1,1.0000379891137191e-07,1.0000379891142387e-07,1.0054007746390043e-18,1.0054007747872602e-18,0.0,True
26,ORIGINAL,9.9,1.0000379891137191e-07,1.0000379891043454e-07,1.0054007746390043e-18,1.0054007717836134e-18,0.0,True
26,ORIGINAL,299.9,1.0000379891137191e-07,1.0000379890373959e-07,1.0054007746390043e-18,1.0054007105102123e-18,0.0,True
26,ORIGINAL,300,1.0000379891137191e-07,0.0,1.0054007746390043e-18,0.0,1.0,True
26,CORRECTED,1,1.0000211573016168e-07,1.0000211573009586e-07,9.981038646142775e-19,9.98103864737514e-19,0.0,True
26,CORRECTED,9.9,1.0000211573016168e-07,1.0000211572946228e-07,9.981038646142775e-19,9.981038626094384e-19,0.0,True
26,CORRECTED,299.9,1.0000211573016168e-07,1.0000211563216191e-07,9.981038646142775e-19,9.981038900846332e-19,0.0,True
26,CORRECTED,300,1.0000211573016168e-07,0.0,9.981038646142775e-19,0.0,1.0,True
27,ORIGINAL,1,8.880799816445894e-05,8.880799816445894e-05,0.0020628627246794063,0.0020628627246794063,0.0,True
27,ORIGINAL,9.9,8.880799816445894e-05,8.880799816445898e-05,0.0020628627246794063,0.0020628627246794067,0.0,True
27,ORIGINAL,299.9,8.880799816445894e-05,4.80832304890124e-07,0.0020628627246794063,3.941909052978875e-08,3.814697265625e-06,True
27,ORIGINAL,300,8.880799816445894e-05,0.0,0.0020628627246794063,0.0,4.9591064453125e-05,True
27,CORRECTED,1,5.398179062456919e-08,5.3981790624569106e-08,4.4725823688804886e-10,4.4725823688804886e-10,0.0,True
27,CORRECTED,9.9,5.398179062456919e-08,5.398179062458266e-08,4.4725823688804886e-10,4.472582368880934e-10,0.0,True
27,CORRECTED,299.9,5.398179062456919e-08,5.3981790624352266e-08,4.4725823688804886e-10,4.4725823688681734e-10,0.0,True
27,CORRECTED,300,5.398179062456919e-08,0.0,4.4725823688804886e-10,0.0,4.57763671875e-05,True
28,ORIGINAL,1,0.003877490245402256,0.0023552978194341326,2.0479137494836133,0.6835075112452241,7.62939453125e-06,True
28,ORIGINAL,9.9,0.003877490245402256,0.002287396208106008,2.0479137494836133,0.6435069872582315,7.62939453125e-06,True
28,ORIGINAL,299.9,0.003877490245402256,1.2002568416523592e-06,2.0479137494836133,1.1481734355648593e-07,1.1444091796875e-05,True
28,ORIGINAL,300,0.003877490245402256,0.0,2.0479137494836133,0.0,5.340576171875e-05,True
28,CORRECTED,1,1.1336873786706477e-06,1.1336873786706472e-06,2.628351030557015e-07,2.628351030557014e-07,0.0,True
28,CORRECTED,9.9,1.1336873786706477e-06,1.133687378670643e-06,2.628351030557015e-07,2.6283510305570095e-07,0.0,True
28,CORRECTED,299.9,1.1336873786706477e-06,5.240054756939106e-07,2.628351030557015e-07,4.3457656616233675e-08,3.814697265625e-06,True
28,CORRECTED,300,1.1336873786706477e-06,0.0,2.628351030557015e-07,0.0,3.814697265625e-05,True
29,ORIGINAL,1,0.5263882015697894,0.003421807526757927,64359.7157418017,1.0231015421176686,1.1444091796875e-05,True
29,ORIGINAL,9.9,0.5263882015697894,0.0033199551097657398,64359.7157418017,0.9631009699323909,1.1444091796875e-05,True
29,ORIGINAL,299.9,0.5263882015697894,1.1684886719895513e-06,64359.7157418017,1.1459154944784907e-07,1.1444091796875e-05,True
29,ORIGINAL,300,0.5263882015697894,0.0,64359.7157418017,0.0,2.288818359375e-05,True
29,CORRECTED,1,1.0175260364492796e-07,1.0175260364492722e-07,2.7127527697800588e-09,2.7127527697800617e-09,0.0,True
29,CORRECTED,9.9,1.0175260364492796e-07,1.0175260364492976e-07,2.7127527697800588e-09,2.7127527697800617e-09,0.0,True
29,CORRECTED,299.9,1.0175260364492796e-07,1.0175260364495009e-07,2.7127527697800588e-09,2.7127527697797e-09,0.0,True
29,CORRECTED,300,1.0175260364492796e-07,0.0,2.7127527697800588e-09,0.0,1.52587890625e-05,True
30,ORIGINAL,1,0.0,0.0,0.0,0.0,0.0,True
30,ORIGINAL,9.9,0.0,0.0,0.0,0.0,0.0,True
30,ORIGINAL,299.9,0.0,0.0,0.0,0.0,0.0,True
30,ORIGINAL,300,0.0,0.0,0.0,0.0,0.0,True
30,CORRECTED,1,1.0000000000000006e-05,1.0000000000065512e-05,2.582873329443503e-41,0.0,0.0,True
30,CORRECTED,9.9,1.0000000000000006e-05,9.999999999621423e-06,2.582873329443503e-41,0.0,0.0,True
30,CORRECTED,299.9,1.0000000000000006e-05,9.999999974752427e-06,2.582873329443503e-41,0.0,0.0,True
30,CORRECTED,300,1.0000000000000006e-05,0.0,2.582873329443503e-41,0.0,1.0,True
31,ORIGINAL,1,9.99999715872194e-12,9.9999971199405e-12,9.952021473413943e-31,9.991156397516293e-31,0.0,True
31,ORIGINAL,9.9,9.99999715872194e-12,9.999996531252602e-12,9.952021473413943e-31,1.2679415960972947e-30,0.0,True
31,ORIGINAL,299.9,9.99999715872194e-12,1.000444171950221e-11,9.952021473413943e-31,0.0,0.0,True
31,ORIGINAL,300,9.99999715872194e-12,0.0,9.952021473413943e-31,0.0,1.0,True
31,CORRECTED,1,9.999999998140521e-06,9.999999998140648e-06,9.969388248430952e-25,9.969388832279495e-25,0.0,True
31,CORRECTED,9.9,9.999999998140521e-06,9.999999998139549e-06,9.969388248430952e-25,9.96938898334463e-25,0.0,True
31,CORRECTED,299.9,9.999999998140521e-06,9.999999998164689e-06,9.969388248430952e-25,9.971699328113049e-25,0.0,True
31,CORRECTED,300,9.999999998140521e-06,0.0,9.969388248430952e-25,0.0,1.0,True
32,ORIGINAL,1,9.999998656644261e-06,9.999998656644403e-06,9.955873755370983e-19,9.955873755625107e-19,0.0,True
32,ORIGINAL,9.9,9.999998656644261e-06,9.999998656646436e-06,9.955873755370983e-19,9.955873747930287e-19,0.0,True
32,ORIGINAL,299.9,9.999998656644261e-06,9.999998656633419e-06,9.955873755370983e-19,9.955874436656043e-19,0.0,True
32,ORIGINAL,300,9.999998656644261e-06,0.0,9.955873755370983e-19,0.0,1.0,True
32,CORRECTED,1,1.0000003036297012e-05,1.000000303629693e-05,9.974581203187741e-19,9.974581204608165e-19,0.0,True
32,CORRECTED,9.9,1.0000003036297012e-05,1.0000003036297761e-05,9.974581203187741e-19,9.974581188095388e-19,0.0,True
32,CORRECTED,299.9,1.0000003036297012e-05,1.0000003036263758e-05,9.974581203187741e-19,9.974580997144915e-19,0.0,True
32,CORRECTED,300,1.0000003036297012e-05,0.0,9.974581203187741e-19,0.0,1.0,True
33,ORIGINAL,1,2.841298879824543e-05,2.8412988798245423e-05,0.00010752941221080628,0.00010752941221080627,0.0,True
33,ORIGINAL,9.9,2.841298879824543e-05,2.8412988798245416e-05,0.00010752941221080628,0.00010752941221080627,0.0,True
33,ORIGINAL,299.9,2.841298879824543e-05,7.629395351060365e-07,0.00010752941221080628,7.629336323580107e-08,7.62939453125e-06,True
33,ORIGINAL,300,2.841298879824543e-05,0.0,0.00010752941221080628,0.0,3.814697265625e-05,True
33,CORRECTED,1,9.887890111339736e-06,9.887890111339735e-06,8.761720258339625e-06,8.761720258339624e-06,0.0,True
33,CORRECTED,9.9,9.887890111339736e-06,9.887890111339733e-06,8.761720258339625e-06,8.761720258339625e-06,0.0,True
33,CORRECTED,299.9,9.887890111339736e-06,1.1469939096525432e-06,8.761720258339625e-06,1.1444042225310564e-07,1.1444091796875e-05,True
33,CORRECTED,300,9.887890111339736e-06,0.0,8.761720258339625e-06,0.0,4.9591064453125e-05,True
34,ORIGINAL,1,0.0004058019853479282,0.0004058019853479282,0.02127714237238499,0.02127714237238499,0.0,True
34,ORIGINAL,9.9,0.0004058019853479282,0.0004058019853479282,0.02127714237238499,0.02127714237238499,0.0,True
34,ORIGINAL,299.9,0.0004058019853479282,1.63105280217451e-06,0.02127714237238499,1.5501400918966094e-07,1.52587890625e-05,True
34,ORIGINAL,300,0.0004058019853479282,0.0,0.02127714237238499,0.0,5.340576171875e-05,True
34,CORRECTED,1,3.0526912574481095e-10,3.052691257456126e-10,2.4427186211522492e-14,2.4427186211548452e-14,0.0,True
34,CORRECTED,9.9,3.0526912574481095e-10,3.052691257464596e-10,2.4427186211522492e-14,2.4427186211819577e-14,0.0,True
34,CORRECTED,299.9,3.0526912574481095e-10,3.052691257329071e-10,2.4427186211522492e-14,2.4427186218326427e-14,0.0,True
34,CORRECTED,300,3.0526912574481095e-10,0.0,2.4427186211522492e-14,0.0,2.288818359375e-05,True
35,ORIGINAL,1,0.02832424008682158,0.001141090459348597,210.3001534020216,0.34103648204231524,3.814697265625e-06,True
35,ORIGINAL,9.9,0.02832424008682158,0.0011071396536845345,210.3001534020216,0.32103613875483933,3.814697265625e-06,True
35,ORIGINAL,299.9,0.02832424008682158,8.774466532842761e-07,210.3001534020216,7.203181342929835e-08,3.814697265625e-06,True
35,ORIGINAL,300,0.02832424008682158,0.0,210.3001534020216,0.0,3.814697265625e-05,True
35,CORRECTED,1,2.154429150139382e-05,2.154429150139382e-05,0.00012162645649419876,0.00012162645649419876,0.0,True
35,CORRECTED,9.9,2.154429150139382e-05,2.1544291501393826e-05,0.00012162645649419876,0.0001216264564941988,0.0,True
35,CORRECTED,299.9,2.154429150139382e-05,3.8580154882307365e-07,0.00012162645649419876,3.8151713823277194e-08,3.814697265625e-06,True
35,CORRECTED,300,2.154429150139382e-05,0.0,0.00012162645649419876,0.0,1.52587890625e-05,True
36,ORIGINAL,1,0.0,0.0,0.0,0.0,0.0,True
36,ORIGINAL,9.9,0.0,0.0,0.0,0.0,0.0,True
36,ORIGINAL,299.9,0.0,0.0,0.0,0.0,0.0,True
36,ORIGINAL,300,0.0,0.0,0.0,0.0,0.0,True
36,CORRECTED,1,0.0010000000000000007,0.0009999999999998899,4.231779662960235e-37,0.0,0.0,True
36,CORRECTED,9.9,0.0010000000000000007,0.0009999999999994458,4.231779662960235e-37,0.0,0.0,True
36,CORRECTED,299.9,0.0010000000000000007,0.0009999999999763531,4.231779662960235e-37,0.0,0.0,True
36,CORRECTED,300,0.0010000000000000007,0.0,4.231779662960235e-37,0.0,1.0,True
37,ORIGINAL,1,1.0000000024173965e-09,1.0000000022934168e-09,1.0025934818051604e-30,1.006979519612808e-30,0.0,True
37,ORIGINAL,9.9,1.0000000024173965e-09,1.0000000032141416e-09,1.0025934818051604e-30,1.2560263608936968e-30,0.0,True
37,ORIGINAL,299.9,1.0000000024173965e-09,9.999894245993346e-10,1.0025934818051604e-30,0.0,0.0,True
37,ORIGINAL,300,1.0000000024173965e-09,0.0,1.0025934818051604e-30,0.0,1.0,True
37,CORRECTED,1,0.0009999999999996448,0.0009999999999996448,9.983229772296476e-25,9.983227800673123e-25,0.0,True
37,CORRECTED,9.9,0.0009999999999996448,0.0009999999999996448,9.983229772296476e-25,9.983215348572876e-25,0.0,True
37,CORRECTED,299.9,0.0009999999999996448,0.0009999999999996516,9.983229772296476e-25,9.98690122195741e-25,0.0,True
37,CORRECTED,300,0.0009999999999996448,0.0,9.983229772296476e-25,0.0,1.0,True
38,ORIGINAL,1,0.0009999999990481475,0.0009999999990481477,1.000668357347453e-18,1.0006683573640798e-18,0.0,True
38,ORIGINAL,9.9,0.0009999999990481475,0.0009999999990481458,1.000668357347453e-18,1.000668357309487e-18,0.0,True
38,ORIGINAL,299.9,0.0009999999990481475,0.0009999999990481438,1.000668357347453e-18,1.0006682923490872e-18,0.0,True
38,ORIGINAL,300,0.0009999999990481475,0.0,1.000668357347453e-18,0.0,1.0,True
38,CORRECTED,1,0.0009999999965889417,0.0009999999965889417,1.0044186978157635e-18,1.0044186975117489e-18,0.0,True
38,CORRECTED,9.9,0.0009999999965889417,0.0009999999965889421,1.0044186978157635e-18,1.004418699857628e-18,0.0,True
38,CORRECTED,299.9,0.0009999999965889417,0.0009999999965889738,1.0044186978157635e-18,1.0044186848935647e-18,0.0,True
38,CORRECTED,300,0.0009999999965889417,0.0,1.0044186978157635e-18,0.0,1.0,True
39,ORIGINAL,1,0.0009275633289464317,0.0009275633289464315,0.0003301645380479237,0.0003301645380479237,0.0,True
39,ORIGINAL,9.9,0.0009275633289464317,0.0009275633289464304,0.0003301645380479237,0.0003301645380479236,0.0,True
39,ORIGINAL,299.9,0.0009275633289464317,0.00045967058202867755,0.0003301645380479237,3.451273740776224e-05,0.002407073974609375,True
39,ORIGINAL,300,0.0009275633289464317,0.0,0.0003301645380479237,0.0,0.0702972412109375,True
39,CORRECTED,1,0.0010297059638533811,0.001029705963853381,0.0005027930334683997,0.0005027930334683997,0.0,True
39,CORRECTED,9.9,0.0010297059638533811,0.0010297059638533803,0.0005027930334683997,0.0005027930334683997,0.0,True
39,CORRECTED,299.9,0.0010297059638533811,0.0004838220275953423,0.0005027930334683997,3.664186558030307e-05,0.002605438232421875,True
39,CORRECTED,300,0.0010297059638533811,0.0,0.0005027930334683997,0.0,0.07143402099609375,True
40,ORIGINAL,1,0.0008548305448880521,0.0008548305448880522,0.005377996072888385,0.005377996072888385,0.0,True
40,ORIGINAL,9.9,0.0008548305448880521,0.0008548305448880522,0.005377996072888385,0.005377996072888385,0.0,True
40,ORIGINAL,299.9,0.0008548305448880521,5.273347288209753e-05,0.005377996072888385,4.816375627637198e-06,0.00043487548828125,True
40,ORIGINAL,300,0.0008548305448880521,0.0,0.005377996072888385,0.0,0.003173828125,True
40,CORRECTED,1,0.0007486842922538103,0.0007486842922538103,0.004024358311781915,0.004024358311781915,0.0,True
40,CORRECTED,9.9,0.0007486842922538103,0.0007486842922538105,0.004024358311781915,0.004024358311781916,0.0,True
40,CORRECTED,299.9,0.0007486842922538103,5.2586556238744166e-05,0.004024358311781915,4.765509927635742e-06,0.000415802001953125,True
40,CORRECTED,300,0.0007486842922538103,0.0,0.004024358311781915,0.0,0.00336456298828125,True
41,ORIGINAL,1,0.0016618197601876183,0.0016618197601876183,0.3485164205627722,0.3485164205627722,0.0,True
41,ORIGINAL,9.9,0.0016618197601876183,0.0016618197601876183,0.3485164205627722,0.3485164205627722,0.0,True
41,ORIGINAL,299.9,0.0016618197601876183,5.314029523268565e-06,0.3485164205627722,4.938097991067939e-07,4.1961669921875e-05,True
41,ORIGINAL,300,0.0016618197601876183,0.0,0.3485164205627722,0.0,0.0001983642578125,True
41,CORRECTED,1,0.0002499569106070741,0.0002499569106070741,0.007388355247848161,0.007388355247848161,0.0,True
41,CORRECTED,9.9,0.0002499569106070741,0.0002499569106070741,0.007388355247848161,0.007388355247848161,0.0,True
41,CORRECTED,299.9,0.0002499569106070741,3.09021188101455e-06,0.007388355247848161,3.0538827245922684e-07,3.0517578125e-05,True
41,CORRECTED,300,0.0002499569106070741,0.0,0.007388355247848161,0.0,0.00012969970703125,True
42,ORIGINAL,1,0.0,0.0,0.0,0.0,0.0,True
42,ORIGINAL,9.9,0.0,0.0,0.0,0.0,0.0,True
42,ORIGINAL,299.9,0.0,0.0,0.0,0.0,0.0,True
42,ORIGINAL,300,0.0,0.0,0.0,0.0,0.0,True
42,CORRECTED,1,0.020000000000000007,0.020000000000000018,4.81482486096809e-35,0.0,0.0,True
42,CORRECTED,9.9,0.020000000000000007,0.019999999999999574,4.81482486096809e-35,0.0,0.0,True
42,CORRECTED,299.9,0.020000000000000007,0.01999999999998181,4.81482486096809e-35,0.0,0.0,True
42,CORRECTED,300,0.020000000000000007,0.0,4.81482486096809e-35,0.0,1.0,True
43,ORIGINAL,1,2.0000000000814307e-08,2.0000000001025565e-08,1.0011924957876108e-30,1.0053674761048462e-30,0.0,True
43,ORIGINAL,9.9,2.0000000000814307e-08,2.0000000000247142e-08,1.0011924957876108e-30,1.2597701089139872e-30,0.0,True
43,ORIGINAL,299.9,2.0000000000814307e-08,2.0000015865662135e-08,1.0011924957876108e-30,0.0,0.0,True
43,ORIGINAL,300,2.0000000000814307e-08,0.0,1.0011924957876108e-30,0.0,1.0,True
43,CORRECTED,1,0.0199999999999991,0.0199999999999991,1.0003008262275854e-24,1.0003003109038009e-24,0.0,True
43,CORRECTED,9.9,0.0199999999999991,0.019999999999999102,1.0003008262275854e-24,1.0002996475806612e-24,0.0,True
43,CORRECTED,299.9,0.0199999999999991,0.01999999999999901,1.0003008262275854e-24,1.0005572495835425e-24,0.0,True
43,CORRECTED,300,0.0199999999999991,0.0,1.0003008262275854e-24,0.0,1.0,True
44,ORIGINAL,1,0.020000000001564374,0.020000000001564374,1.0026118866224439e-18,1.0026118868369709e-18,0.0,True
44,ORIGINAL,9.9,0.020000000001564374,0.020000000001564374,1.0026118866224439e-18,1.0026118872178568e-18,0.0,True
44,ORIGINAL,299.9,0.020000000001564374,0.02000000000156439,1.0026118866224439e-18,1.0026119235179297e-18,0.0,True
44,ORIGINAL,300,0.020000000001564374,0.0,1.0026118866224439e-18,0.0,1.0,True
44,CORRECTED,1,0.02000000000053504,0.02000000000053504,9.973115102762636e-19,9.97311509979851e-19,0.0,True
44,CORRECTED,9.9,0.02000000000053504,0.02000000000053504,9.973115102762636e-19,9.973115102423796e-19,0.0,True
44,CORRECTED,299.9,0.02000000000053504,0.020000000000535076,9.973115102762636e-19,9.973115207110651e-19,0.0,True
44,CORRECTED,300,0.02000000000053504,0.0,9.973115102762636e-19,0.0,1.0,True
45,ORIGINAL,1,0.02001638650163861,0.02001638650163861,0.00040229315883470403,0.000402293158834704,0.0,True
45,ORIGINAL,9.9,0.02001638650163861,0.02001638650163861,0.00040229315883470403,0.00040229315883470414,0.0,True
45,ORIGINAL,299.9,0.02001638650163861,0.01987832273687856,0.00040229315883470403,0.00037445603526076973,0.00693511962890625,True
45,ORIGINAL,300,0.02001638650163861,0.0,0.00040229315883470403,0.0,1.0,True
45,CORRECTED,1,0.019981122855324066,0.019981122855324066,0.0003996351682624123,0.0003996351682624123,0.0,True
45,CORRECTED,9.9,0.019981122855324066,0.019981122855324066,0.0003996351682624123,0.0003996351682624124,0.0,True
45,CORRECTED,299.9,0.019981122855324066,0.019845962319987007,0.0003996351682624123,0.00037239217920957923,0.0067138671875,True
45,CORRECTED,300,0.019981122855324066,0.0,0.0003996351682624123,0.0,1.0,True
46,ORIGINAL,1,0.02024023740665496,0.02024023740665496,0.010407593899837692,0.010407593899837692,0.0,True
46,ORIGINAL,9.9,0.02024023740665496,0.020240237406654954,0.010407593899837692,0.010407593899837692,0.0,True
46,ORIGINAL,299.9,0.02024023740665496,0.008239281685839216,0.010407593899837692,0.0005868485331677937,0.04885101318359375,True
46,ORIGINAL,300,0.02024023740665496,0.0,0.010407593899837692,0.0,0.6985511779785156,True
46,CORRECTED,1,0.019608004910672064,0.019608004910672064,0.009705931822852527,0.009705931822852527,0.0,True
46,CORRECTED,9.9,0.019608004910672064,0.019608004910672053,0.009705931822852527,0.009705931822852527,0.0,True
46,CORRECTED,299.9,0.019608004910672064,0.008114580664575006,0.009705931822852527,0.0005794287496876751,0.04821014404296875,True
46,CORRECTED,300,0.019608004910672064,0.0,0.009705931822852527,0.0,0.6972198486328125,True
47,ORIGINAL,1,0.018331449966220357,0.018331449966220357,0.2064015564250515,0.2064015564250515,0.0,True
47,ORIGINAL,9.9,0.018331449966220357,0.018331449966220357,0.2064015564250515,0.20640155642505154,0.0,True
47,ORIGINAL,299.9,0.018331449966220357,0.0008524125901568256,0.2064015564250515,7.634872659509142e-05,0.006900787353515625,True
47,ORIGINAL,300,0.018331449966220357,0.0,0.2064015564250515,0.0,0.052272796630859375,True
47,CORRECTED,1,0.018679190917986224,0.018679190917986224,0.23554194846878304,0.23554194846878304,0.0,True
47,CORRECTED,9.9,0.018679190917986224,0.018679190917986224,0.23554194846878304,0.23554194846878304,0.0,True
47,CORRECTED,299.9,0.018679190917986224,0.0008221211805079208,0.23554194846878304,7.348609417922431e-05,0.006649017333984375,True
47,CORRECTED,300,0.018679190917986224,0.0,0.23554194846878304,0.0,0.0518035888671875,True
48,ORIGINAL,1,0.0,0.0,0.0,0.0,0.0,True
48,ORIGINAL,9.9,0.0,0.0,0.0,0.0,0.0,True
48,ORIGINAL,299.9,0.0,0.0,0.0,0.0,0.0,True
48,ORIGINAL,300,0.0,0.0,0.0,0.0,0.0,True
48,CORRECTED,1,0.10000000000000006,0.10000000000000009,3.0814879110195774e-33,0.0,0.0,True
48,CORRECTED,9.9,0.10000000000000006,0.09999999999999964,3.0814879110195774e-33,0.0,0.0,True
48,CORRECTED,299.9,0.10000000000000006,0.10000000000002274,3.0814879110195774e-33,0.0,0.0,True
48,CORRECTED,300,0.10000000000000006,0.0,3.0814879110195774e-33,0.0,1.0,True
49,ORIGINAL,1,9.999999999731239e-08,9.999999999743169e-08,9.940436058378218e-31,9.978254192816024e-31,0.0,True
49,ORIGINAL,9.9,9.999999999731239e-08,9.999999999605865e-08,9.940436058378218e-31,1.264370172426428e-30,0.0,True
49,ORIGINAL,299.9,9.999999999731239e-08,1.0000002248489182e-07,9.940436058378218e-31,0.0,0.0,True
49,ORIGINAL,300,9.999999999731239e-08,0.0,9.940436058378218e-31,0.0,1.0,True
49,CORRECTED,1,0.09999999999999812,0.09999999999999812,9.962044763092293e-25,9.96204222006418e-25,0.0,True
49,CORRECTED,9.9,0.09999999999999812,0.09999999999999812,9.962044763092293e-25,9.962059717821863e-25,0.0,True
49,CORRECTED,299.9,0.09999999999999812,0.09999999999961198,9.962044763092293e-25,3.4932446792907765e-25,0.47863006591796875,True
49,CORRECTED,300,0.09999999999999812,0.0,9.962044763092293e-25,0.0,1.0,True
50,ORIGINAL,1,0.09999999999968208,0.09999999999968208,9.978129211225411e-19,9.978129209143067e-19,0.0,True
50,ORIGINAL,9.9,0.09999999999968208,0.09999999999968208,9.978129211225411e-19,9.978129212422007e-19,0.0,True
50,ORIGINAL,299.9,0.09999999999968208,0.09999999960096162,9.978129211225411e-19,3.3972326861293326e-19,0.4996299743652344,True
50,ORIGINAL,300,0.09999999999968208,0.0,9.978129211225411e-19,0.0,1.0,True
50,CORRECTED,1,0.10000000000056826,0.10000000000056826,1.0015159487267967e-18,1.0015159489326628e-18,0.0,True
50,CORRECTED,9.9,0.10000000000056826,0.10000000000056829,1.0015159487267967e-18,1.0015159505755396e-18,0.0,True
50,CORRECTED,299.9,0.10000000000056826,0.09999999960123619,1.0015159487267967e-18,3.4178954860713893e-19,0.5004653930664062,True
50,CORRECTED,300,0.10000000000056826,0.0,1.0015159487267967e-18,0.0,1.0,True
51,ORIGINAL,1,0.09993964402934004,0.09993964402934002,0.00040031115356129805,0.0004003111535612981,0.0,True
51,ORIGINAL,9.9,0.09993964402934004,0.09993964402934002,0.00040031115356129805,0.00040031115356129805,0.0,True
51,ORIGINAL,299.9,0.09993964402934004,0.09201912975664484,0.00040031115356129805,0.00011574598250943668,0.4709815979003906,True
51,ORIGINAL,300,0.09993964402934004,0.0,0.00040031115356129805,0.0,1.0,True
51,CORRECTED,1,0.09995837483835501,0.09995837483835501,0.0003975792033814738,0.0003975792033814738,0.0,True
51,CORRECTED,9.9,0.09995837483835501,0.09995837483835501,0.0003975792033814738,0.00039757920338147373,0.0,True
51,CORRECTED,299.9,0.09995837483835501,0.0920561471846891,0.0003975792033814738,0.0001152024797449078,0.4731903076171875,True
51,CORRECTED,300,0.09995837483835501,0.0,0.0003975792033814738,0.0,1.0,True
52,ORIGINAL,1,0.09984700352641562,0.09984700352641562,0.009954611812905922,0.009954611812905922,0.0,True
52,ORIGINAL,9.9,0.09984700352641562,0.09984700352641562,0.009954611812905922,0.00995461181290592,0.0,True
52,ORIGINAL,299.9,0.09984700352641562,0.06316220626803735,0.009954611812905922,0.0012908798146123565,0.367340087890625,True
52,ORIGINAL,300,0.09984700352641562,0.0,0.009954611812905922,0.0,1.0,True
52,CORRECTED,1,0.09991496324559691,0.0999149632455969,0.01003006414207294,0.01003006414207294,0.0,True
52,CORRECTED,9.9,0.09991496324559691,0.0999149632455969,0.01003006414207294,0.01003006414207294,0.0,True
52,CORRECTED,299.9,0.09991496324559691,0.06310203065336763,0.01003006414207294,0.001290942652211805,0.36745452880859375,True
52,CORRECTED,300,0.09991496324559691,0.0,0.01003006414207294,0.0,1.0,True
53,ORIGINAL,1,0.10076560081969448,0.10076560081969448,0.2538656929463687,0.2538656929463687,0.0,True
53,ORIGINAL,9.9,0.10076560081969448,0.10076560081969448,0.2538656929463687,0.2538656929463687,0.0,True
53,ORIGINAL,299.9,0.10076560081969448,0.013726550450819039,0.2538656929463687,0.0010181162342871772,0.10356521606445312,True
53,ORIGINAL,300,0.10076560081969448,0.0,0.2538656929463687,0.0,0.7170639038085938,True
53,CORRECTED,1,0.10022554635966091,0.10022554635966091,0.24710991269894017,0.24710991269894017,0.0,True
53,CORRECTED,9.9,0.10022554635966091,0.10022554635966091,0.24710991269894017,0.24710991269894017,0.0,True
53,CORRECTED,299.9,0.10022554635966091,0.0137232571668553,0.24710991269894017,0.0010158369992450589,0.10322189331054688,True
53,CORRECTED,300,0.10022554635966091,0.0,0.24710991269894017,0.0,0.7179489135742188,True
54,ORIGINAL,1,0.0,0.0,0.0,0.0,0.0,True
54,ORIGINAL,9.9,0.0,0.0,0.0,0.0,0.0,True
54,ORIGINAL,299.9,0.0,0.0,0.0,0.0,0.0,True
54,ORIGINAL,300,0.0,0.0,0.0,0.0,0.0,True
54,CORRECTED,1,0.6999999999999996,0.6999999999999996,1.1093356479670479e-31,1.1093356479670479e-31,0.0,True
54,CORRECTED,9.9,0.6999999999999996,0.6999999999999993,1.1093356479670479e-31,0.0,0.0,True
54,CORRECTED,299.9,0.6999999999999996,0.10000000000002274,1.1093356479670479e-31,0.0,1.0,True
54,CORRECTED,300,0.6999999999999996,0.0,1.1093356479670479e-31,0.0,1.0,True
55,ORIGINAL,1,6.999999999982343e-07,6.999999999984602e-07,9.977728852378142e-31,1.0020035184488956e-30,0.0,True
55,ORIGINAL,9.9,6.999999999982343e-07,6.999999999978486e-07,9.977728852378142e-31,1.2656279868303094e-30,0.0,True
55,ORIGINAL,299.9,6.999999999982343e-07,6.999999868639861e-07,9.977728852378142e-31,0.0,0.0,True
55,ORIGINAL,300,6.999999999982343e-07,0.0,9.977728852378142e-31,0.0,1.0,True
55,CORRECTED,1,0.6999999999999983,0.6999999999999983,9.973613092667506e-25,9.973612147227273e-25,0.0,True
55,CORRECTED,9.9,0.6999999999999983,0.6999999999999984,9.973613092667506e-25,9.973634929236903e-25,0.0,True
55,CORRECTED,299.9,0.6999999999999983,0.10000000000002274,9.973613092667506e-25,0.0,1.0,True
55,CORRECTED,300,0.6999999999999983,0.0,9.973613092667506e-25,0.0,1.0,True
56,ORIGINAL,1,0.6999999999981595,0.6999999999981595,9.951060323386046e-19,9.951060319706728e-19,0.0,True
56,ORIGINAL,9.9,0.6999999999981595,0.6999999999981595,9.951060323386046e-19,9.951060317887275e-19,0.0,True
56,ORIGINAL,299.9,0.6999999999981595,0.10000000000002274,9.951060323386046e-19,0.0,1.0,True
56,ORIGINAL,300,0.6999999999981595,0.0,9.951060323386046e-19,0.0,1.0,True
56,CORRECTED,1,0.7000000000012473,0.7000000000012473,9.93757514663668e-19,9.937575146348406e-19,0.0,True
56,CORRECTED,9.9,0.7000000000012473,0.7000000000012475,9.93757514663668e-19,9.937575143955138e-19,0.0,True
56,CORRECTED,299.9,0.7000000000012473,0.10000000000002274,9.93757514663668e-19,0.0,1.0,True
56,CORRECTED,300,0.7000000000012473,0.0,9.93757514663668e-19,0.0,1.0,True
57,ORIGINAL,1,0.6999954299407981,0.6999954299407981,0.0003997217667858868,0.0003997217667858868,0.0,True
57,ORIGINAL,9.9,0.6999954299407981,0.6999954299407981,0.0003997217667858868,0.0003997217667858868,0.0,True
57,ORIGINAL,299.9,0.6999954299407981,0.10000000000002274,0.0003997217667858868,0.0,1.0,True
57,ORIGINAL,300,0.6999954299407981,0.0,0.0003997217667858868,0.0,1.0,True
57,CORRECTED,1,0.6999829772885313,0.6999829772885313,0.0004000607157978365,0.0004000607157978365,0.0,True
57,CORRECTED,9.9,0.6999829772885313,0.6999829772885313,0.0004000607157978365,0.00040006071579783646,0.0,True
57,CORRECTED,299.9,0.6999829772885313,0.10000000000002274,0.0004000607157978365,0.0,1.0,True
57,CORRECTED,300,0.6999829772885313,0.0,0.0004000607157978365,0.0,1.0,True
58,ORIGINAL,1,0.6997758294352089,0.6997758294352089,0.009979689295534746,0.009979689295534746,0.0,True
58,ORIGINAL,9.9,0.6997758294352089,0.6997758294352089,0.009979689295534746,0.009979689295534746,0.0,True
58,ORIGINAL,299.9,0.6997758294352089,0.10000000000002274,0.009979689295534746,0.0,1.0,True
58,ORIGINAL,300,0.6997758294352089,0.0,0.009979689295534746,0.0,1.0,True
58,CORRECTED,1,0.7001758699535555,0.7001758699535557,0.010002986883379776,0.010002986883379776,0.0,True
58,CORRECTED,9.9,0.7001758699535555,0.7001758699535557,0.010002986883379776,0.010002986883379776,0.0,True
58,CORRECTED,299.9,0.7001758699535555,0.10000000000002274,0.010002986883379776,0.0,1.0,True
58,CORRECTED,300,0.7001758699535555,0.0,0.010002986883379776,0.0,1.0,True
59,ORIGINAL,1,0.7006301040904488,0.7006301040904488,0.25039489900316825,0.25039489900316825,0.0,True
59,ORIGINAL,9.9,0.7006301040904488,0.7006301040904488,0.25039489900316825,0.25039489900316825,0.0,True
59,ORIGINAL,299.9,0.7006301040904488,0.09874369430720249,0.25039489900316825,6.335954782453224e-05,0.96435546875,True
59,ORIGINAL,300,0.7006301040904488,0.0,0.25039489900316825,0.0,1.0,True
59,CORRECTED,1,0.7006228458410485,0.7006228458410486,0.2506764543895226,0.2506764543895226,0.0,True
59,CORRECTED,9.9,0.7006228458410485,0.7006228458410486,0.2506764543895226,0.2506764543895226,0.0,True
59,CORRECTED,299.9,0.7006228458410485,0.09875851973956656,0.2506764543895226,6.286034986769629e-05,0.9649124145507812,True
59,CORRECTED,300,0.7006228458410485,0.0,0.2506764543895226,0.0,1.0,True
