parameter_identity,state,replicate,scenario,horizon,K,original_nv,original_nr,original_present,original_health,original_status,original_mean_BA,original_mean_J,corrected_nv,corrected_nr,corrected_present,corrected_health,corrected_status,corrected_mean_BA,corrected_mean_J,viable_delta,reserve_delta,health_changed,same_rng_terminal_state
305,152,1,D0,1,16384,16384,0,True,False,FALSE,1526.3942113873409,58038.971130371094,16384,0,True,False,FALSE,1526.3942113873409,58038.971130371094,0.0,0.0,False,True
305,152,1,D0,5,16384,16384,0,True,False,FALSE,1531.4861577369647,55231.118713378906,16384,0,True,False,FALSE,1531.4861577369647,55231.118713378906,0.0,0.0,False,True
305,152,1,D0,10,16384,16384,0,True,False,FALSE,1539.5033545432266,52577.77783203125,16384,0,True,False,FALSE,1539.5033545432266,52577.77783203125,0.0,0.0,False,True
305,152,1,D0,20,16384,16384,0,True,False,FALSE,1558.090831600669,48946.92559814453,16384,0,True,False,FALSE,1558.090831600669,48946.92559814453,0.0,0.0,False,True
305,152,1,D1,1,16384,16384,0,True,False,FALSE,1507.197180956955,55876.40313720703,16384,0,True,False,FALSE,1507.197180956955,55876.40313720703,0.0,0.0,False,True
305,152,1,D1,5,16384,16384,0,True,False,FALSE,1441.8691516810054,46282.85919189453,16384,0,True,False,FALSE,1441.8691516810054,46282.85919189453,0.0,0.0,False,True
305,152,1,D1,10,16384,16384,0,True,False,FALSE,1372.2460103758028,38039.63098144531,16384,0,True,False,FALSE,1372.2460103758028,38039.63098144531,0.0,0.0,False,True
305,152,1,D1,20,16384,0,0,True,False,FALSE,1258.7634161924848,28563.230407714844,0,0,True,False,FALSE,1258.7634161924848,28563.230407714844,0.0,0.0,False,True
305,152,1,D2,1,16384,16384,0,True,False,FALSE,1483.6817340116436,56786.12048339844,16384,0,True,False,FALSE,1483.6817340116436,56786.12048339844,0.0,0.0,False,True
305,152,1,D2,5,16384,16384,0,True,False,FALSE,1346.478256956695,50087.57189941406,16384,0,True,False,FALSE,1346.478256956695,50087.57189941406,0.0,0.0,False,True
305,152,1,D2,10,16384,16384,0,True,False,FALSE,1226.274237257919,44343.81494140625,16384,0,True,False,FALSE,1226.274237257919,44343.81494140625,0.0,0.0,False,True
305,152,1,D2,20,16384,763,0,True,False,FALSE,1089.4695966181398,37739.26251220703,763,0,True,False,FALSE,1089.4695966181398,37739.26251220703,0.0,0.0,False,True
305,152,1,D3,1,16384,16384,0,True,False,FALSE,1461.170907680625,54059.74432373047,16384,0,True,False,FALSE,1461.170907680625,54059.74432373047,0.0,0.0,False,True
305,152,1,D3,5,16384,16384,0,True,False,FALSE,1251.2238773867766,39572.02325439453,16384,0,True,False,FALSE,1251.2238773867766,39572.02325439453,0.0,0.0,False,True
305,152,1,D3,10,16384,0,0,True,False,FALSE,1065.1759654224625,28460.939331054688,0,0,True,False,FALSE,1065.1759654224627,28460.939331054688,0.0,0.0,False,True
305,152,1,D3,20,16384,0,0,True,False,FALSE,838.3381100770873,17647.862915039062,0,0,True,False,FALSE,838.3381100770873,17647.862915039062,0.0,0.0,False,True
386,193,0,D0,1,16384,16384,0,True,False,FALSE,1521.8199212245622,65768.86376953125,16384,0,True,False,FALSE,1521.8199212245622,65768.86376953125,0.0,0.0,False,True
386,193,0,D0,5,16384,16384,0,True,False,FALSE,1529.9969755005473,63057.277893066406,16384,0,True,False,FALSE,1529.996946492095,63057.281311035156,0.0,0.0,False,True
386,193,0,D0,10,16384,16384,0,True,False,FALSE,1541.3607191773954,60396.45477294922,16384,0,True,False,FALSE,1541.360681396884,60396.456970214844,0.0,0.0,False,True
386,193,0,D0,20,16384,16384,0,True,False,FALSE,1565.4123275009665,56576.434020996094,16384,0,True,False,FALSE,1565.4120196573633,56576.43591308594,0.0,0.0,False,True
386,193,0,D1,1,16384,16384,0,True,False,FALSE,1503.7051185559487,63644.83807373047,16384,0,True,False,FALSE,1503.7051185559485,63644.83807373047,0.0,0.0,False,True
386,193,0,D1,5,16384,16384,0,True,False,FALSE,1444.7246529888,54078.27996826172,16384,0,True,False,FALSE,1444.724651893965,54078.27996826172,0.0,0.0,False,True
386,193,0,D1,10,16384,16384,0,True,False,FALSE,1380.750328481171,45507.407165527344,16384,0,True,False,FALSE,1380.7498765706757,45507.407165527344,0.0,0.0,False,True
386,193,0,D1,20,16384,16384,0,True,False,FALSE,1274.8225023485693,34981.13671875,16384,0,True,False,FALSE,1274.8223084654865,34981.13671875,0.0,0.0,False,True
386,193,0,D2,1,16384,16384,0,True,False,FALSE,1479.436478347503,64511.34454345703,16384,0,True,False,FALSE,1479.436478347503,64511.34454345703,0.0,0.0,False,True
386,193,0,D2,5,16384,16384,0,True,False,FALSE,1347.4178056430826,57810.51062011719,16384,0,True,False,FALSE,1347.4177102333351,57810.51062011719,0.0,0.0,False,True
386,193,0,D2,10,16384,16384,0,True,False,FALSE,1233.9972671162623,51857.544982910156,16384,0,True,False,FALSE,1233.9972028245409,51857.544982910156,0.0,0.0,False,True
386,193,0,D2,20,16384,9402,0,True,False,FALSE,1111.215315634715,44650.835693359375,9402,0,True,False,FALSE,1111.215079049629,44650.835693359375,0.0,0.0,False,True
386,193,0,D3,1,16384,16384,0,True,False,FALSE,1458.3365295660356,61831.04461669922,16384,0,True,False,FALSE,1458.3365295660046,61831.04461669922,0.0,0.0,False,True
386,193,0,D3,5,16384,16384,0,True,False,FALSE,1257.9712792374125,47179.78771972656,16384,0,True,False,FALSE,1257.9712792374023,47179.78771972656,0.0,0.0,False,True
386,193,0,D3,10,16384,1,0,True,False,FALSE,1082.7426578790974,35371.90203857422,1,0,True,False,FALSE,1082.742388009946,35371.90203857422,0.0,0.0,False,True
386,193,0,D3,20,16384,0,0,True,False,FALSE,873.9263607194449,22927.414001464844,0,0,True,False,FALSE,873.9263271210125,22927.414001464844,0.0,0.0,False,True
509,254,1,D0,1,16384,16384,0,True,False,FALSE,1514.2677568004397,63476.50732421875,16384,0,True,False,FALSE,1514.2677568004397,63476.50732421875,0.0,0.0,False,True
509,254,1,D0,5,16384,16384,0,True,False,FALSE,1524.498685794084,59529.2109375,16384,0,True,False,FALSE,1524.4986857395043,59529.2109375,0.0,0.0,False,True
509,254,1,D0,10,16384,16384,0,True,False,FALSE,1539.0645449870265,55682.05828857422,16384,0,True,False,FALSE,1539.0645449324488,55682.05828857422,0.0,0.0,False,True
509,254,1,D0,20,16384,16384,0,True,False,FALSE,1570.8660428461103,50406.59246826172,16384,0,True,False,FALSE,1570.865944249981,50406.59246826172,0.0,0.0,False,True
509,254,1,D1,1,16384,16384,0,True,False,FALSE,1495.9452996818811,61150.916442871094,16384,0,True,False,FALSE,1495.9452996818811,61150.916442871094,0.0,0.0,False,True
509,254,1,D1,5,16384,16384,0,True,False,FALSE,1438.5911036459688,49900.200256347656,16384,0,True,False,FALSE,1438.5911036314449,49900.200256347656,0.0,0.0,False,True
509,254,1,D1,10,16384,16384,0,True,False,FALSE,1378.0210125668489,40193.33996582031,16384,0,True,False,FALSE,1378.0210125523188,40193.33996582031,0.0,0.0,False,True
509,254,1,D1,20,16384,0,0,True,False,FALSE,1280.3595959455672,29298.365783691406,0,0,True,False,FALSE,1280.3595959287122,29298.365783691406,0.0,0.0,False,True
509,254,1,D2,1,16384,16384,0,True,False,FALSE,1471.6931758168207,62214.37677001953,16384,0,True,False,FALSE,1471.6931758168207,62214.37677001953,0.0,0.0,False,True
509,254,1,D2,5,16384,16384,0,True,False,FALSE,1340.2873866808984,54283.572021484375,16384,0,True,False,FALSE,1340.287356317921,54283.572021484375,0.0,0.0,False,True
509,254,1,D2,10,16384,16384,0,True,False,FALSE,1227.4670026304584,47175.77752685547,16384,0,True,False,FALSE,1227.4670025767332,47175.77752685547,0.0,0.0,False,True
509,254,1,D2,20,16384,6660,0,True,False,FALSE,1106.3161825729305,38583.062561035156,6660,0,True,False,FALSE,1106.3161806994137,38583.062561035156,0.0,0.0,False,True
509,254,1,D3,1,16384,16384,0,True,False,FALSE,1450.2949097827943,59268.32556152344,16384,0,True,False,FALSE,1450.2949097827943,59268.32556152344,0.0,0.0,False,True
509,254,1,D3,5,16384,16384,0,True,False,FALSE,1249.9538459104958,42837.830139160156,16384,0,True,False,FALSE,1249.9538459104958,42837.830139160156,0.0,0.0,False,True
509,254,1,D3,10,16384,0,0,True,False,FALSE,1075.2427236115864,30008.29168701172,0,0,True,False,FALSE,1075.2427236115861,30008.29168701172,0.0,0.0,False,True
509,254,1,D3,20,16384,0,0,True,False,FALSE,869.0151020551673,17615.702697753906,0,0,True,False,FALSE,869.0151020492572,17615.702697753906,0.0,0.0,False,True
