target,start_year,end_year,scheme,lower,upper,n,mean_predicted_survival,observed_survival
CUMULATIVE,2021,2022,STRICT,0,0.2,0,,
CUMULATIVE,2021,2022,STRICT,0.2,0.4,0,,
CUMULATIVE,2021,2022,STRICT,0.4,0.6,0,,
CUMULATIVE,2021,2022,STRICT,0.6,0.8,0,,
CUMULATIVE,2021,2022,STRICT,0.8,1,21576,0.9832466908541377,0.9791898405635892
CUMULATIVE,2021,2022,DN_DEATH,0,0.2,0,,
CUMULATIVE,2021,2022,DN_DEATH,0.2,0.4,0,,
CUMULATIVE,2021,2022,DN_DEATH,0.4,0.6,0,,
CUMULATIVE,2021,2022,DN_DEATH,0.6,0.8,0,,
CUMULATIVE,2021,2022,DN_DEATH,0.8,1,21578,0.9832460611654511,0.9790990823987394
CUMULATIVE,2021,2022,DN_ALIVE,0,0.2,0,,
CUMULATIVE,2021,2022,DN_ALIVE,0.2,0.4,0,,
CUMULATIVE,2021,2022,DN_ALIVE,0.4,0.6,0,,
CUMULATIVE,2021,2022,DN_ALIVE,0.6,0.8,0,,
CUMULATIVE,2021,2022,DN_ALIVE,0.8,1,21578,0.9832460611654511,0.9791917693947539
CUMULATIVE,2021,2023,STRICT,0,0.2,0,,
CUMULATIVE,2021,2023,STRICT,0.2,0.4,0,,
CUMULATIVE,2021,2023,STRICT,0.4,0.6,0,,
CUMULATIVE,2021,2023,STRICT,0.6,0.8,148,0.703334300257847,0.8783783783783784
CUMULATIVE,2021,2023,STRICT,0.8,1,21426,0.9688544289141182,0.9557546905628675
CUMULATIVE,2021,2023,DN_DEATH,0,0.2,0,,
CUMULATIVE,2021,2023,DN_DEATH,0.2,0.4,0,,
CUMULATIVE,2021,2023,DN_DEATH,0.4,0.6,0,,
CUMULATIVE,2021,2023,DN_DEATH,0.6,0.8,148,0.703334300257847,0.8783783783783784
CUMULATIVE,2021,2023,DN_DEATH,0.8,1,21430,0.9688553031952258,0.9555762949136725
CUMULATIVE,2021,2023,DN_ALIVE,0,0.2,0,,
CUMULATIVE,2021,2023,DN_ALIVE,0.2,0.4,0,,
CUMULATIVE,2021,2023,DN_ALIVE,0.4,0.6,0,,
CUMULATIVE,2021,2023,DN_ALIVE,0.6,0.8,148,0.703334300257847,0.8783783783783784
CUMULATIVE,2021,2023,DN_ALIVE,0.8,1,21430,0.9688553031952258,0.9557629491367242
CUMULATIVE,2021,2024,STRICT,0,0.2,0,,
CUMULATIVE,2021,2024,STRICT,0.2,0.4,0,,
CUMULATIVE,2021,2024,STRICT,0.4,0.6,139,0.582387614195109,0.8129496402877698
CUMULATIVE,2021,2024,STRICT,0.6,0.8,27,0.7551172550475198,0.9259259259259259
CUMULATIVE,2021,2024,STRICT,0.8,1,21410,0.9539642652329106,0.9323213451658103
CUMULATIVE,2021,2024,DN_DEATH,0,0.2,0,,
CUMULATIVE,2021,2024,DN_DEATH,0.2,0.4,0,,
CUMULATIVE,2021,2024,DN_DEATH,0.4,0.6,139,0.582387614195109,0.8129496402877698
CUMULATIVE,2021,2024,DN_DEATH,0.6,0.8,27,0.7551172550475198,0.9259259259259259
CUMULATIVE,2021,2024,DN_DEATH,0.8,1,21412,0.9539645571732476,0.9322342611619653
CUMULATIVE,2021,2024,DN_ALIVE,0,0.2,0,,
CUMULATIVE,2021,2024,DN_ALIVE,0.2,0.4,0,,
CUMULATIVE,2021,2024,DN_ALIVE,0.4,0.6,139,0.582387614195109,0.8129496402877698
CUMULATIVE,2021,2024,DN_ALIVE,0.6,0.8,27,0.7551172550475198,0.9259259259259259
CUMULATIVE,2021,2024,DN_ALIVE,0.8,1,21412,0.9539645571732476,0.9323276667289371
ANNUAL,2021,2022,STRICT,0,0.2,0,,
ANNUAL,2021,2022,STRICT,0.2,0.4,0,,
ANNUAL,2021,2022,STRICT,0.4,0.6,0,,
ANNUAL,2021,2022,STRICT,0.6,0.8,0,,
ANNUAL,2021,2022,STRICT,0.8,1,21576,0.9832466908541377,0.9791898405635892
ANNUAL,2021,2022,DN_DEATH,0,0.2,0,,
ANNUAL,2021,2022,DN_DEATH,0.2,0.4,0,,
ANNUAL,2021,2022,DN_DEATH,0.4,0.6,0,,
ANNUAL,2021,2022,DN_DEATH,0.6,0.8,0,,
ANNUAL,2021,2022,DN_DEATH,0.8,1,21578,0.9832460611654511,0.9790990823987394
ANNUAL,2021,2022,DN_ALIVE,0,0.2,0,,
ANNUAL,2021,2022,DN_ALIVE,0.2,0.4,0,,
ANNUAL,2021,2022,DN_ALIVE,0.4,0.6,0,,
ANNUAL,2021,2022,DN_ALIVE,0.6,0.8,0,,
ANNUAL,2021,2022,DN_ALIVE,0.8,1,21578,0.9832460611654511,0.9791917693947539
ANNUAL,2022,2023,STRICT,0,0.2,0,,
ANNUAL,2022,2023,STRICT,0.2,0.4,0,,
ANNUAL,2022,2023,STRICT,0.4,0.6,0,,
ANNUAL,2022,2023,STRICT,0.6,0.8,0,,
ANNUAL,2022,2023,STRICT,0.8,1,21124,0.983384559105428,0.9755728081802689
ANNUAL,2022,2023,DN_DEATH,0,0.2,0,,
ANNUAL,2022,2023,DN_DEATH,0.2,0.4,0,,
ANNUAL,2022,2023,DN_DEATH,0.4,0.6,0,,
ANNUAL,2022,2023,DN_DEATH,0.6,0.8,0,,
ANNUAL,2022,2023,DN_DEATH,0.8,1,21127,0.9833847310618362,0.9754342784115113
ANNUAL,2022,2023,DN_ALIVE,0,0.2,0,,
ANNUAL,2022,2023,DN_ALIVE,0.2,0.4,0,,
ANNUAL,2022,2023,DN_ALIVE,0.4,0.6,0,,
ANNUAL,2022,2023,DN_ALIVE,0.6,0.8,0,,
ANNUAL,2022,2023,DN_ALIVE,0.8,1,21127,0.9833847310618362,0.9755762768021963
ANNUAL,2023,2024,STRICT,0,0.2,0,,
ANNUAL,2023,2024,STRICT,0.2,0.4,0,,
ANNUAL,2023,2024,STRICT,0.4,0.6,0,,
ANNUAL,2023,2024,STRICT,0.6,0.8,0,,
ANNUAL,2023,2024,STRICT,0.8,1,20608,0.9835135159304609,0.9753008540372671
ANNUAL,2023,2024,DN_DEATH,0,0.2,0,,
ANNUAL,2023,2024,DN_DEATH,0.2,0.4,0,,
ANNUAL,2023,2024,DN_DEATH,0.4,0.6,0,,
ANNUAL,2023,2024,DN_DEATH,0.6,0.8,0,,
ANNUAL,2023,2024,DN_DEATH,0.8,1,20608,0.9835135159304609,0.9753008540372671
ANNUAL,2023,2024,DN_ALIVE,0,0.2,0,,
ANNUAL,2023,2024,DN_ALIVE,0.2,0.4,0,,
ANNUAL,2023,2024,DN_ALIVE,0.4,0.6,0,,
ANNUAL,2023,2024,DN_ALIVE,0.6,0.8,0,,
ANNUAL,2023,2024,DN_ALIVE,0.8,1,20608,0.9835135159304609,0.9753008540372671
