target,start_year,end_year,scheme,risk_stems,scored_stems,DN_endpoint_stems,missing_or_blank_endpoint,DN_primary_secure_death,partition_reconciled
CUMULATIVE,2021,2022,STRICT,21578,21576,2,0,False,True
CUMULATIVE,2021,2022,DN_DEATH,21578,21578,2,0,False,True
CUMULATIVE,2021,2022,DN_ALIVE,21578,21578,2,0,False,True
CUMULATIVE,2021,2023,STRICT,21578,21574,4,0,False,True
CUMULATIVE,2021,2023,DN_DEATH,21578,21578,4,0,False,True
CUMULATIVE,2021,2023,DN_ALIVE,21578,21578,4,0,False,True
CUMULATIVE,2021,2024,STRICT,21578,21576,2,0,False,True
CUMULATIVE,2021,2024,DN_DEATH,21578,21578,2,0,False,True
CUMULATIVE,2021,2024,DN_ALIVE,21578,21578,2,0,False,True
ANNUAL,2021,2022,STRICT,21578,21576,2,0,False,True
ANNUAL,2021,2022,DN_DEATH,21578,21578,2,0,False,True
ANNUAL,2021,2022,DN_ALIVE,21578,21578,2,0,False,True
ANNUAL,2022,2023,STRICT,21127,21124,3,0,False,True
ANNUAL,2022,2023,DN_DEATH,21127,21127,3,0,False,True
ANNUAL,2022,2023,DN_ALIVE,21127,21127,3,0,False,True
ANNUAL,2023,2024,STRICT,20608,20608,0,0,False,True
ANNUAL,2023,2024,DN_DEATH,20608,20608,0,0,False,True
ANNUAL,2023,2024,DN_ALIVE,20608,20608,0,0,False,True
