suite,policy,query,subset,n,certified_n,positives,negatives,TP,TN,FP,FN,sensitivity,specificity,FPR,FNR,balanced_accuracy,brier,certified_error,reference_unresolved_fraction,estimator_unresolved_fraction,viable_bias,viable_MAE,viable_coverage90,viable_width90,reserve_bias,reserve_MAE,reserve_coverage90,reserve_width90
correct,B0_full,Q2,ALL_ROSTER,81,75,24,51,20,24,27,4,0.8333333333333334,0.47058823529411764,0.5294117647058824,0.16666666666666666,0.6519607843137255,0.30212239583333333,0.41333333333333333,0.07407407407407407,0.037037037037037035,0.01811406641830633,0.1809159267095872,0.5308641975308642,0.32124083719135804,0.04077713577835648,0.20118656864872686,0.5679012345679012,0.3721860532407407
correct,B0_full,Q2,PRESENT_NEAR_0.1,52,46,22,24,18,7,17,4,0.8181818181818182,0.2916666666666667,0.7083333333333334,0.18181818181818182,0.5549242424242424,0.32950492527173914,0.45652173913043476,0.11538461538461539,0.057692307692307696,-0.05740004319411058,0.1961951622596154,0.6538461538461539,0.49028695913461545,-0.025583707369290866,0.22428483229417068,0.6730769230769231,0.5644381009615385
correct,B1_coarsened,Q2,ALL_ROSTER,81,75,24,51,19,30,21,5,0.7916666666666666,0.5882352941176471,0.4117647058823529,0.20833333333333334,0.6899509803921569,0.24696614583333334,0.3466666666666667,0.07407407407407407,0.024691358024691357,-0.0793718879605517,0.18315727328076775,0.7407407407407407,0.5202907986111112,-0.05929640781732253,0.20498167438271606,0.7777777777777778,0.5805314429012346
correct,B1_coarsened,Q2,PRESENT_NEAR_0.1,52,46,22,24,17,5,19,5,0.7727272727272727,0.20833333333333334,0.7916666666666666,0.22727272727272727,0.49053030303030304,0.36124320652173914,0.5217391304347826,0.11538461538461539,0.038461538461538464,-0.04126328688401442,0.2028638399564303,0.6346153846153846,0.46429912860576916,-0.014496436485877404,0.23235497107872596,0.6923076923076923,0.5571063701923078
correct,B2_unknown,Q2,ALL_ROSTER,81,75,24,51,22,28,23,2,0.9166666666666666,0.5490196078431373,0.45098039215686275,0.08333333333333333,0.732843137254902,0.21912760416666666,0.3333333333333333,0.07407407407407407,0.024691358024691357,-0.08878034426842207,0.1499711024908372,0.8148148148148148,0.6669825424382716,-0.06077632197627315,0.1743348675009645,0.8641975308641975,0.7112654320987654
correct,B2_unknown,Q2,PRESENT_NEAR_0.1,52,46,22,24,20,1,23,2,0.9090909090909091,0.041666666666666664,0.9583333333333334,0.09090909090909091,0.47537878787878785,0.3382515285326087,0.5434782608695652,0.11538461538461539,0.038461538461538464,-0.007719773512620192,0.10297100360576923,0.75,0.6927997295673076,0.031183682955228366,0.13620405930739182,0.8269230769230769,0.7616774338942309
correct,B3_label_only,Q2,ALL_ROSTER,81,75,24,51,7,19,32,17,0.2916666666666667,0.37254901960784315,0.6274509803921569,0.7083333333333334,0.33210784313725494,0.6533723958333333,0.6533333333333333,0.07407407407407407,0.0,-0.18570869351610725,0.5572387318552277,0.037037037037037035,0.0,-0.14828566562982254,0.5198157039689429,0.037037037037037035,0.0
correct,B3_label_only,Q2,PRESENT_NEAR_0.1,52,46,22,24,7,16,8,15,0.3181818181818182,0.6666666666666666,0.3333333333333333,0.6818181818181818,0.49242424242424243,0.5000636888586957,0.5,0.11538461538461539,0.0,-0.4541121262770433,0.6263134296123798,0.0,0.0,-0.4007057776817909,0.5729070810171274,0.0,0.0
hemlock_extra_hazard_0.12,B0_full,Q2,ALL_ROSTER,81,81,0,81,0,30,51,0,,0.37037037037037035,0.6296296296296297,,,0.46806278935185186,0.6296296296296297,0.0,0.037037037037037035,0.5246679988908179,0.5308924545476466,0.35802469135802467,0.32124083719135804,0.6478105709876543,0.6478105709876543,0.345679012345679,0.3721860532407407
hemlock_extra_hazard_0.12,B0_full,Q2,PRESENT_NEAR_0.1,0,0,0,0,0,0,0,0,,,,,,,,,,,,,,,,,
hemlock_extra_hazard_0.12,B1_coarsened,Q2,ALL_ROSTER,81,81,0,81,0,37,44,0,,0.4567901234567901,0.5432098765432098,,,0.40955343364197533,0.5432098765432098,0.0,0.024691358024691357,0.4271820445119599,0.433563232421875,0.5802469135802469,0.5202907986111112,0.5477370273919753,0.5477370273919753,0.5432098765432098,0.5805314429012346
hemlock_extra_hazard_0.12,B1_coarsened,Q2,PRESENT_NEAR_0.1,0,0,0,0,0,0,0,0,,,,,,,,,,,,,,,,,
hemlock_extra_hazard_0.12,B2_unknown,Q2,ALL_ROSTER,81,81,0,81,0,30,51,0,,0.37037037037037035,0.6296296296296297,,,0.41878858024691357,0.6296296296296297,0.0,0.024691358024691357,0.4177735882040895,0.42103821554301696,0.7160493827160493,0.6669825424382716,0.5462571132330247,0.5462571132330247,0.7283950617283951,0.7112654320987654
hemlock_extra_hazard_0.12,B2_unknown,Q2,PRESENT_NEAR_0.1,0,0,0,0,0,0,0,0,,,,,,,,,,,,,,,,,
hemlock_extra_hazard_0.12,B3_label_only,Q2,ALL_ROSTER,81,81,0,81,0,39,42,0,,0.48148148148148145,0.5185185185185185,,,0.5170114776234568,0.5185185185185185,0.0,0.0,0.3208452389564043,0.7150132921006944,0.25925925925925924,0.0,0.45874776957947533,0.5771107614776234,0.2839506172839506,0.0
hemlock_extra_hazard_0.12,B3_label_only,Q2,PRESENT_NEAR_0.1,0,0,0,0,0,0,0,0,,,,,,,,,,,,,,,,,
entry_lognormal_annual_sd_1.2,B0_full,Q2,ALL_ROSTER,81,77,18,59,14,25,34,4,0.7777777777777778,0.423728813559322,0.576271186440678,0.2222222222222222,0.60075329566855,0.35893110795454547,0.4935064935064935,0.04938271604938271,0.037037037037037035,0.023463684835551696,0.18496195475260416,0.5308641975308642,0.32124083719135804,0.06154076847029321,0.21944587613329475,0.5679012345679012,0.3721860532407407
entry_lognormal_annual_sd_1.2,B0_full,Q2,PRESENT_NEAR_0.1,46,42,17,25,13,8,17,4,0.7647058823529411,0.32,0.68,0.23529411764705882,0.5423529411764706,0.35151599702380953,0.5,0.08695652173913043,0.06521739130434782,-0.06922182829483696,0.21515556003736414,0.6304347826086957,0.4981487771739131,-0.042222396187160324,0.23582790208899457,0.6956521739130435,0.5710045855978261
entry_lognormal_annual_sd_1.2,B1_coarsened,Q2,ALL_ROSTER,81,77,18,59,14,32,27,4,0.7777777777777778,0.5423728813559322,0.4576271186440678,0.2222222222222222,0.660075329566855,0.2829875202922078,0.4025974025974026,0.04938271604938271,0.024691358024691357,-0.07402226954330633,0.18570341887297453,0.7407407407407407,0.5202907986111112,-0.038532775125385804,0.22020241066261573,0.7777777777777778,0.5805314429012346
entry_lognormal_annual_sd_1.2,B1_coarsened,Q2,PRESENT_NEAR_0.1,46,42,17,25,13,7,18,4,0.7647058823529411,0.28,0.72,0.23529411764705882,0.5223529411764706,0.3497721354166667,0.5238095238095238,0.08695652173913043,0.043478260869565216,-0.05097497027853261,0.22259322456691577,0.6086956521739131,0.46877122961956513,-0.027937515922214672,0.2438865329908288,0.6956521739130435,0.5546790081521739
entry_lognormal_annual_sd_1.2,B2_unknown,Q2,ALL_ROSTER,81,77,18,59,16,28,31,2,0.8888888888888888,0.4745762711864407,0.5254237288135594,0.1111111111111111,0.6817325800376648,0.2905083198051948,0.42857142857142855,0.04938271604938271,0.024691358024691357,-0.0834307258511767,0.1524452868803048,0.8024691358024691,0.6669825424382716,-0.04001268928433642,0.19186137635030864,0.8395061728395061,0.7112654320987654
entry_lognormal_annual_sd_1.2,B2_unknown,Q2,PRESENT_NEAR_0.1,46,42,17,25,15,1,24,2,0.8823529411764706,0.04,0.96,0.11764705882352941,0.4611764705882353,0.39792596726190477,0.6190476190476191,0.08695652173913043,0.043478260869565216,-0.019218113111413044,0.10338227645210597,0.7608695652173914,0.7475203804347825,0.024910968282948368,0.14046445100203805,0.782608695652174,0.7714631453804348
entry_lognormal_annual_sd_1.2,B3_label_only,Q2,ALL_ROSTER,81,77,18,59,8,27,32,10,0.4444444444444444,0.4576271186440678,0.5423728813559322,0.5555555555555556,0.4510357815442561,0.5454925933441559,0.5454545454545454,0.04938271604938271,0.0,-0.18035907509886187,0.5546579243224344,0.037037037037037035,0.0,-0.1275220329378858,0.5018208821614584,0.037037037037037035,0.0
entry_lognormal_annual_sd_1.2,B3_label_only,Q2,PRESENT_NEAR_0.1,46,42,17,25,8,17,8,9,0.47058823529411764,0.68,0.32,0.5294117647058824,0.5752941176470588,0.40480840773809523,0.40476190476190477,0.08695652173913043,0.0,-0.4008735988451087,0.5978765073029891,0.0,0.0,-0.35154856806216034,0.5485514765200408,0.0,0.0
