query,reference_mass,estimated_mass,reference_status,world
Q1,0.717437744140625,1.0,FALSE,0
Q2,0.717437744140625,1.0,FALSE,0
Q1,0.55889892578125,0.9923095703125,FALSE,1
Q2,0.55889892578125,0.9923095703125,FALSE,1
Q1,0.8019561767578125,1.0,FALSE,2
Q2,0.8019561767578125,1.0,FALSE,2
Q1,0.720458984375,1.0,FALSE,3
Q2,0.720458984375,1.0,FALSE,3
Q1,0.749725341796875,1.0,FALSE,4
Q2,0.749725341796875,1.0,FALSE,4
Q1,0.7970733642578125,0.9998779296875,FALSE,5
Q2,0.7970733642578125,0.9998779296875,FALSE,5
Q1,0.598968505859375,0.9998779296875,FALSE,6
Q2,0.598968505859375,0.9998779296875,FALSE,6
Q1,0.756805419921875,1.0,FALSE,7
Q2,0.756805419921875,1.0,FALSE,7
Q1,0.709564208984375,0.9989013671875,FALSE,8
Q2,0.709564208984375,0.9989013671875,FALSE,8
Q1,0.6854705810546875,1.0,FALSE,9
Q2,0.6854705810546875,1.0,FALSE,9
Q1,0.875579833984375,0.9788818359375,FALSE,10
Q2,0.875579833984375,0.9788818359375,FALSE,10
Q1,0.796661376953125,1.0,FALSE,11
Q2,0.796661376953125,1.0,FALSE,11
Q1,0.764373779296875,0.9998779296875,FALSE,12
Q2,0.764373779296875,0.9998779296875,FALSE,12
Q1,0.7536773681640625,0.998779296875,FALSE,13
Q2,0.7536773681640625,0.998779296875,FALSE,13
Q1,0.808074951171875,0.9998779296875,FALSE,14
Q2,0.808074951171875,0.9998779296875,FALSE,14
Q1,0.75714111328125,0.961181640625,FALSE,15
Q2,0.75714111328125,0.961181640625,FALSE,15
Q1,0.7820281982421875,0.9906005859375,FALSE,16
Q2,0.7820281982421875,0.9906005859375,FALSE,16
Q1,0.7963714599609375,0.9608154296875,FALSE,17
Q2,0.7963714599609375,0.9608154296875,FALSE,17
Q1,0.674468994140625,0.856201171875,FALSE,18
Q2,0.674468994140625,0.856201171875,FALSE,18
Q1,0.7269287109375,0.7772216796875,FALSE,19
Q2,0.7269287109375,0.7772216796875,FALSE,19
Q1,0.734832763671875,0.957275390625,FALSE,20
Q2,0.734832763671875,0.957275390625,FALSE,20
Q1,0.7639312744140625,0.801025390625,TRUE,21
Q2,0.7639312744140625,0.801025390625,TRUE,21
Q1,0.777435302734375,0.86083984375,TRUE,22
Q2,0.777435302734375,0.86083984375,TRUE,22
Q1,0.8192901611328125,0.98876953125,TRUE,23
Q2,0.8192901611328125,0.98876953125,TRUE,23
Q1,0.6634368896484375,0.838134765625,FALSE,24
Q2,0.6634368896484375,0.838134765625,FALSE,24
Q1,0.7130889892578125,0.9781494140625,FALSE,25
Q2,0.7130889892578125,0.9781494140625,FALSE,25
Q1,0.7470550537109375,0.9808349609375,MC_UNRESOLVED,26
Q2,0.7470550537109375,0.9808349609375,MC_UNRESOLVED,26
Q1,0.744781494140625,0.858154296875,FALSE,27
Q2,0.744781494140625,0.858154296875,FALSE,27
Q1,0.7777862548828125,0.9444580078125,TRUE,28
Q2,0.7777862548828125,0.9444580078125,TRUE,28
Q1,0.822052001953125,0.88134765625,TRUE,29
Q2,0.822052001953125,0.88134765625,TRUE,29
Q1,0.6670989990234375,0.96533203125,FALSE,30
Q2,0.6670989990234375,0.96533203125,FALSE,30
Q1,0.7163238525390625,0.623779296875,FALSE,31
Q2,0.7163238525390625,0.623779296875,FALSE,31
Q1,0.7523651123046875,0.88330078125,MC_UNRESOLVED,32
Q2,0.7523651123046875,0.88330078125,MC_UNRESOLVED,32
Q1,0.753143310546875,0.99609375,MC_UNRESOLVED,33
Q2,0.753143310546875,0.99609375,MC_UNRESOLVED,33
Q1,0.7894134521484375,0.996337890625,TRUE,34
Q2,0.7894134521484375,0.996337890625,TRUE,34
Q1,0.81756591796875,0.815673828125,TRUE,35
Q2,0.81756591796875,0.815673828125,TRUE,35
Q1,0.66253662109375,0.2562255859375,FALSE,36
Q2,0.66253662109375,0.2562255859375,FALSE,36
Q1,0.71337890625,0.100830078125,FALSE,37
Q2,0.71337890625,0.100830078125,FALSE,37
Q1,0.7487640380859375,0.179443359375,MC_UNRESOLVED,38
Q2,0.7487640380859375,0.179443359375,MC_UNRESOLVED,38
Q1,0.7392425537109375,0.627197265625,FALSE,39
Q2,0.7392425537109375,0.627197265625,FALSE,39
Q1,0.7738189697265625,0.560546875,TRUE,40
Q2,0.7738189697265625,0.560546875,TRUE,40
Q1,0.8237762451171875,0.399658203125,TRUE,41
Q2,0.8237762451171875,0.399658203125,TRUE,41
Q1,0.6691436767578125,0.5111083984375,FALSE,42
Q2,0.6691436767578125,0.5111083984375,FALSE,42
Q1,0.7128753662109375,0.0611572265625,FALSE,43
Q2,0.7128753662109375,0.0611572265625,FALSE,43
Q1,0.7520751953125,0.0054931640625,MC_UNRESOLVED,44
Q2,0.7520751953125,0.0054931640625,MC_UNRESOLVED,44
Q1,0.7483062744140625,0.794921875,MC_UNRESOLVED,45
Q2,0.7483062744140625,0.794921875,MC_UNRESOLVED,45
Q1,0.781341552734375,0.7099609375,TRUE,46
Q2,0.781341552734375,0.7099609375,TRUE,46
Q1,0.8166961669921875,0.94091796875,TRUE,47
Q2,0.8166961669921875,0.94091796875,TRUE,47
Q1,0.671966552734375,0.1505126953125,FALSE,48
Q2,0.671966552734375,0.1505126953125,FALSE,48
Q1,0.71240234375,0.1798095703125,FALSE,49
Q2,0.71240234375,0.1798095703125,FALSE,49
Q1,0.741180419921875,0.6590576171875,FALSE,50
Q2,0.741180419921875,0.6590576171875,FALSE,50
Q1,0.7383880615234375,0.928466796875,FALSE,51
Q2,0.7383880615234375,0.928466796875,FALSE,51
Q1,0.7979888916015625,0.06494140625,TRUE,52
Q2,0.7979888916015625,0.06494140625,TRUE,52
Q1,0.820953369140625,0.48095703125,TRUE,53
Q2,0.820953369140625,0.4781494140625,TRUE,53
Q1,0.76690673828125,0.7501220703125,TRUE,54
Q2,0.687652587890625,0.716552734375,FALSE,54
Q1,0.8527069091796875,0.956787109375,TRUE,55
Q2,0.653961181640625,0.955810546875,FALSE,55
Q1,0.854888916015625,0.90087890625,TRUE,56
Q2,0.730621337890625,0.8802490234375,FALSE,56
Q1,0.878448486328125,0.8699951171875,TRUE,57
Q2,0.742950439453125,0.847900390625,FALSE,57
Q1,0.8620452880859375,0.9443359375,TRUE,58
Q2,0.788482666015625,0.9390869140625,TRUE,58
Q1,0.923614501953125,0.977294921875,TRUE,59
Q2,0.8302764892578125,0.9361572265625,TRUE,59
Q1,0.9464569091796875,0.9998779296875,TRUE,60
Q2,0.6746368408203125,0.986572265625,FALSE,60
Q1,0.9003448486328125,0.996337890625,TRUE,61
Q2,0.7662811279296875,0.8262939453125,TRUE,61
Q1,0.9565277099609375,0.6666259765625,TRUE,62
Q2,0.7592926025390625,0.6456298828125,TRUE,62
Q1,0.94683837890625,0.9998779296875,TRUE,63
Q2,0.75665283203125,0.970703125,TRUE,63
Q1,0.9555206298828125,0.99755859375,TRUE,64
Q2,0.7874298095703125,0.94677734375,TRUE,64
Q1,0.96539306640625,0.9984130859375,TRUE,65
Q2,0.824005126953125,0.9705810546875,TRUE,65
Q1,0.9643402099609375,0.9984130859375,TRUE,66
Q2,0.682647705078125,0.8876953125,FALSE,66
Q1,0.9921417236328125,0.9827880859375,TRUE,67
Q2,0.7115631103515625,0.9061279296875,FALSE,67
Q1,0.9655914306640625,0.96728515625,TRUE,68
Q2,0.7555389404296875,0.6444091796875,TRUE,68
Q1,0.9994659423828125,0.9996337890625,TRUE,69
Q2,0.850067138671875,0.9583740234375,TRUE,69
Q1,0.9751129150390625,0.9871826171875,TRUE,70
Q2,0.7777557373046875,0.8133544921875,TRUE,70
Q1,0.99884033203125,1.0,TRUE,71
Q2,0.89410400390625,0.9683837890625,TRUE,71
Q1,0.0,0.0,FALSE,72
Q2,0.0,0.0,FALSE,72
Q1,0.0,0.0,FALSE,73
Q2,0.0,0.0,FALSE,73
Q1,0.0,0.0,FALSE,74
Q2,0.0,0.0,FALSE,74
Q1,0.0,0.0,FALSE,75
Q2,0.0,0.0,FALSE,75
Q1,0.0,0.0,FALSE,76
Q2,0.0,0.0,FALSE,76
Q1,0.0,0.0,FALSE,77
Q2,0.0,0.0,FALSE,77
Q1,0.0,0.0,FALSE,78
Q2,0.0,0.0,FALSE,78
Q1,0.0,0.0,FALSE,79
Q2,0.0,0.0,FALSE,79
Q1,0.0,0.0,FALSE,80
Q2,0.0,0.0,FALSE,80
