query,suite,panel,K,subset,condition,metric,n,lower,upper,scope
Q1,correct,BASELINE32,256,ALL_ROSTER,E00,sensitivity,31,0.7114759374369357,0.9486571562537083,Pointwise design-conditional Wilson; not ecological population
Q1,correct,BASELINE32,256,ALL_ROSTER,E00,specificity,44,0.4006618319896198,0.6829476585777909,Pointwise design-conditional Wilson; not ecological population
Q1,correct,BASELINE32,256,ALL_ROSTER,E10,sensitivity,31,0.7114759374369357,0.9486571562537083,Pointwise design-conditional Wilson; not ecological population
Q1,correct,BASELINE32,256,ALL_ROSTER,E10,specificity,44,0.706337949377594,0.9207332298779874,Pointwise design-conditional Wilson; not ecological population
Q1,correct,BASELINE32,256,ALL_ROSTER,E01,sensitivity,31,0.6018758161665794,0.886048644387375,Pointwise design-conditional Wilson; not ecological population
Q1,correct,BASELINE32,256,ALL_ROSTER,E01,specificity,44,0.444097537410319,0.7231214437245027,Pointwise design-conditional Wilson; not ecological population
Q1,correct,BASELINE32,256,ALL_ROSTER,E11,sensitivity,31,0.889744604539564,1.0,Pointwise design-conditional Wilson; not ecological population
Q1,correct,BASELINE32,256,ALL_ROSTER,E11,specificity,44,0.9197043962415193,1.0,Pointwise design-conditional Wilson; not ecological population
Q1,correct,BASELINE32,256,PRESENT_NEAR_0.1,E00,sensitivity,14,0.4535091567010683,0.8827862135542308,Pointwise design-conditional Wilson; not ecological population
Q1,correct,BASELINE32,256,PRESENT_NEAR_0.1,E00,specificity,17,0.21611056790214833,0.6399455735700021,Pointwise design-conditional Wilson; not ecological population
Q1,correct,BASELINE32,256,PRESENT_NEAR_0.1,E10,sensitivity,14,0.4535091567010683,0.8827862135542308,Pointwise design-conditional Wilson; not ecological population
Q1,correct,BASELINE32,256,PRESENT_NEAR_0.1,E10,specificity,17,0.360054426429998,0.7838894320978518,Pointwise design-conditional Wilson; not ecological population
Q1,correct,BASELINE32,256,PRESENT_NEAR_0.1,E01,sensitivity,14,0.2679920245241364,0.7320079754758636,Pointwise design-conditional Wilson; not ecological population
Q1,correct,BASELINE32,256,PRESENT_NEAR_0.1,E01,specificity,17,0.30963235060004446,0.7383489355759056,Pointwise design-conditional Wilson; not ecological population
Q1,correct,BASELINE32,256,PRESENT_NEAR_0.1,E11,sensitivity,14,0.7846891972623643,1.0,Pointwise design-conditional Wilson; not ecological population
Q1,correct,BASELINE32,256,PRESENT_NEAR_0.1,E11,specificity,17,0.8156818649911484,1.0,Pointwise design-conditional Wilson; not ecological population
Q1,correct,PREFIX8,256,ALL_ROSTER,E00,sensitivity,31,0.7114759374369357,0.9486571562537083,Pointwise design-conditional Wilson; not ecological population
Q1,correct,PREFIX8,256,ALL_ROSTER,E00,specificity,44,0.337549910322511,0.6206453443937836,Pointwise design-conditional Wilson; not ecological population
Q1,correct,PREFIX8,256,ALL_ROSTER,E10,sensitivity,31,0.7928136326370187,0.9821252164780853,Pointwise design-conditional Wilson; not ecological population
Q1,correct,PREFIX8,256,ALL_ROSTER,E10,specificity,44,0.6803944911281533,0.9048719428437227,Pointwise design-conditional Wilson; not ecological population
Q1,correct,PREFIX8,256,ALL_ROSTER,E01,sensitivity,31,0.6371974218820453,0.908129916384139,Pointwise design-conditional Wilson; not ecological population
Q1,correct,PREFIX8,256,ALL_ROSTER,E01,specificity,44,0.4006618319896198,0.6829476585777909,Pointwise design-conditional Wilson; not ecological population
Q1,correct,PREFIX8,256,ALL_ROSTER,E11,sensitivity,31,0.889744604539564,1.0,Pointwise design-conditional Wilson; not ecological population
Q1,correct,PREFIX8,256,ALL_ROSTER,E11,specificity,44,0.8486500156237036,0.9874448900504049,Pointwise design-conditional Wilson; not ecological population
Q1,correct,PREFIX8,256,PRESENT_NEAR_0.1,E00,sensitivity,14,0.4535091567010683,0.8827862135542308,Pointwise design-conditional Wilson; not ecological population
Q1,correct,PREFIX8,256,PRESENT_NEAR_0.1,E00,specificity,17,0.1730972039724375,0.5869963651478132,Pointwise design-conditional Wilson; not ecological population
Q1,correct,PREFIX8,256,PRESENT_NEAR_0.1,E10,sensitivity,14,0.6005862050302966,0.959906078728535,Pointwise design-conditional Wilson; not ecological population
Q1,correct,PREFIX8,256,PRESENT_NEAR_0.1,E10,specificity,17,0.30963235060004446,0.7383489355759056,Pointwise design-conditional Wilson; not ecological population
Q1,correct,PREFIX8,256,PRESENT_NEAR_0.1,E01,sensitivity,14,0.3259064457965075,0.7861920109552587,Pointwise design-conditional Wilson; not ecological population
Q1,correct,PREFIX8,256,PRESENT_NEAR_0.1,E01,specificity,17,0.30963235060004446,0.7383489355759056,Pointwise design-conditional Wilson; not ecological population
Q1,correct,PREFIX8,256,PRESENT_NEAR_0.1,E11,sensitivity,14,0.7846891972623643,1.0,Pointwise design-conditional Wilson; not ecological population
Q1,correct,PREFIX8,256,PRESENT_NEAR_0.1,E11,specificity,17,0.6566364940511413,0.9671202262362073,Pointwise design-conditional Wilson; not ecological population
Q1,correct,PREFIX8,1024,ALL_ROSTER,E00,sensitivity,31,0.7114759374369357,0.9486571562537083,Pointwise design-conditional Wilson; not ecological population
Q1,correct,PREFIX8,1024,ALL_ROSTER,E00,specificity,44,0.337549910322511,0.6206453443937836,Pointwise design-conditional Wilson; not ecological population
Q1,correct,PREFIX8,1024,ALL_ROSTER,E10,sensitivity,31,0.7510006155660716,0.9665353558368024,Pointwise design-conditional Wilson; not ecological population
Q1,correct,PREFIX8,1024,ALL_ROSTER,E10,specificity,44,0.706337949377594,0.9207332298779874,Pointwise design-conditional Wilson; not ecological population
Q1,correct,PREFIX8,1024,ALL_ROSTER,E01,sensitivity,31,0.6371974218820453,0.908129916384139,Pointwise design-conditional Wilson; not ecological population
Q1,correct,PREFIX8,1024,ALL_ROSTER,E01,specificity,44,0.4006618319896198,0.6829476585777909,Pointwise design-conditional Wilson; not ecological population
Q1,correct,PREFIX8,1024,ALL_ROSTER,E11,sensitivity,31,0.889744604539564,1.0,Pointwise design-conditional Wilson; not ecological population
Q1,correct,PREFIX8,1024,ALL_ROSTER,E11,specificity,44,0.9197043962415193,1.0,Pointwise design-conditional Wilson; not ecological population
Q1,correct,PREFIX8,1024,PRESENT_NEAR_0.1,E00,sensitivity,14,0.4535091567010683,0.8827862135542308,Pointwise design-conditional Wilson; not ecological population
Q1,correct,PREFIX8,1024,PRESENT_NEAR_0.1,E00,specificity,17,0.1730972039724375,0.5869963651478132,Pointwise design-conditional Wilson; not ecological population
Q1,correct,PREFIX8,1024,PRESENT_NEAR_0.1,E10,sensitivity,14,0.5241076941339972,0.9242861328730682,Pointwise design-conditional Wilson; not ecological population
Q1,correct,PREFIX8,1024,PRESENT_NEAR_0.1,E10,specificity,17,0.360054426429998,0.7838894320978518,Pointwise design-conditional Wilson; not ecological population
Q1,correct,PREFIX8,1024,PRESENT_NEAR_0.1,E01,sensitivity,14,0.3259064457965075,0.7861920109552587,Pointwise design-conditional Wilson; not ecological population
Q1,correct,PREFIX8,1024,PRESENT_NEAR_0.1,E01,specificity,17,0.30963235060004446,0.7383489355759056,Pointwise design-conditional Wilson; not ecological population
Q1,correct,PREFIX8,1024,PRESENT_NEAR_0.1,E11,sensitivity,14,0.7846891972623643,1.0,Pointwise design-conditional Wilson; not ecological population
Q1,correct,PREFIX8,1024,PRESENT_NEAR_0.1,E11,specificity,17,0.8156818649911484,1.0,Pointwise design-conditional Wilson; not ecological population
Q1,correct,PREFIX8,4096,ALL_ROSTER,E00,sensitivity,31,0.7114759374369357,0.9486571562537083,Pointwise design-conditional Wilson; not ecological population
Q1,correct,PREFIX8,4096,ALL_ROSTER,E00,specificity,44,0.337549910322511,0.6206453443937836,Pointwise design-conditional Wilson; not ecological population
Q1,correct,PREFIX8,4096,ALL_ROSTER,E10,sensitivity,31,0.7510006155660716,0.9665353558368024,Pointwise design-conditional Wilson; not ecological population
Q1,correct,PREFIX8,4096,ALL_ROSTER,E10,specificity,44,0.706337949377594,0.9207332298779874,Pointwise design-conditional Wilson; not ecological population
Q1,correct,PREFIX8,4096,ALL_ROSTER,E01,sensitivity,31,0.6371974218820453,0.908129916384139,Pointwise design-conditional Wilson; not ecological population
Q1,correct,PREFIX8,4096,ALL_ROSTER,E01,specificity,44,0.4006618319896198,0.6829476585777909,Pointwise design-conditional Wilson; not ecological population
Q1,correct,PREFIX8,4096,ALL_ROSTER,E11,sensitivity,31,0.889744604539564,1.0,Pointwise design-conditional Wilson; not ecological population
Q1,correct,PREFIX8,4096,ALL_ROSTER,E11,specificity,44,0.9197043962415193,1.0,Pointwise design-conditional Wilson; not ecological population
Q1,correct,PREFIX8,4096,PRESENT_NEAR_0.1,E00,sensitivity,14,0.4535091567010683,0.8827862135542308,Pointwise design-conditional Wilson; not ecological population
Q1,correct,PREFIX8,4096,PRESENT_NEAR_0.1,E00,specificity,17,0.1730972039724375,0.5869963651478132,Pointwise design-conditional Wilson; not ecological population
Q1,correct,PREFIX8,4096,PRESENT_NEAR_0.1,E10,sensitivity,14,0.5241076941339972,0.9242861328730682,Pointwise design-conditional Wilson; not ecological population
Q1,correct,PREFIX8,4096,PRESENT_NEAR_0.1,E10,specificity,17,0.360054426429998,0.7838894320978518,Pointwise design-conditional Wilson; not ecological population
Q1,correct,PREFIX8,4096,PRESENT_NEAR_0.1,E01,sensitivity,14,0.3259064457965075,0.7861920109552587,Pointwise design-conditional Wilson; not ecological population
Q1,correct,PREFIX8,4096,PRESENT_NEAR_0.1,E01,specificity,17,0.30963235060004446,0.7383489355759056,Pointwise design-conditional Wilson; not ecological population
Q1,correct,PREFIX8,4096,PRESENT_NEAR_0.1,E11,sensitivity,14,0.7846891972623643,1.0,Pointwise design-conditional Wilson; not ecological population
Q1,correct,PREFIX8,4096,PRESENT_NEAR_0.1,E11,specificity,17,0.8156818649911484,1.0,Pointwise design-conditional Wilson; not ecological population
Q1,hemlock_extra_hazard_0.12,BASELINE32,256,ALL_ROSTER,E00,sensitivity,17,0.8156818649911484,1.0,Pointwise design-conditional Wilson; not ecological population
Q1,hemlock_extra_hazard_0.12,BASELINE32,256,ALL_ROSTER,E00,specificity,64,0.35175987425176036,0.5892791294852898,Pointwise design-conditional Wilson; not ecological population
Q1,hemlock_extra_hazard_0.12,BASELINE32,256,ALL_ROSTER,E10,sensitivity,17,0.8156818649911484,1.0,Pointwise design-conditional Wilson; not ecological population
Q1,hemlock_extra_hazard_0.12,BASELINE32,256,ALL_ROSTER,E10,specificity,64,0.5660766429725186,0.7876893346051794,Pointwise design-conditional Wilson; not ecological population
Q1,hemlock_extra_hazard_0.12,BASELINE32,256,ALL_ROSTER,E01,sensitivity,17,0.8156818649911484,1.0,Pointwise design-conditional Wilson; not ecological population
Q1,hemlock_extra_hazard_0.12,BASELINE32,256,ALL_ROSTER,E01,specificity,64,0.44086208956993017,0.6770599029559692,Pointwise design-conditional Wilson; not ecological population
Q1,hemlock_extra_hazard_0.12,BASELINE32,256,ALL_ROSTER,E11,sensitivity,17,0.8156818649911484,1.0,Pointwise design-conditional Wilson; not ecological population
Q1,hemlock_extra_hazard_0.12,BASELINE32,256,ALL_ROSTER,E11,specificity,64,0.5822979889645709,0.8009484867446021,Pointwise design-conditional Wilson; not ecological population
Q1,hemlock_extra_hazard_0.12,BASELINE32,256,PRESENT_NEAR_0.1,E00,sensitivity,4,0.5101091635454028,1.0,Pointwise design-conditional Wilson; not ecological population
Q1,hemlock_extra_hazard_0.12,BASELINE32,256,PRESENT_NEAR_0.1,E00,specificity,1,0.0,0.7934506856227624,Pointwise design-conditional Wilson; not ecological population
Q1,hemlock_extra_hazard_0.12,BASELINE32,256,PRESENT_NEAR_0.1,E10,sensitivity,4,0.5101091635454028,1.0,Pointwise design-conditional Wilson; not ecological population
Q1,hemlock_extra_hazard_0.12,BASELINE32,256,PRESENT_NEAR_0.1,E10,specificity,1,0.0,0.7934506856227624,Pointwise design-conditional Wilson; not ecological population
Q1,hemlock_extra_hazard_0.12,BASELINE32,256,PRESENT_NEAR_0.1,E01,sensitivity,4,0.5101091635454028,1.0,Pointwise design-conditional Wilson; not ecological population
Q1,hemlock_extra_hazard_0.12,BASELINE32,256,PRESENT_NEAR_0.1,E01,specificity,1,0.0,0.7934506856227624,Pointwise design-conditional Wilson; not ecological population
Q1,hemlock_extra_hazard_0.12,BASELINE32,256,PRESENT_NEAR_0.1,E11,sensitivity,4,0.5101091635454028,1.0,Pointwise design-conditional Wilson; not ecological population
Q1,hemlock_extra_hazard_0.12,BASELINE32,256,PRESENT_NEAR_0.1,E11,specificity,1,0.0,0.7934506856227624,Pointwise design-conditional Wilson; not ecological population
Q1,hemlock_extra_hazard_0.12,PREFIX8,256,ALL_ROSTER,E00,sensitivity,17,0.8156818649911484,1.0,Pointwise design-conditional Wilson; not ecological population
Q1,hemlock_extra_hazard_0.12,PREFIX8,256,ALL_ROSTER,E00,specificity,64,0.30869782474345486,0.5438996845991709,Pointwise design-conditional Wilson; not ecological population
Q1,hemlock_extra_hazard_0.12,PREFIX8,256,ALL_ROSTER,E10,sensitivity,17,0.8156818649911484,1.0,Pointwise design-conditional Wilson; not ecological population
Q1,hemlock_extra_hazard_0.12,PREFIX8,256,ALL_ROSTER,E10,specificity,64,0.502503786840045,0.7333401982117536,Pointwise design-conditional Wilson; not ecological population
Q1,hemlock_extra_hazard_0.12,PREFIX8,256,ALL_ROSTER,E01,sensitivity,17,0.8156818649911484,1.0,Pointwise design-conditional Wilson; not ecological population
Q1,hemlock_extra_hazard_0.12,PREFIX8,256,ALL_ROSTER,E01,specificity,64,0.3958160147858013,0.6336644833456736,Pointwise design-conditional Wilson; not ecological population
Q1,hemlock_extra_hazard_0.12,PREFIX8,256,ALL_ROSTER,E11,sensitivity,17,0.8156818649911484,1.0,Pointwise design-conditional Wilson; not ecological population
Q1,hemlock_extra_hazard_0.12,PREFIX8,256,ALL_ROSTER,E11,specificity,64,0.5340364020991819,0.7607685792155665,Pointwise design-conditional Wilson; not ecological population
Q1,hemlock_extra_hazard_0.12,PREFIX8,256,PRESENT_NEAR_0.1,E00,sensitivity,4,0.5101091635454028,1.0,Pointwise design-conditional Wilson; not ecological population
Q1,hemlock_extra_hazard_0.12,PREFIX8,256,PRESENT_NEAR_0.1,E00,specificity,1,0.0,0.7934506856227624,Pointwise design-conditional Wilson; not ecological population
Q1,hemlock_extra_hazard_0.12,PREFIX8,256,PRESENT_NEAR_0.1,E10,sensitivity,4,0.5101091635454028,1.0,Pointwise design-conditional Wilson; not ecological population
Q1,hemlock_extra_hazard_0.12,PREFIX8,256,PRESENT_NEAR_0.1,E10,specificity,1,0.0,0.7934506856227624,Pointwise design-conditional Wilson; not ecological population
Q1,hemlock_extra_hazard_0.12,PREFIX8,256,PRESENT_NEAR_0.1,E01,sensitivity,4,0.5101091635454028,1.0,Pointwise design-conditional Wilson; not ecological population
Q1,hemlock_extra_hazard_0.12,PREFIX8,256,PRESENT_NEAR_0.1,E01,specificity,1,0.0,0.7934506856227624,Pointwise design-conditional Wilson; not ecological population
Q1,hemlock_extra_hazard_0.12,PREFIX8,256,PRESENT_NEAR_0.1,E11,sensitivity,4,0.5101091635454028,1.0,Pointwise design-conditional Wilson; not ecological population
Q1,hemlock_extra_hazard_0.12,PREFIX8,256,PRESENT_NEAR_0.1,E11,specificity,1,0.0,0.7934506856227624,Pointwise design-conditional Wilson; not ecological population
Q1,hemlock_extra_hazard_0.12,PREFIX8,1024,ALL_ROSTER,E00,sensitivity,17,0.8156818649911484,1.0,Pointwise design-conditional Wilson; not ecological population
Q1,hemlock_extra_hazard_0.12,PREFIX8,1024,ALL_ROSTER,E00,specificity,64,0.30869782474345486,0.5438996845991709,Pointwise design-conditional Wilson; not ecological population
Q1,hemlock_extra_hazard_0.12,PREFIX8,1024,ALL_ROSTER,E10,sensitivity,17,0.8156818649911484,1.0,Pointwise design-conditional Wilson; not ecological population
Q1,hemlock_extra_hazard_0.12,PREFIX8,1024,ALL_ROSTER,E10,specificity,64,0.5340364020991819,0.7607685792155665,Pointwise design-conditional Wilson; not ecological population
Q1,hemlock_extra_hazard_0.12,PREFIX8,1024,ALL_ROSTER,E01,sensitivity,17,0.8156818649911484,1.0,Pointwise design-conditional Wilson; not ecological population
Q1,hemlock_extra_hazard_0.12,PREFIX8,1024,ALL_ROSTER,E01,specificity,64,0.3958160147858013,0.6336644833456736,Pointwise design-conditional Wilson; not ecological population
Q1,hemlock_extra_hazard_0.12,PREFIX8,1024,ALL_ROSTER,E11,sensitivity,17,0.8156818649911484,1.0,Pointwise design-conditional Wilson; not ecological population
Q1,hemlock_extra_hazard_0.12,PREFIX8,1024,ALL_ROSTER,E11,specificity,64,0.598660697177926,0.8140662766627216,Pointwise design-conditional Wilson; not ecological population
Q1,hemlock_extra_hazard_0.12,PREFIX8,1024,PRESENT_NEAR_0.1,E00,sensitivity,4,0.5101091635454028,1.0,Pointwise design-conditional Wilson; not ecological population
Q1,hemlock_extra_hazard_0.12,PREFIX8,1024,PRESENT_NEAR_0.1,E00,specificity,1,0.0,0.7934506856227624,Pointwise design-conditional Wilson; not ecological population
Q1,hemlock_extra_hazard_0.12,PREFIX8,1024,PRESENT_NEAR_0.1,E10,sensitivity,4,0.5101091635454028,1.0,Pointwise design-conditional Wilson; not ecological population
Q1,hemlock_extra_hazard_0.12,PREFIX8,1024,PRESENT_NEAR_0.1,E10,specificity,1,0.2065493143772375,1.0,Pointwise design-conditional Wilson; not ecological population
Q1,hemlock_extra_hazard_0.12,PREFIX8,1024,PRESENT_NEAR_0.1,E01,sensitivity,4,0.5101091635454028,1.0,Pointwise design-conditional Wilson; not ecological population
Q1,hemlock_extra_hazard_0.12,PREFIX8,1024,PRESENT_NEAR_0.1,E01,specificity,1,0.0,0.7934506856227624,Pointwise design-conditional Wilson; not ecological population
Q1,hemlock_extra_hazard_0.12,PREFIX8,1024,PRESENT_NEAR_0.1,E11,sensitivity,4,0.5101091635454028,1.0,Pointwise design-conditional Wilson; not ecological population
Q1,hemlock_extra_hazard_0.12,PREFIX8,1024,PRESENT_NEAR_0.1,E11,specificity,1,0.0,0.7934506856227624,Pointwise design-conditional Wilson; not ecological population
Q1,hemlock_extra_hazard_0.12,PREFIX8,4096,ALL_ROSTER,E00,sensitivity,17,0.8156818649911484,1.0,Pointwise design-conditional Wilson; not ecological population
Q1,hemlock_extra_hazard_0.12,PREFIX8,4096,ALL_ROSTER,E00,specificity,64,0.30869782474345486,0.5438996845991709,Pointwise design-conditional Wilson; not ecological population
Q1,hemlock_extra_hazard_0.12,PREFIX8,4096,ALL_ROSTER,E10,sensitivity,17,0.8156818649911484,1.0,Pointwise design-conditional Wilson; not ecological population
Q1,hemlock_extra_hazard_0.12,PREFIX8,4096,ALL_ROSTER,E10,specificity,64,0.5340364020991819,0.7607685792155665,Pointwise design-conditional Wilson; not ecological population
Q1,hemlock_extra_hazard_0.12,PREFIX8,4096,ALL_ROSTER,E01,sensitivity,17,0.8156818649911484,1.0,Pointwise design-conditional Wilson; not ecological population
Q1,hemlock_extra_hazard_0.12,PREFIX8,4096,ALL_ROSTER,E01,specificity,64,0.3958160147858013,0.6336644833456736,Pointwise design-conditional Wilson; not ecological population
Q1,hemlock_extra_hazard_0.12,PREFIX8,4096,ALL_ROSTER,E11,sensitivity,17,0.8156818649911484,1.0,Pointwise design-conditional Wilson; not ecological population
Q1,hemlock_extra_hazard_0.12,PREFIX8,4096,ALL_ROSTER,E11,specificity,64,0.6151712627143487,0.8270362092577738,Pointwise design-conditional Wilson; not ecological population
Q1,hemlock_extra_hazard_0.12,PREFIX8,4096,PRESENT_NEAR_0.1,E00,sensitivity,4,0.5101091635454028,1.0,Pointwise design-conditional Wilson; not ecological population
Q1,hemlock_extra_hazard_0.12,PREFIX8,4096,PRESENT_NEAR_0.1,E00,specificity,1,0.0,0.7934506856227624,Pointwise design-conditional Wilson; not ecological population
Q1,hemlock_extra_hazard_0.12,PREFIX8,4096,PRESENT_NEAR_0.1,E10,sensitivity,4,0.5101091635454028,1.0,Pointwise design-conditional Wilson; not ecological population
Q1,hemlock_extra_hazard_0.12,PREFIX8,4096,PRESENT_NEAR_0.1,E10,specificity,1,0.2065493143772375,1.0,Pointwise design-conditional Wilson; not ecological population
Q1,hemlock_extra_hazard_0.12,PREFIX8,4096,PRESENT_NEAR_0.1,E01,sensitivity,4,0.5101091635454028,1.0,Pointwise design-conditional Wilson; not ecological population
Q1,hemlock_extra_hazard_0.12,PREFIX8,4096,PRESENT_NEAR_0.1,E01,specificity,1,0.0,0.7934506856227624,Pointwise design-conditional Wilson; not ecological population
Q1,hemlock_extra_hazard_0.12,PREFIX8,4096,PRESENT_NEAR_0.1,E11,sensitivity,4,0.5101091635454028,1.0,Pointwise design-conditional Wilson; not ecological population
Q1,hemlock_extra_hazard_0.12,PREFIX8,4096,PRESENT_NEAR_0.1,E11,specificity,1,0.0,0.7934506856227624,Pointwise design-conditional Wilson; not ecological population
Q1,entry_lognormal_annual_sd_1.2,BASELINE32,256,ALL_ROSTER,E00,sensitivity,31,0.7114759374369357,0.9486571562537083,Pointwise design-conditional Wilson; not ecological population
Q1,entry_lognormal_annual_sd_1.2,BASELINE32,256,ALL_ROSTER,E00,specificity,46,0.4018018105980128,0.678452662177154,Pointwise design-conditional Wilson; not ecological population
Q1,entry_lognormal_annual_sd_1.2,BASELINE32,256,ALL_ROSTER,E10,sensitivity,31,0.7114759374369357,0.9486571562537083,Pointwise design-conditional Wilson; not ecological population
Q1,entry_lognormal_annual_sd_1.2,BASELINE32,256,ALL_ROSTER,E10,specificity,46,0.6927664628362151,0.9091420829775367,Pointwise design-conditional Wilson; not ecological population
Q1,entry_lognormal_annual_sd_1.2,BASELINE32,256,ALL_ROSTER,E01,sensitivity,31,0.6018758161665794,0.886048644387375,Pointwise design-conditional Wilson; not ecological population
Q1,entry_lognormal_annual_sd_1.2,BASELINE32,256,ALL_ROSTER,E01,specificity,46,0.4645684323162076,0.7360677496217098,Pointwise design-conditional Wilson; not ecological population
Q1,entry_lognormal_annual_sd_1.2,BASELINE32,256,ALL_ROSTER,E11,sensitivity,31,0.889744604539564,1.0,Pointwise design-conditional Wilson; not ecological population
Q1,entry_lognormal_annual_sd_1.2,BASELINE32,256,ALL_ROSTER,E11,specificity,46,0.8546774097378094,0.9879945544014435,Pointwise design-conditional Wilson; not ecological population
Q1,entry_lognormal_annual_sd_1.2,BASELINE32,256,PRESENT_NEAR_0.1,E00,sensitivity,18,0.5478541568378739,0.9099907189139831,Pointwise design-conditional Wilson; not ecological population
Q1,entry_lognormal_annual_sd_1.2,BASELINE32,256,PRESENT_NEAR_0.1,E00,specificity,19,0.23141891282454244,0.6372409646574496,Pointwise design-conditional Wilson; not ecological population
Q1,entry_lognormal_annual_sd_1.2,BASELINE32,256,PRESENT_NEAR_0.1,E10,sensitivity,18,0.5478541568378739,0.9099907189139831,Pointwise design-conditional Wilson; not ecological population
Q1,entry_lognormal_annual_sd_1.2,BASELINE32,256,PRESENT_NEAR_0.1,E10,specificity,19,0.3627590353425504,0.7685810871754576,Pointwise design-conditional Wilson; not ecological population
Q1,entry_lognormal_annual_sd_1.2,BASELINE32,256,PRESENT_NEAR_0.1,E01,sensitivity,18,0.38619041602237913,0.7969475342783637,Pointwise design-conditional Wilson; not ecological population
Q1,entry_lognormal_annual_sd_1.2,BASELINE32,256,PRESENT_NEAR_0.1,E01,specificity,19,0.3627590353425504,0.7685810871754576,Pointwise design-conditional Wilson; not ecological population
Q1,entry_lognormal_annual_sd_1.2,BASELINE32,256,PRESENT_NEAR_0.1,E11,sensitivity,18,0.8241207763533426,1.0,Pointwise design-conditional Wilson; not ecological population
Q1,entry_lognormal_annual_sd_1.2,BASELINE32,256,PRESENT_NEAR_0.1,E11,specificity,19,0.68605917288891,0.9706414397011298,Pointwise design-conditional Wilson; not ecological population
Q1,entry_lognormal_annual_sd_1.2,PREFIX8,256,ALL_ROSTER,E00,sensitivity,31,0.7114759374369357,0.9486571562537083,Pointwise design-conditional Wilson; not ecological population
Q1,entry_lognormal_annual_sd_1.2,PREFIX8,256,ALL_ROSTER,E00,specificity,46,0.34124689434045685,0.6186258692719597,Pointwise design-conditional Wilson; not ecological population
Q1,entry_lognormal_annual_sd_1.2,PREFIX8,256,ALL_ROSTER,E10,sensitivity,31,0.7928136326370187,0.9821252164780853,Pointwise design-conditional Wilson; not ecological population
Q1,entry_lognormal_annual_sd_1.2,PREFIX8,256,ALL_ROSTER,E10,specificity,46,0.668287410770154,0.8934938986560146,Pointwise design-conditional Wilson; not ecological population
Q1,entry_lognormal_annual_sd_1.2,PREFIX8,256,ALL_ROSTER,E01,sensitivity,31,0.6371974218820453,0.908129916384139,Pointwise design-conditional Wilson; not ecological population
Q1,entry_lognormal_annual_sd_1.2,PREFIX8,256,ALL_ROSTER,E01,specificity,46,0.4224743369429499,0.6979073722198005,Pointwise design-conditional Wilson; not ecological population
Q1,entry_lognormal_annual_sd_1.2,PREFIX8,256,ALL_ROSTER,E11,sensitivity,31,0.889744604539564,1.0,Pointwise design-conditional Wilson; not ecological population
Q1,entry_lognormal_annual_sd_1.2,PREFIX8,256,ALL_ROSTER,E11,specificity,46,0.7967533592588116,0.9656641321052741,Pointwise design-conditional Wilson; not ecological population
Q1,entry_lognormal_annual_sd_1.2,PREFIX8,256,PRESENT_NEAR_0.1,E00,sensitivity,18,0.5478541568378739,0.9099907189139831,Pointwise design-conditional Wilson; not ecological population
Q1,entry_lognormal_annual_sd_1.2,PREFIX8,256,PRESENT_NEAR_0.1,E00,specificity,19,0.19149512745135083,0.5896046683519693,Pointwise design-conditional Wilson; not ecological population
Q1,entry_lognormal_annual_sd_1.2,PREFIX8,256,PRESENT_NEAR_0.1,E10,sensitivity,18,0.6720023486982121,0.9689804773543875,Pointwise design-conditional Wilson; not ecological population
Q1,entry_lognormal_annual_sd_1.2,PREFIX8,256,PRESENT_NEAR_0.1,E10,specificity,19,0.3170780924511316,0.7267019483882042,Pointwise design-conditional Wilson; not ecological population
Q1,entry_lognormal_annual_sd_1.2,PREFIX8,256,PRESENT_NEAR_0.1,E01,sensitivity,18,0.4374946729594511,0.837212252491663,Pointwise design-conditional Wilson; not ecological population
Q1,entry_lognormal_annual_sd_1.2,PREFIX8,256,PRESENT_NEAR_0.1,E01,specificity,19,0.3627590353425504,0.7685810871754576,Pointwise design-conditional Wilson; not ecological population
Q1,entry_lognormal_annual_sd_1.2,PREFIX8,256,PRESENT_NEAR_0.1,E11,sensitivity,18,0.8241207763533426,1.0,Pointwise design-conditional Wilson; not ecological population
Q1,entry_lognormal_annual_sd_1.2,PREFIX8,256,PRESENT_NEAR_0.1,E11,specificity,19,0.5666572155618584,0.9149232336708376,Pointwise design-conditional Wilson; not ecological population
Q1,entry_lognormal_annual_sd_1.2,PREFIX8,1024,ALL_ROSTER,E00,sensitivity,31,0.7114759374369357,0.9486571562537083,Pointwise design-conditional Wilson; not ecological population
Q1,entry_lognormal_annual_sd_1.2,PREFIX8,1024,ALL_ROSTER,E00,specificity,46,0.34124689434045685,0.6186258692719597,Pointwise design-conditional Wilson; not ecological population
Q1,entry_lognormal_annual_sd_1.2,PREFIX8,1024,ALL_ROSTER,E10,sensitivity,31,0.7928136326370187,0.9821252164780853,Pointwise design-conditional Wilson; not ecological population
Q1,entry_lognormal_annual_sd_1.2,PREFIX8,1024,ALL_ROSTER,E10,specificity,46,0.6927664628362151,0.9091420829775367,Pointwise design-conditional Wilson; not ecological population
Q1,entry_lognormal_annual_sd_1.2,PREFIX8,1024,ALL_ROSTER,E01,sensitivity,31,0.6371974218820453,0.908129916384139,Pointwise design-conditional Wilson; not ecological population
Q1,entry_lognormal_annual_sd_1.2,PREFIX8,1024,ALL_ROSTER,E01,specificity,46,0.4224743369429499,0.6979073722198005,Pointwise design-conditional Wilson; not ecological population
Q1,entry_lognormal_annual_sd_1.2,PREFIX8,1024,ALL_ROSTER,E11,sensitivity,31,0.889744604539564,1.0,Pointwise design-conditional Wilson; not ecological population
Q1,entry_lognormal_annual_sd_1.2,PREFIX8,1024,ALL_ROSTER,E11,specificity,46,0.8866470547848865,0.9961521457419497,Pointwise design-conditional Wilson; not ecological population
Q1,entry_lognormal_annual_sd_1.2,PREFIX8,1024,PRESENT_NEAR_0.1,E00,sensitivity,18,0.5478541568378739,0.9099907189139831,Pointwise design-conditional Wilson; not ecological population
Q1,entry_lognormal_annual_sd_1.2,PREFIX8,1024,PRESENT_NEAR_0.1,E00,specificity,19,0.19149512745135083,0.5896046683519693,Pointwise design-conditional Wilson; not ecological population
Q1,entry_lognormal_annual_sd_1.2,PREFIX8,1024,PRESENT_NEAR_0.1,E10,sensitivity,18,0.6720023486982121,0.9689804773543875,Pointwise design-conditional Wilson; not ecological population
Q1,entry_lognormal_annual_sd_1.2,PREFIX8,1024,PRESENT_NEAR_0.1,E10,specificity,19,0.3627590353425504,0.7685810871754576,Pointwise design-conditional Wilson; not ecological population
Q1,entry_lognormal_annual_sd_1.2,PREFIX8,1024,PRESENT_NEAR_0.1,E01,sensitivity,18,0.4374946729594511,0.837212252491663,Pointwise design-conditional Wilson; not ecological population
Q1,entry_lognormal_annual_sd_1.2,PREFIX8,1024,PRESENT_NEAR_0.1,E01,specificity,19,0.3627590353425504,0.7685810871754576,Pointwise design-conditional Wilson; not ecological population
Q1,entry_lognormal_annual_sd_1.2,PREFIX8,1024,PRESENT_NEAR_0.1,E11,sensitivity,18,0.8241207763533426,1.0,Pointwise design-conditional Wilson; not ecological population
Q1,entry_lognormal_annual_sd_1.2,PREFIX8,1024,PRESENT_NEAR_0.1,E11,specificity,19,0.7536126883310121,0.9906480059376996,Pointwise design-conditional Wilson; not ecological population
Q1,entry_lognormal_annual_sd_1.2,PREFIX8,4096,ALL_ROSTER,E00,sensitivity,31,0.7114759374369357,0.9486571562537083,Pointwise design-conditional Wilson; not ecological population
Q1,entry_lognormal_annual_sd_1.2,PREFIX8,4096,ALL_ROSTER,E00,specificity,46,0.34124689434045685,0.6186258692719597,Pointwise design-conditional Wilson; not ecological population
Q1,entry_lognormal_annual_sd_1.2,PREFIX8,4096,ALL_ROSTER,E10,sensitivity,31,0.7928136326370187,0.9821252164780853,Pointwise design-conditional Wilson; not ecological population
Q1,entry_lognormal_annual_sd_1.2,PREFIX8,4096,ALL_ROSTER,E10,specificity,46,0.6927664628362151,0.9091420829775367,Pointwise design-conditional Wilson; not ecological population
Q1,entry_lognormal_annual_sd_1.2,PREFIX8,4096,ALL_ROSTER,E01,sensitivity,31,0.6371974218820453,0.908129916384139,Pointwise design-conditional Wilson; not ecological population
Q1,entry_lognormal_annual_sd_1.2,PREFIX8,4096,ALL_ROSTER,E01,specificity,46,0.4224743369429499,0.6979073722198005,Pointwise design-conditional Wilson; not ecological population
Q1,entry_lognormal_annual_sd_1.2,PREFIX8,4096,ALL_ROSTER,E11,sensitivity,31,0.889744604539564,1.0,Pointwise design-conditional Wilson; not ecological population
Q1,entry_lognormal_annual_sd_1.2,PREFIX8,4096,ALL_ROSTER,E11,specificity,46,0.9229264369144196,1.0,Pointwise design-conditional Wilson; not ecological population
Q1,entry_lognormal_annual_sd_1.2,PREFIX8,4096,PRESENT_NEAR_0.1,E00,sensitivity,18,0.5478541568378739,0.9099907189139831,Pointwise design-conditional Wilson; not ecological population
Q1,entry_lognormal_annual_sd_1.2,PREFIX8,4096,PRESENT_NEAR_0.1,E00,specificity,19,0.19149512745135083,0.5896046683519693,Pointwise design-conditional Wilson; not ecological population
Q1,entry_lognormal_annual_sd_1.2,PREFIX8,4096,PRESENT_NEAR_0.1,E10,sensitivity,18,0.6720023486982121,0.9689804773543875,Pointwise design-conditional Wilson; not ecological population
Q1,entry_lognormal_annual_sd_1.2,PREFIX8,4096,PRESENT_NEAR_0.1,E10,specificity,19,0.3627590353425504,0.7685810871754576,Pointwise design-conditional Wilson; not ecological population
Q1,entry_lognormal_annual_sd_1.2,PREFIX8,4096,PRESENT_NEAR_0.1,E01,sensitivity,18,0.4374946729594511,0.837212252491663,Pointwise design-conditional Wilson; not ecological population
Q1,entry_lognormal_annual_sd_1.2,PREFIX8,4096,PRESENT_NEAR_0.1,E01,specificity,19,0.3627590353425504,0.7685810871754576,Pointwise design-conditional Wilson; not ecological population
Q1,entry_lognormal_annual_sd_1.2,PREFIX8,4096,PRESENT_NEAR_0.1,E11,sensitivity,18,0.8241207763533426,1.0,Pointwise design-conditional Wilson; not ecological population
Q1,entry_lognormal_annual_sd_1.2,PREFIX8,4096,PRESENT_NEAR_0.1,E11,specificity,19,0.831820775947384,1.0,Pointwise design-conditional Wilson; not ecological population
Q2,correct,BASELINE32,256,ALL_ROSTER,E00,sensitivity,24,0.6414692935030094,0.9332132367136704,Pointwise design-conditional Wilson; not ecological population
Q2,correct,BASELINE32,256,ALL_ROSTER,E00,specificity,51,0.34052990209499595,0.6047669578990353,Pointwise design-conditional Wilson; not ecological population
Q2,correct,BASELINE32,256,ALL_ROSTER,E10,sensitivity,24,0.46706316838131734,0.8202780967270222,Pointwise design-conditional Wilson; not ecological population
Q2,correct,BASELINE32,256,ALL_ROSTER,E10,specificity,51,0.6537364041400255,0.8750606159176724,Pointwise design-conditional Wilson; not ecological population
Q2,correct,BASELINE32,256,ALL_ROSTER,E01,sensitivity,24,0.5083230633550336,0.8508535180303912,Pointwise design-conditional Wilson; not ecological population
Q2,correct,BASELINE32,256,ALL_ROSTER,E01,specificity,51,0.37680923894569707,0.6414251410562924,Pointwise design-conditional Wilson; not ecological population
Q2,correct,BASELINE32,256,ALL_ROSTER,E11,sensitivity,24,0.8620237953250198,1.0,Pointwise design-conditional Wilson; not ecological population
Q2,correct,BASELINE32,256,ALL_ROSTER,E11,specificity,51,0.9299533801014684,1.0,Pointwise design-conditional Wilson; not ecological population
Q2,correct,BASELINE32,256,PRESENT_NEAR_0.1,E00,sensitivity,22,0.6148339256287347,0.9269311541657794,Pointwise design-conditional Wilson; not ecological population
Q2,correct,BASELINE32,256,PRESENT_NEAR_0.1,E00,specificity,24,0.14914648196960875,0.49167693664496626,Pointwise design-conditional Wilson; not ecological population
Q2,correct,BASELINE32,256,PRESENT_NEAR_0.1,E10,sensitivity,22,0.42951708090131013,0.8026679532963387,Pointwise design-conditional Wilson; not ecological population
Q2,correct,BASELINE32,256,PRESENT_NEAR_0.1,E10,specificity,24,0.3507486535891949,0.72108666268789,Pointwise design-conditional Wilson; not ecological population
Q2,correct,BASELINE32,256,PRESENT_NEAR_0.1,E01,sensitivity,22,0.4731859774104276,0.8363940681864375,Pointwise design-conditional Wilson; not ecological population
Q2,correct,BASELINE32,256,PRESENT_NEAR_0.1,E01,specificity,24,0.2115936755954878,0.5729003755732571,Pointwise design-conditional Wilson; not ecological population
Q2,correct,BASELINE32,256,PRESENT_NEAR_0.1,E11,sensitivity,22,0.8513451253913793,1.0,Pointwise design-conditional Wilson; not ecological population
Q2,correct,BASELINE32,256,PRESENT_NEAR_0.1,E11,specificity,24,0.8620237953250198,1.0,Pointwise design-conditional Wilson; not ecological population
Q2,correct,PREFIX8,256,ALL_ROSTER,E00,sensitivity,24,0.6414692935030094,0.9332132367136704,Pointwise design-conditional Wilson; not ecological population
Q2,correct,PREFIX8,256,ALL_ROSTER,E00,specificity,51,0.2875439520458094,0.5483466279362843,Pointwise design-conditional Wilson; not ecological population
Q2,correct,PREFIX8,256,ALL_ROSTER,E10,sensitivity,24,0.5952954674681132,0.9075517464714813,Pointwise design-conditional Wilson; not ecological population
Q2,correct,PREFIX8,256,ALL_ROSTER,E10,specificity,51,0.6323777483983472,0.8599505116553715,Pointwise design-conditional Wilson; not ecological population
Q2,correct,PREFIX8,256,ALL_ROSTER,E01,sensitivity,24,0.55100555994846,0.8800063377140499,Pointwise design-conditional Wilson; not ecological population
Q2,correct,PREFIX8,256,ALL_ROSTER,E01,specificity,51,0.34052990209499595,0.6047669578990353,Pointwise design-conditional Wilson; not ecological population
Q2,correct,PREFIX8,256,ALL_ROSTER,E11,sensitivity,24,0.8620237953250198,1.0,Pointwise design-conditional Wilson; not ecological population
Q2,correct,PREFIX8,256,ALL_ROSTER,E11,specificity,51,0.8678369434463774,0.9891789166471329,Pointwise design-conditional Wilson; not ecological population
Q2,correct,PREFIX8,256,PRESENT_NEAR_0.1,E00,sensitivity,22,0.6148339256287347,0.9269311541657794,Pointwise design-conditional Wilson; not ecological population
Q2,correct,PREFIX8,256,PRESENT_NEAR_0.1,E00,specificity,24,0.11999366228595004,0.44899444005153993,Pointwise design-conditional Wilson; not ecological population
Q2,correct,PREFIX8,256,PRESENT_NEAR_0.1,E10,sensitivity,22,0.5656004682477829,0.898769600147515,Pointwise design-conditional Wilson; not ecological population
Q2,correct,PREFIX8,256,PRESENT_NEAR_0.1,E10,specificity,24,0.3142742581957336,0.6857257418042664,Pointwise design-conditional Wilson; not ecological population
Q2,correct,PREFIX8,256,PRESENT_NEAR_0.1,E01,sensitivity,22,0.5184826598759762,0.8684923971201053,Pointwise design-conditional Wilson; not ecological population
Q2,correct,PREFIX8,256,PRESENT_NEAR_0.1,E01,specificity,24,0.2115936755954878,0.5729003755732571,Pointwise design-conditional Wilson; not ecological population
Q2,correct,PREFIX8,256,PRESENT_NEAR_0.1,E11,sensitivity,22,0.8513451253913793,1.0,Pointwise design-conditional Wilson; not ecological population
Q2,correct,PREFIX8,256,PRESENT_NEAR_0.1,E11,specificity,24,0.741511978067893,0.9768411847029564,Pointwise design-conditional Wilson; not ecological population
Q2,correct,PREFIX8,1024,ALL_ROSTER,E00,sensitivity,24,0.6414692935030094,0.9332132367136704,Pointwise design-conditional Wilson; not ecological population
Q2,correct,PREFIX8,1024,ALL_ROSTER,E00,specificity,51,0.2875439520458094,0.5483466279362843,Pointwise design-conditional Wilson; not ecological population
Q2,correct,PREFIX8,1024,ALL_ROSTER,E10,sensitivity,24,0.55100555994846,0.8800063377140499,Pointwise design-conditional Wilson; not ecological population
Q2,correct,PREFIX8,1024,ALL_ROSTER,E10,specificity,51,0.6754192051863439,0.889846574875333,Pointwise design-conditional Wilson; not ecological population
Q2,correct,PREFIX8,1024,ALL_ROSTER,E01,sensitivity,24,0.55100555994846,0.8800063377140499,Pointwise design-conditional Wilson; not ecological population
Q2,correct,PREFIX8,1024,ALL_ROSTER,E01,specificity,51,0.34052990209499595,0.6047669578990353,Pointwise design-conditional Wilson; not ecological population
Q2,correct,PREFIX8,1024,ALL_ROSTER,E11,sensitivity,24,0.7975819352134407,0.9926065438344941,Pointwise design-conditional Wilson; not ecological population
Q2,correct,PREFIX8,1024,ALL_ROSTER,E11,specificity,51,0.9299533801014684,1.0,Pointwise design-conditional Wilson; not ecological population
Q2,correct,PREFIX8,1024,PRESENT_NEAR_0.1,E00,sensitivity,22,0.6148339256287347,0.9269311541657794,Pointwise design-conditional Wilson; not ecological population
Q2,correct,PREFIX8,1024,PRESENT_NEAR_0.1,E00,specificity,24,0.11999366228595004,0.44899444005153993,Pointwise design-conditional Wilson; not ecological population
Q2,correct,PREFIX8,1024,PRESENT_NEAR_0.1,E10,sensitivity,22,0.5184826598759762,0.8684923971201053,Pointwise design-conditional Wilson; not ecological population
Q2,correct,PREFIX8,1024,PRESENT_NEAR_0.1,E10,specificity,24,0.38834665865228757,0.7553239739018823,Pointwise design-conditional Wilson; not ecological population
Q2,correct,PREFIX8,1024,PRESENT_NEAR_0.1,E01,sensitivity,22,0.5184826598759762,0.8684923971201053,Pointwise design-conditional Wilson; not ecological population
Q2,correct,PREFIX8,1024,PRESENT_NEAR_0.1,E01,specificity,24,0.2115936755954878,0.5729003755732571,Pointwise design-conditional Wilson; not ecological population
Q2,correct,PREFIX8,1024,PRESENT_NEAR_0.1,E11,sensitivity,22,0.7820195416134269,0.9919305723787363,Pointwise design-conditional Wilson; not ecological population
Q2,correct,PREFIX8,1024,PRESENT_NEAR_0.1,E11,specificity,24,0.8620237953250198,1.0,Pointwise design-conditional Wilson; not ecological population
Q2,correct,PREFIX8,4096,ALL_ROSTER,E00,sensitivity,24,0.6414692935030094,0.9332132367136704,Pointwise design-conditional Wilson; not ecological population
Q2,correct,PREFIX8,4096,ALL_ROSTER,E00,specificity,51,0.2875439520458094,0.5483466279362843,Pointwise design-conditional Wilson; not ecological population
Q2,correct,PREFIX8,4096,ALL_ROSTER,E10,sensitivity,24,0.5952954674681132,0.9075517464714813,Pointwise design-conditional Wilson; not ecological population
Q2,correct,PREFIX8,4096,ALL_ROSTER,E10,specificity,51,0.6754192051863439,0.889846574875333,Pointwise design-conditional Wilson; not ecological population
Q2,correct,PREFIX8,4096,ALL_ROSTER,E01,sensitivity,24,0.55100555994846,0.8800063377140499,Pointwise design-conditional Wilson; not ecological population
Q2,correct,PREFIX8,4096,ALL_ROSTER,E01,specificity,51,0.34052990209499595,0.6047669578990353,Pointwise design-conditional Wilson; not ecological population
Q2,correct,PREFIX8,4096,ALL_ROSTER,E11,sensitivity,24,0.8620237953250198,1.0,Pointwise design-conditional Wilson; not ecological population
Q2,correct,PREFIX8,4096,ALL_ROSTER,E11,specificity,51,0.9299533801014684,1.0,Pointwise design-conditional Wilson; not ecological population
Q2,correct,PREFIX8,4096,PRESENT_NEAR_0.1,E00,sensitivity,22,0.6148339256287347,0.9269311541657794,Pointwise design-conditional Wilson; not ecological population
Q2,correct,PREFIX8,4096,PRESENT_NEAR_0.1,E00,specificity,24,0.11999366228595004,0.44899444005153993,Pointwise design-conditional Wilson; not ecological population
Q2,correct,PREFIX8,4096,PRESENT_NEAR_0.1,E10,sensitivity,22,0.5656004682477829,0.898769600147515,Pointwise design-conditional Wilson; not ecological population
Q2,correct,PREFIX8,4096,PRESENT_NEAR_0.1,E10,specificity,24,0.38834665865228757,0.7553239739018823,Pointwise design-conditional Wilson; not ecological population
Q2,correct,PREFIX8,4096,PRESENT_NEAR_0.1,E01,sensitivity,22,0.5184826598759762,0.8684923971201053,Pointwise design-conditional Wilson; not ecological population
Q2,correct,PREFIX8,4096,PRESENT_NEAR_0.1,E01,specificity,24,0.2115936755954878,0.5729003755732571,Pointwise design-conditional Wilson; not ecological population
Q2,correct,PREFIX8,4096,PRESENT_NEAR_0.1,E11,sensitivity,22,0.8513451253913793,1.0,Pointwise design-conditional Wilson; not ecological population
Q2,correct,PREFIX8,4096,PRESENT_NEAR_0.1,E11,specificity,24,0.8620237953250198,1.0,Pointwise design-conditional Wilson; not ecological population
Q2,hemlock_extra_hazard_0.12,BASELINE32,256,ALL_ROSTER,E00,sensitivity,0,,,Pointwise design-conditional Wilson; not ecological population
Q2,hemlock_extra_hazard_0.12,BASELINE32,256,ALL_ROSTER,E00,specificity,81,0.2733168425395494,0.4791626610910768,Pointwise design-conditional Wilson; not ecological population
Q2,hemlock_extra_hazard_0.12,BASELINE32,256,ALL_ROSTER,E10,sensitivity,0,,,Pointwise design-conditional Wilson; not ecological population
Q2,hemlock_extra_hazard_0.12,BASELINE32,256,ALL_ROSTER,E10,specificity,81,0.5208373389089233,0.7266831574604508,Pointwise design-conditional Wilson; not ecological population
Q2,hemlock_extra_hazard_0.12,BASELINE32,256,ALL_ROSTER,E01,sensitivity,0,,,Pointwise design-conditional Wilson; not ecological population
Q2,hemlock_extra_hazard_0.12,BASELINE32,256,ALL_ROSTER,E01,specificity,81,0.3411955250345786,0.5527242622356898,Pointwise design-conditional Wilson; not ecological population
Q2,hemlock_extra_hazard_0.12,BASELINE32,256,ALL_ROSTER,E11,sensitivity,0,,,Pointwise design-conditional Wilson; not ecological population
Q2,hemlock_extra_hazard_0.12,BASELINE32,256,ALL_ROSTER,E11,specificity,81,0.533330621472244,0.7377632555037368,Pointwise design-conditional Wilson; not ecological population
Q2,hemlock_extra_hazard_0.12,BASELINE32,256,PRESENT_NEAR_0.1,E00,sensitivity,0,,,Pointwise design-conditional Wilson; not ecological population
Q2,hemlock_extra_hazard_0.12,BASELINE32,256,PRESENT_NEAR_0.1,E00,specificity,0,,,Pointwise design-conditional Wilson; not ecological population
Q2,hemlock_extra_hazard_0.12,BASELINE32,256,PRESENT_NEAR_0.1,E10,sensitivity,0,,,Pointwise design-conditional Wilson; not ecological population
Q2,hemlock_extra_hazard_0.12,BASELINE32,256,PRESENT_NEAR_0.1,E10,specificity,0,,,Pointwise design-conditional Wilson; not ecological population
Q2,hemlock_extra_hazard_0.12,BASELINE32,256,PRESENT_NEAR_0.1,E01,sensitivity,0,,,Pointwise design-conditional Wilson; not ecological population
Q2,hemlock_extra_hazard_0.12,BASELINE32,256,PRESENT_NEAR_0.1,E01,specificity,0,,,Pointwise design-conditional Wilson; not ecological population
Q2,hemlock_extra_hazard_0.12,BASELINE32,256,PRESENT_NEAR_0.1,E11,sensitivity,0,,,Pointwise design-conditional Wilson; not ecological population
Q2,hemlock_extra_hazard_0.12,BASELINE32,256,PRESENT_NEAR_0.1,E11,specificity,0,,,Pointwise design-conditional Wilson; not ecological population
Q2,hemlock_extra_hazard_0.12,PREFIX8,256,ALL_ROSTER,E00,sensitivity,0,,,Pointwise design-conditional Wilson; not ecological population
Q2,hemlock_extra_hazard_0.12,PREFIX8,256,ALL_ROSTER,E00,specificity,81,0.2402877124166738,0.4414716493941313,Pointwise design-conditional Wilson; not ecological population
Q2,hemlock_extra_hazard_0.12,PREFIX8,256,ALL_ROSTER,E10,sensitivity,0,,,Pointwise design-conditional Wilson; not ecological population
Q2,hemlock_extra_hazard_0.12,PREFIX8,256,ALL_ROSTER,E10,specificity,81,0.45937436474974946,0.6702792285865891,Pointwise design-conditional Wilson; not ecological population
Q2,hemlock_extra_hazard_0.12,PREFIX8,256,ALL_ROSTER,E01,sensitivity,0,,,Pointwise design-conditional Wilson; not ecological population
Q2,hemlock_extra_hazard_0.12,PREFIX8,256,ALL_ROSTER,E01,specificity,81,0.3069627781339349,0.5162368673165124,Pointwise design-conditional Wilson; not ecological population
Q2,hemlock_extra_hazard_0.12,PREFIX8,256,ALL_ROSTER,E11,sensitivity,0,,,Pointwise design-conditional Wilson; not ecological population
Q2,hemlock_extra_hazard_0.12,PREFIX8,256,ALL_ROSTER,E11,specificity,81,0.49605477323606173,0.7043189619200981,Pointwise design-conditional Wilson; not ecological population
Q2,hemlock_extra_hazard_0.12,PREFIX8,256,PRESENT_NEAR_0.1,E00,sensitivity,0,,,Pointwise design-conditional Wilson; not ecological population
Q2,hemlock_extra_hazard_0.12,PREFIX8,256,PRESENT_NEAR_0.1,E00,specificity,0,,,Pointwise design-conditional Wilson; not ecological population
Q2,hemlock_extra_hazard_0.12,PREFIX8,256,PRESENT_NEAR_0.1,E10,sensitivity,0,,,Pointwise design-conditional Wilson; not ecological population
Q2,hemlock_extra_hazard_0.12,PREFIX8,256,PRESENT_NEAR_0.1,E10,specificity,0,,,Pointwise design-conditional Wilson; not ecological population
Q2,hemlock_extra_hazard_0.12,PREFIX8,256,PRESENT_NEAR_0.1,E01,sensitivity,0,,,Pointwise design-conditional Wilson; not ecological population
Q2,hemlock_extra_hazard_0.12,PREFIX8,256,PRESENT_NEAR_0.1,E01,specificity,0,,,Pointwise design-conditional Wilson; not ecological population
Q2,hemlock_extra_hazard_0.12,PREFIX8,256,PRESENT_NEAR_0.1,E11,sensitivity,0,,,Pointwise design-conditional Wilson; not ecological population
Q2,hemlock_extra_hazard_0.12,PREFIX8,256,PRESENT_NEAR_0.1,E11,specificity,0,,,Pointwise design-conditional Wilson; not ecological population
Q2,hemlock_extra_hazard_0.12,PREFIX8,1024,ALL_ROSTER,E00,sensitivity,0,,,Pointwise design-conditional Wilson; not ecological population
Q2,hemlock_extra_hazard_0.12,PREFIX8,1024,ALL_ROSTER,E00,specificity,81,0.2402877124166738,0.4414716493941313,Pointwise design-conditional Wilson; not ecological population
Q2,hemlock_extra_hazard_0.12,PREFIX8,1024,ALL_ROSTER,E10,sensitivity,0,,,Pointwise design-conditional Wilson; not ecological population
Q2,hemlock_extra_hazard_0.12,PREFIX8,1024,ALL_ROSTER,E10,specificity,81,0.49605477323606173,0.7043189619200981,Pointwise design-conditional Wilson; not ecological population
Q2,hemlock_extra_hazard_0.12,PREFIX8,1024,ALL_ROSTER,E01,sensitivity,0,,,Pointwise design-conditional Wilson; not ecological population
Q2,hemlock_extra_hazard_0.12,PREFIX8,1024,ALL_ROSTER,E01,specificity,81,0.3069627781339349,0.5162368673165124,Pointwise design-conditional Wilson; not ecological population
Q2,hemlock_extra_hazard_0.12,PREFIX8,1024,ALL_ROSTER,E11,sensitivity,0,,,Pointwise design-conditional Wilson; not ecological population
Q2,hemlock_extra_hazard_0.12,PREFIX8,1024,ALL_ROSTER,E11,specificity,81,0.5585283506058687,0.7597122875833262,Pointwise design-conditional Wilson; not ecological population
Q2,hemlock_extra_hazard_0.12,PREFIX8,1024,PRESENT_NEAR_0.1,E00,sensitivity,0,,,Pointwise design-conditional Wilson; not ecological population
Q2,hemlock_extra_hazard_0.12,PREFIX8,1024,PRESENT_NEAR_0.1,E00,specificity,0,,,Pointwise design-conditional Wilson; not ecological population
Q2,hemlock_extra_hazard_0.12,PREFIX8,1024,PRESENT_NEAR_0.1,E10,sensitivity,0,,,Pointwise design-conditional Wilson; not ecological population
Q2,hemlock_extra_hazard_0.12,PREFIX8,1024,PRESENT_NEAR_0.1,E10,specificity,0,,,Pointwise design-conditional Wilson; not ecological population
Q2,hemlock_extra_hazard_0.12,PREFIX8,1024,PRESENT_NEAR_0.1,E01,sensitivity,0,,,Pointwise design-conditional Wilson; not ecological population
Q2,hemlock_extra_hazard_0.12,PREFIX8,1024,PRESENT_NEAR_0.1,E01,specificity,0,,,Pointwise design-conditional Wilson; not ecological population
Q2,hemlock_extra_hazard_0.12,PREFIX8,1024,PRESENT_NEAR_0.1,E11,sensitivity,0,,,Pointwise design-conditional Wilson; not ecological population
Q2,hemlock_extra_hazard_0.12,PREFIX8,1024,PRESENT_NEAR_0.1,E11,specificity,0,,,Pointwise design-conditional Wilson; not ecological population
Q2,hemlock_extra_hazard_0.12,PREFIX8,4096,ALL_ROSTER,E00,sensitivity,0,,,Pointwise design-conditional Wilson; not ecological population
Q2,hemlock_extra_hazard_0.12,PREFIX8,4096,ALL_ROSTER,E00,specificity,81,0.2402877124166738,0.4414716493941313,Pointwise design-conditional Wilson; not ecological population
Q2,hemlock_extra_hazard_0.12,PREFIX8,4096,ALL_ROSTER,E10,sensitivity,0,,,Pointwise design-conditional Wilson; not ecological population
Q2,hemlock_extra_hazard_0.12,PREFIX8,4096,ALL_ROSTER,E10,specificity,81,0.4837631326834876,0.6930372218660651,Pointwise design-conditional Wilson; not ecological population
Q2,hemlock_extra_hazard_0.12,PREFIX8,4096,ALL_ROSTER,E01,sensitivity,0,,,Pointwise design-conditional Wilson; not ecological population
Q2,hemlock_extra_hazard_0.12,PREFIX8,4096,ALL_ROSTER,E01,specificity,81,0.3069627781339349,0.5162368673165124,Pointwise design-conditional Wilson; not ecological population
Q2,hemlock_extra_hazard_0.12,PREFIX8,4096,ALL_ROSTER,E11,sensitivity,0,,,Pointwise design-conditional Wilson; not ecological population
Q2,hemlock_extra_hazard_0.12,PREFIX8,4096,ALL_ROSTER,E11,specificity,81,0.5585283506058687,0.7597122875833262,Pointwise design-conditional Wilson; not ecological population
Q2,hemlock_extra_hazard_0.12,PREFIX8,4096,PRESENT_NEAR_0.1,E00,sensitivity,0,,,Pointwise design-conditional Wilson; not ecological population
Q2,hemlock_extra_hazard_0.12,PREFIX8,4096,PRESENT_NEAR_0.1,E00,specificity,0,,,Pointwise design-conditional Wilson; not ecological population
Q2,hemlock_extra_hazard_0.12,PREFIX8,4096,PRESENT_NEAR_0.1,E10,sensitivity,0,,,Pointwise design-conditional Wilson; not ecological population
Q2,hemlock_extra_hazard_0.12,PREFIX8,4096,PRESENT_NEAR_0.1,E10,specificity,0,,,Pointwise design-conditional Wilson; not ecological population
Q2,hemlock_extra_hazard_0.12,PREFIX8,4096,PRESENT_NEAR_0.1,E01,sensitivity,0,,,Pointwise design-conditional Wilson; not ecological population
Q2,hemlock_extra_hazard_0.12,PREFIX8,4096,PRESENT_NEAR_0.1,E01,specificity,0,,,Pointwise design-conditional Wilson; not ecological population
Q2,hemlock_extra_hazard_0.12,PREFIX8,4096,PRESENT_NEAR_0.1,E11,sensitivity,0,,,Pointwise design-conditional Wilson; not ecological population
Q2,hemlock_extra_hazard_0.12,PREFIX8,4096,PRESENT_NEAR_0.1,E11,specificity,0,,,Pointwise design-conditional Wilson; not ecological population
Q2,entry_lognormal_annual_sd_1.2,BASELINE32,256,ALL_ROSTER,E00,sensitivity,18,0.5478541568378739,0.9099907189139831,Pointwise design-conditional Wilson; not ecological population
Q2,entry_lognormal_annual_sd_1.2,BASELINE32,256,ALL_ROSTER,E00,specificity,59,0.3061272743518869,0.5506551719996571,Pointwise design-conditional Wilson; not ecological population
Q2,entry_lognormal_annual_sd_1.2,BASELINE32,256,ALL_ROSTER,E10,sensitivity,18,0.4374946729594511,0.837212252491663,Pointwise design-conditional Wilson; not ecological population
Q2,entry_lognormal_annual_sd_1.2,BASELINE32,256,ALL_ROSTER,E10,specificity,59,0.6040223703245485,0.8256302906208194,Pointwise design-conditional Wilson; not ecological population
Q2,entry_lognormal_annual_sd_1.2,BASELINE32,256,ALL_ROSTER,E01,sensitivity,18,0.38619041602237913,0.7969475342783637,Pointwise design-conditional Wilson; not ecological population
Q2,entry_lognormal_annual_sd_1.2,BASELINE32,256,ALL_ROSTER,E01,specificity,59,0.35265876715068556,0.5996020482998292,Pointwise design-conditional Wilson; not ecological population
Q2,entry_lognormal_annual_sd_1.2,BASELINE32,256,ALL_ROSTER,E11,sensitivity,18,0.8241207763533426,1.0,Pointwise design-conditional Wilson; not ecological population
Q2,entry_lognormal_annual_sd_1.2,BASELINE32,256,ALL_ROSTER,E11,specificity,59,0.7546033919346271,0.9296582532746629,Pointwise design-conditional Wilson; not ecological population
Q2,entry_lognormal_annual_sd_1.2,BASELINE32,256,PRESENT_NEAR_0.1,E00,sensitivity,17,0.5273820188043503,0.9044495567791988,Pointwise design-conditional Wilson; not ecological population
Q2,entry_lognormal_annual_sd_1.2,BASELINE32,256,PRESENT_NEAR_0.1,E00,specificity,25,0.17205190306907994,0.5158973072689776,Pointwise design-conditional Wilson; not ecological population
Q2,entry_lognormal_annual_sd_1.2,BASELINE32,256,PRESENT_NEAR_0.1,E10,sensitivity,17,0.4130036348521871,0.8269027960275628,Pointwise design-conditional Wilson; not ecological population
Q2,entry_lognormal_annual_sd_1.2,BASELINE32,256,PRESENT_NEAR_0.1,E10,specificity,25,0.37067331869798786,0.7333436111893266,Pointwise design-conditional Wilson; not ecological population
Q2,entry_lognormal_annual_sd_1.2,BASELINE32,256,PRESENT_NEAR_0.1,E01,sensitivity,17,0.360054426429998,0.7838894320978518,Pointwise design-conditional Wilson; not ecological population
Q2,entry_lognormal_annual_sd_1.2,BASELINE32,256,PRESENT_NEAR_0.1,E01,specificity,25,0.26665638881067355,0.6293266813020123,Pointwise design-conditional Wilson; not ecological population
Q2,entry_lognormal_annual_sd_1.2,BASELINE32,256,PRESENT_NEAR_0.1,E11,sensitivity,17,0.8156818649911484,1.0,Pointwise design-conditional Wilson; not ecological population
Q2,entry_lognormal_annual_sd_1.2,BASELINE32,256,PRESENT_NEAR_0.1,E11,specificity,25,0.5657031664457093,0.8850368630659855,Pointwise design-conditional Wilson; not ecological population
Q2,entry_lognormal_annual_sd_1.2,PREFIX8,256,ALL_ROSTER,E00,sensitivity,18,0.5478541568378739,0.9099907189139831,Pointwise design-conditional Wilson; not ecological population
Q2,entry_lognormal_annual_sd_1.2,PREFIX8,256,ALL_ROSTER,E00,specificity,59,0.2608399879232115,0.5004640893293618,Pointwise design-conditional Wilson; not ecological population
Q2,entry_lognormal_annual_sd_1.2,PREFIX8,256,ALL_ROSTER,E10,sensitivity,18,0.5478541568378739,0.9099907189139831,Pointwise design-conditional Wilson; not ecological population
Q2,entry_lognormal_annual_sd_1.2,PREFIX8,256,ALL_ROSTER,E10,specificity,59,0.5685367346805482,0.7974636801988394,Pointwise design-conditional Wilson; not ecological population
Q2,entry_lognormal_annual_sd_1.2,PREFIX8,256,ALL_ROSTER,E01,sensitivity,18,0.4374946729594511,0.837212252491663,Pointwise design-conditional Wilson; not ecological population
Q2,entry_lognormal_annual_sd_1.2,PREFIX8,256,ALL_ROSTER,E01,specificity,59,0.321502117676121,0.5671064517084131,Pointwise design-conditional Wilson; not ecological population
Q2,entry_lognormal_annual_sd_1.2,PREFIX8,256,ALL_ROSTER,E11,sensitivity,18,0.8241207763533426,1.0,Pointwise design-conditional Wilson; not ecological population
Q2,entry_lognormal_annual_sd_1.2,PREFIX8,256,ALL_ROSTER,E11,specificity,59,0.71536779263512,0.9052416065081895,Pointwise design-conditional Wilson; not ecological population
Q2,entry_lognormal_annual_sd_1.2,PREFIX8,256,PRESENT_NEAR_0.1,E00,sensitivity,17,0.5273820188043503,0.9044495567791988,Pointwise design-conditional Wilson; not ecological population
Q2,entry_lognormal_annual_sd_1.2,PREFIX8,256,PRESENT_NEAR_0.1,E00,specificity,25,0.1428385385095656,0.47576605190361565,Pointwise design-conditional Wilson; not ecological population
Q2,entry_lognormal_annual_sd_1.2,PREFIX8,256,PRESENT_NEAR_0.1,E10,sensitivity,17,0.5273820188043503,0.9044495567791988,Pointwise design-conditional Wilson; not ecological population
Q2,entry_lognormal_annual_sd_1.2,PREFIX8,256,PRESENT_NEAR_0.1,E10,specificity,25,0.30031285954112974,0.6650148304964322,Pointwise design-conditional Wilson; not ecological population
Q2,entry_lognormal_annual_sd_1.2,PREFIX8,256,PRESENT_NEAR_0.1,E01,sensitivity,17,0.4130036348521871,0.8269027960275628,Pointwise design-conditional Wilson; not ecological population
Q2,entry_lognormal_annual_sd_1.2,PREFIX8,256,PRESENT_NEAR_0.1,E01,specificity,25,0.26665638881067355,0.6293266813020123,Pointwise design-conditional Wilson; not ecological population
Q2,entry_lognormal_annual_sd_1.2,PREFIX8,256,PRESENT_NEAR_0.1,E11,sensitivity,17,0.8156818649911484,1.0,Pointwise design-conditional Wilson; not ecological population
Q2,entry_lognormal_annual_sd_1.2,PREFIX8,256,PRESENT_NEAR_0.1,E11,specificity,25,0.48410269273102247,0.8279480969309202,Pointwise design-conditional Wilson; not ecological population
Q2,entry_lognormal_annual_sd_1.2,PREFIX8,1024,ALL_ROSTER,E00,sensitivity,18,0.5478541568378739,0.9099907189139831,Pointwise design-conditional Wilson; not ecological population
Q2,entry_lognormal_annual_sd_1.2,PREFIX8,1024,ALL_ROSTER,E00,specificity,59,0.2608399879232115,0.5004640893293618,Pointwise design-conditional Wilson; not ecological population
Q2,entry_lognormal_annual_sd_1.2,PREFIX8,1024,ALL_ROSTER,E10,sensitivity,18,0.5478541568378739,0.9099907189139831,Pointwise design-conditional Wilson; not ecological population
Q2,entry_lognormal_annual_sd_1.2,PREFIX8,1024,ALL_ROSTER,E10,specificity,59,0.6220385597107273,0.839440224267631,Pointwise design-conditional Wilson; not ecological population
Q2,entry_lognormal_annual_sd_1.2,PREFIX8,1024,ALL_ROSTER,E01,sensitivity,18,0.4374946729594511,0.837212252491663,Pointwise design-conditional Wilson; not ecological population
Q2,entry_lognormal_annual_sd_1.2,PREFIX8,1024,ALL_ROSTER,E01,specificity,59,0.321502117676121,0.5671064517084131,Pointwise design-conditional Wilson; not ecological population
Q2,entry_lognormal_annual_sd_1.2,PREFIX8,1024,ALL_ROSTER,E11,sensitivity,18,0.8241207763533426,1.0,Pointwise design-conditional Wilson; not ecological population
Q2,entry_lognormal_annual_sd_1.2,PREFIX8,1024,ALL_ROSTER,E11,specificity,59,0.7953618637376751,0.9525520275375954,Pointwise design-conditional Wilson; not ecological population
Q2,entry_lognormal_annual_sd_1.2,PREFIX8,1024,PRESENT_NEAR_0.1,E00,sensitivity,17,0.5273820188043503,0.9044495567791988,Pointwise design-conditional Wilson; not ecological population
Q2,entry_lognormal_annual_sd_1.2,PREFIX8,1024,PRESENT_NEAR_0.1,E00,specificity,25,0.1428385385095656,0.47576605190361565,Pointwise design-conditional Wilson; not ecological population
Q2,entry_lognormal_annual_sd_1.2,PREFIX8,1024,PRESENT_NEAR_0.1,E10,sensitivity,17,0.5273820188043503,0.9044495567791988,Pointwise design-conditional Wilson; not ecological population
Q2,entry_lognormal_annual_sd_1.2,PREFIX8,1024,PRESENT_NEAR_0.1,E10,specificity,25,0.37067331869798786,0.7333436111893266,Pointwise design-conditional Wilson; not ecological population
Q2,entry_lognormal_annual_sd_1.2,PREFIX8,1024,PRESENT_NEAR_0.1,E01,sensitivity,17,0.4130036348521871,0.8269027960275628,Pointwise design-conditional Wilson; not ecological population
Q2,entry_lognormal_annual_sd_1.2,PREFIX8,1024,PRESENT_NEAR_0.1,E01,specificity,25,0.26665638881067355,0.6293266813020123,Pointwise design-conditional Wilson; not ecological population
Q2,entry_lognormal_annual_sd_1.2,PREFIX8,1024,PRESENT_NEAR_0.1,E11,sensitivity,17,0.8156818649911484,1.0,Pointwise design-conditional Wilson; not ecological population
Q2,entry_lognormal_annual_sd_1.2,PREFIX8,1024,PRESENT_NEAR_0.1,E11,specificity,25,0.6534637839282115,0.9359654854332357,Pointwise design-conditional Wilson; not ecological population
Q2,entry_lognormal_annual_sd_1.2,PREFIX8,4096,ALL_ROSTER,E00,sensitivity,18,0.5478541568378739,0.9099907189139831,Pointwise design-conditional Wilson; not ecological population
Q2,entry_lognormal_annual_sd_1.2,PREFIX8,4096,ALL_ROSTER,E00,specificity,59,0.2608399879232115,0.5004640893293618,Pointwise design-conditional Wilson; not ecological population
Q2,entry_lognormal_annual_sd_1.2,PREFIX8,4096,ALL_ROSTER,E10,sensitivity,18,0.5478541568378739,0.9099907189139831,Pointwise design-conditional Wilson; not ecological population
Q2,entry_lognormal_annual_sd_1.2,PREFIX8,4096,ALL_ROSTER,E10,specificity,59,0.6040223703245485,0.8256302906208194,Pointwise design-conditional Wilson; not ecological population
Q2,entry_lognormal_annual_sd_1.2,PREFIX8,4096,ALL_ROSTER,E01,sensitivity,18,0.4374946729594511,0.837212252491663,Pointwise design-conditional Wilson; not ecological population
Q2,entry_lognormal_annual_sd_1.2,PREFIX8,4096,ALL_ROSTER,E01,specificity,59,0.321502117676121,0.5671064517084131,Pointwise design-conditional Wilson; not ecological population
Q2,entry_lognormal_annual_sd_1.2,PREFIX8,4096,ALL_ROSTER,E11,sensitivity,18,0.8241207763533426,1.0,Pointwise design-conditional Wilson; not ecological population
Q2,entry_lognormal_annual_sd_1.2,PREFIX8,4096,ALL_ROSTER,E11,specificity,59,0.7953618637376751,0.9525520275375954,Pointwise design-conditional Wilson; not ecological population
Q2,entry_lognormal_annual_sd_1.2,PREFIX8,4096,PRESENT_NEAR_0.1,E00,sensitivity,17,0.5273820188043503,0.9044495567791988,Pointwise design-conditional Wilson; not ecological population
Q2,entry_lognormal_annual_sd_1.2,PREFIX8,4096,PRESENT_NEAR_0.1,E00,specificity,25,0.1428385385095656,0.47576605190361565,Pointwise design-conditional Wilson; not ecological population
Q2,entry_lognormal_annual_sd_1.2,PREFIX8,4096,PRESENT_NEAR_0.1,E10,sensitivity,17,0.5273820188043503,0.9044495567791988,Pointwise design-conditional Wilson; not ecological population
Q2,entry_lognormal_annual_sd_1.2,PREFIX8,4096,PRESENT_NEAR_0.1,E10,specificity,25,0.3349851695035679,0.6996871404588703,Pointwise design-conditional Wilson; not ecological population
Q2,entry_lognormal_annual_sd_1.2,PREFIX8,4096,PRESENT_NEAR_0.1,E01,sensitivity,17,0.4130036348521871,0.8269027960275628,Pointwise design-conditional Wilson; not ecological population
Q2,entry_lognormal_annual_sd_1.2,PREFIX8,4096,PRESENT_NEAR_0.1,E01,specificity,25,0.26665638881067355,0.6293266813020123,Pointwise design-conditional Wilson; not ecological population
Q2,entry_lognormal_annual_sd_1.2,PREFIX8,4096,PRESENT_NEAR_0.1,E11,sensitivity,17,0.8156818649911484,1.0,Pointwise design-conditional Wilson; not ecological population
Q2,entry_lognormal_annual_sd_1.2,PREFIX8,4096,PRESENT_NEAR_0.1,E11,specificity,25,0.6534637839282115,0.9359654854332357,Pointwise design-conditional Wilson; not ecological population
