reconstruction,cell,initial_n,initial_d,initial_juvenile,terminal_mean_n,terminal_mean_J,mean_crossing10_stems
POOLED,0,3743,1.912841224041581,True,3581.929443359375,3581.929443359375,0.0
POOLED,1,2908,5.778377105435591,True,2813.674072265625,2813.674072265625,0.0
POOLED,2,2202,20.130873099082763,False,2153.662109375,0.0,0.0
POOLED,3,1447,43.921060834720755,False,1438.44970703125,0.0,0.0
POOLED,4,1557,2.029107481932132,True,1535.1220703125,1535.1220703125,0.0
POOLED,5,1375,6.220209296712435,True,1359.567626953125,1359.567626953125,0.0
POOLED,6,1170,18.979538635955247,False,1153.637939453125,0.0,0.0
POOLED,7,336,40.49660090124569,False,334.92626953125,0.0,0.0
POOLED,8,1700,2.0355988859431937,True,1640.168212890625,1640.168212890625,0.0
POOLED,9,2901,6.225756565387733,True,2860.4892578125,2860.4892578125,0.0
POOLED,10,2215,17.431305690016778,False,2196.0283203125,0.0,0.0
POOLED,11,516,40.60225449627303,False,512.959228515625,0.0,0.0
POOLED,12,88,3.013741516582631,True,86.07177734375,86.07177734375,0.0
POOLED,13,81,6.533475811467566,True,80.9619140625,80.9619140625,0.0
POOLED,14,84,19.81617453955788,False,82.859130859375,0.0,0.0
POOLED,15,14,35.14905037664891,False,13.156005859375,0.0,0.0
POOLED,16,488,2.062880127509602,True,466.9716796875,466.9716796875,0.0
POOLED,17,857,6.867388243570072,True,833.51025390625,833.51025390625,0.0
POOLED,18,2653,20.017425781827384,False,2594.630615234375,0.0,0.0
POOLED,19,1059,44.75805328251185,False,1047.030517578125,0.0,0.0
POOLED,20,1319,2.008494549793687,True,1235.1875,1235.1875,0.0
POOLED,21,2321,6.593816841508356,True,2239.487060546875,2239.487060546875,0.0
POOLED,22,3173,19.45097549674949,False,3094.767333984375,0.0,0.0
POOLED,23,1439,40.703661626735474,False,1434.405517578125,0.0,0.0
POOLED,24,2158,1.8367327943510516,True,2054.157958984375,2054.157958984375,0.0
POOLED,25,2984,6.426673107428314,True,2847.74072265625,2847.74072265625,0.0
POOLED,26,4129,18.83686806564627,False,4049.19580078125,0.0,0.0
POOLED,27,1338,42.10188920550611,False,1326.427978515625,0.0,0.0
POOLED,28,977,1.8264670128807396,True,952.893798828125,952.893798828125,0.0
POOLED,29,759,7.5682355986748995,True,738.1357421875,738.1357421875,0.0
POOLED,30,591,17.880349628997152,False,584.349609375,0.0,0.0
POOLED,31,116,38.08485672668261,False,115.63671875,0.0,0.0
POOLED,32,3417,1.985708209164345,True,3305.84130859375,3305.84130859375,0.0
POOLED,33,1613,4.507915205601755,True,1586.101806640625,1586.101806640625,0.0
POOLED,34,2,13.822299782788145,False,1.994873046875,0.0,0.0
POOLED,35,0,40.0,False,0.0,0.0,0.0
POOLED,36,1427,1.7283508989046528,True,1365.66357421875,1365.66357421875,0.0
POOLED,37,607,4.6101875899241875,True,577.85888671875,577.85888671875,0.0
POOLED,38,2,15.915718370567289,False,1.880126953125,0.0,0.0
POOLED,39,0,40.0,False,0.0,0.0,0.0
POOLED,40,4401,1.6457342329526916,True,4011.305419921875,4011.305419921875,0.0
POOLED,41,835,4.4524576714750825,True,801.365234375,801.365234375,0.0
POOLED,42,2,10.550555907843304,False,1.978515625,0.0,0.0
POOLED,43,0,40.0,False,0.0,0.0,0.0
POOLED,44,23430,2.097925433271079,True,22361.570556640625,22361.570556640625,0.0
POOLED,45,938,4.570607503849565,True,885.586181640625,885.586181640625,0.0
POOLED,46,3,1.6999999999999997,True,2.9794921875,2.9794921875,0.0
POOLED,47,0,40.0,False,0.0,0.0,0.0
POOLED,48,224,1.8097891996891922,True,209.832763671875,209.832763671875,0.0
POOLED,49,132,6.5757582798460525,True,124.64794921875,124.64794921875,0.0
POOLED,50,248,20.9748059495766,False,232.211181640625,0.0,0.0
POOLED,51,333,36.516129223352756,False,329.26904296875,0.0,0.0
POOLED,52,471,1.926088371266496,True,429.187255859375,429.187255859375,0.0
POOLED,53,166,5.736199971727,True,148.032958984375,148.032958984375,0.0
POOLED,54,145,20.95085553628058,False,120.462890625,0.0,0.0
POOLED,55,133,39.626698571621596,False,132.2314453125,0.0,0.0
POOLED,56,694,1.705238527196487,True,622.186767578125,622.186767578125,0.0
POOLED,57,258,5.938930884259741,True,240.3447265625,240.3447265625,0.0
POOLED,58,255,19.832356273572252,False,238.190185546875,0.0,0.0
POOLED,59,211,39.04097053610237,False,206.39404296875,0.0,0.0
POOLED,60,1654,2.0848596274259568,True,1544.787109375,1544.787109375,0.0
POOLED,61,113,4.550920660242448,True,106.922119140625,106.922119140625,0.0
POOLED,62,18,13.765066750578788,False,16.73486328125,0.0,0.0
POOLED,63,1,1.7,True,0.97705078125,0.97705078125,0.0
INDIVIDUAL,0,3772,1.9130343977996582,True,3609.76708984375,3609.76708984375,0.0
INDIVIDUAL,1,2884,5.77789240414944,True,2790.11328125,2790.11328125,0.0
INDIVIDUAL,2,2205,20.130869649197535,False,2156.67578125,0.0,0.0
INDIVIDUAL,3,1451,43.92107651064223,False,1442.44775390625,0.0,0.0
INDIVIDUAL,4,1557,2.0293415301136344,True,1535.314453125,1535.314453125,0.0
INDIVIDUAL,5,1390,6.221871384071122,True,1374.173828125,1374.173828125,0.0
INDIVIDUAL,6,1164,18.979277963678484,False,1147.62939453125,0.0,0.0
INDIVIDUAL,7,337,40.49672022773389,False,335.937744140625,0.0,0.0
INDIVIDUAL,8,1716,2.0369145091030307,True,1655.650634765625,1655.650634765625,0.0
INDIVIDUAL,9,2905,6.2257440883223865,True,2864.404296875,2864.404296875,0.0
INDIVIDUAL,10,2217,17.431282640629203,False,2197.87109375,0.0,0.0
INDIVIDUAL,11,516,40.60227759254972,False,512.980224609375,0.0,0.0
INDIVIDUAL,12,91,3.0445711169070133,True,89.0068359375,89.0068359375,0.0
INDIVIDUAL,13,84,6.545367897194996,True,83.95654296875,83.95654296875,0.0
INDIVIDUAL,14,82,19.820421919833727,False,80.830810546875,0.0,0.0
INDIVIDUAL,15,12,34.749548203485865,False,11.24853515625,0.0,0.0
INDIVIDUAL,16,483,2.062880026246373,True,462.17333984375,462.17333984375,0.0
INDIVIDUAL,17,878,6.867333427178141,True,854.2060546875,854.2060546875,0.0
INDIVIDUAL,18,2656,20.017389049828186,False,2597.554443359375,0.0,0.0
INDIVIDUAL,19,1058,44.75807904849197,False,1045.983642578125,0.0,0.0
INDIVIDUAL,20,1320,2.0069734473056084,True,1235.8349609375,1235.8349609375,0.0
INDIVIDUAL,21,2322,6.592975798686397,True,2240.39501953125,2240.39501953125,0.0
INDIVIDUAL,22,3174,19.450781584027172,False,3095.800048828125,0.0,0.0
INDIVIDUAL,23,1439,40.70370620392631,False,1434.39892578125,0.0,0.0
INDIVIDUAL,24,2144,1.833670763057329,True,2040.692138671875,2040.692138671875,0.0
INDIVIDUAL,25,2997,6.426217716747294,True,2860.311767578125,2860.311767578125,0.0
INDIVIDUAL,26,4120,18.836307361659898,False,4040.31982421875,0.0,0.0
INDIVIDUAL,27,1333,42.101560099505015,False,1321.488525390625,0.0,0.0
INDIVIDUAL,28,983,1.8263739935783325,True,958.68505859375,958.68505859375,0.0
INDIVIDUAL,29,769,7.568807431142416,True,747.94873046875,747.94873046875,0.0
INDIVIDUAL,30,565,17.88565326941741,False,558.583740234375,0.0,0.0
INDIVIDUAL,31,118,38.09687212522192,False,117.62255859375,0.0,0.0
INDIVIDUAL,32,3426,1.9854742961974696,True,3314.57373046875,3314.57373046875,0.0
INDIVIDUAL,33,1619,4.51030344466279,True,1591.944580078125,1591.944580078125,0.0
INDIVIDUAL,34,2,13.822300083887024,False,1.993408203125,0.0,0.0
INDIVIDUAL,35,0,40.0,False,0.0,0.0,0.0
INDIVIDUAL,36,1432,1.7301565039116855,True,1370.375,1370.375,0.0
INDIVIDUAL,37,604,4.610856981383676,True,575.083984375,575.083984375,0.0
INDIVIDUAL,38,3,15.915893595669228,False,2.805419921875,0.0,0.0
INDIVIDUAL,39,0,40.0,False,0.0,0.0,0.0
INDIVIDUAL,40,4436,1.6440920782955033,True,4042.75390625,4042.75390625,0.0
INDIVIDUAL,41,831,4.453313996245489,True,797.447998046875,797.447998046875,0.0
INDIVIDUAL,42,2,10.550556044034389,False,1.9755859375,0.0,0.0
INDIVIDUAL,43,0,40.0,False,0.0,0.0,0.0
INDIVIDUAL,44,23583,2.098104318870561,True,22506.8046875,22506.8046875,0.0
INDIVIDUAL,45,921,4.568980456931085,True,869.496337890625,869.496337890625,0.0
INDIVIDUAL,46,3,1.6999999999999997,True,2.981201171875,2.981201171875,0.0
INDIVIDUAL,47,0,40.0,False,0.0,0.0,0.0
INDIVIDUAL,48,225,1.8095781875753332,True,210.692138671875,210.692138671875,0.0
INDIVIDUAL,49,124,6.5756239831204315,True,117.097900390625,117.097900390625,0.0
INDIVIDUAL,50,248,20.96410460830147,False,232.289306640625,0.0,0.0
INDIVIDUAL,51,330,36.51612397855479,False,326.245361328125,0.0,0.0
INDIVIDUAL,52,468,1.9312487221381207,True,426.51416015625,426.51416015625,0.0
INDIVIDUAL,53,174,5.734627042845968,True,155.1064453125,155.1064453125,0.0
INDIVIDUAL,54,143,20.93761298248187,False,118.73974609375,0.0,0.0
INDIVIDUAL,55,131,39.62727219393149,False,130.2314453125,0.0,0.0
INDIVIDUAL,56,720,1.7122896871668891,True,645.70947265625,645.70947265625,0.0
INDIVIDUAL,57,251,5.927237393740575,True,233.80322265625,233.80322265625,0.0
INDIVIDUAL,58,256,19.82793197956098,False,239.10498046875,0.0,0.0
INDIVIDUAL,59,211,39.04096225434664,False,206.334228515625,0.0,0.0
INDIVIDUAL,60,1670,2.0852728402813976,True,1559.8330078125,1559.8330078125,0.0
INDIVIDUAL,61,117,4.5498130968085215,True,110.720458984375,110.720458984375,0.0
INDIVIDUAL,62,17,13.67985907180047,False,15.80322265625,0.0,0.0
INDIVIDUAL,63,1,1.7,True,0.978271484375,0.978271484375,0.0
