reconstruction,cause,paths,mutually_exclusive
POOLED,ANY_UNLAWFUL,0,False
POOLED,ANY_JUVENILE_FAILURE,4053,False
POOLED,ANY_BASAL_AREA_FAILURE,0,False
POOLED,JUVENILE_AND_BASAL,0,False
POOLED,UNLAWFUL_AND_JUVENILE,0,False
POOLED,UNLAWFUL_AND_BASAL,0,False
POOLED,ALL_THREE,0,False
INDIVIDUAL,ANY_UNLAWFUL,0,False
INDIVIDUAL,ANY_JUVENILE_FAILURE,137,False
INDIVIDUAL,ANY_BASAL_AREA_FAILURE,0,False
INDIVIDUAL,JUVENILE_AND_BASAL,0,False
INDIVIDUAL,UNLAWFUL_AND_JUVENILE,0,False
INDIVIDUAL,UNLAWFUL_AND_BASAL,0,False
INDIVIDUAL,ALL_THREE,0,False
