state,coarse_count,fine_count,coarse_ba,fine_ba,BA_projection_error,clip_second_moment_error,coarse_J,fine_J,provenance
0,90040,90040,1535.8699116114078,1535.8699116114078,0.0,0.0,66288,65146,IMPUTED_ORIGIN_DISTRIBUTION_WITH_VISIBLE_E1_PROFILE_ANCESTRY
1,93920,93920,1534.2996374415593,1534.2996374415595,2.2737367544323206e-13,0.0,70322,69153,IMPUTED_ORIGIN_DISTRIBUTION_WITH_VISIBLE_E1_PROFILE_ANCESTRY
2,93623,93623,1516.5444251690672,1516.5444251690676,4.547473508864641e-13,0.0,69706,68577,IMPUTED_ORIGIN_DISTRIBUTION_WITH_VISIBLE_E1_PROFILE_ANCESTRY
3,90189,90189,1513.055018609679,1513.0550186096796,4.547473508864641e-13,0.0,66701,65770,IMPUTED_ORIGIN_DISTRIBUTION_WITH_VISIBLE_E1_PROFILE_ANCESTRY
4,85482,85482,1513.7776131657781,1513.7776131657783,2.2737367544323206e-13,0.0,62055,61043,IMPUTED_ORIGIN_DISTRIBUTION_WITH_VISIBLE_E1_PROFILE_ANCESTRY
5,91993,91993,1508.954444608764,1508.9544446087637,-4.547473508864641e-13,0.0,68395,67239,IMPUTED_ORIGIN_DISTRIBUTION_WITH_VISIBLE_E1_PROFILE_ANCESTRY
6,90015,90015,1523.4393731299638,1523.4393731299638,0.0,0.0,66307,65151,IMPUTED_ORIGIN_DISTRIBUTION_WITH_VISIBLE_E1_PROFILE_ANCESTRY
7,83640,83640,1509.7528119396436,1509.7528119396436,0.0,0.0,60274,59619,IMPUTED_ORIGIN_DISTRIBUTION_WITH_VISIBLE_E1_PROFILE_ANCESTRY
8,72424,72424,1495.449411882064,1495.4494118820635,-4.547473508864641e-13,0.0,49050,47992,IMPUTED_ORIGIN_DISTRIBUTION_WITH_VISIBLE_E1_PROFILE_ANCESTRY
9,84125,84125,1498.2762126222415,1498.2762126222415,0.0,0.0,60797,59985,IMPUTED_ORIGIN_DISTRIBUTION_WITH_VISIBLE_E1_PROFILE_ANCESTRY
10,74366,74366,1473.1312078702624,1473.1312078702624,0.0,0.0,51493,50870,IMPUTED_ORIGIN_DISTRIBUTION_WITH_VISIBLE_E1_PROFILE_ANCESTRY
11,87506,87506,1483.0591374370542,1483.0591374370542,0.0,0.0,64273,63404,IMPUTED_ORIGIN_DISTRIBUTION_WITH_VISIBLE_E1_PROFILE_ANCESTRY
12,75952,75952,1495.2907831479906,1495.29078314799,-6.821210263296962e-13,0.0,52651,51728,IMPUTED_ORIGIN_DISTRIBUTION_WITH_VISIBLE_E1_PROFILE_ANCESTRY
13,78658,78658,1497.566812959761,1497.566812959761,0.0,0.0,55317,54136,IMPUTED_ORIGIN_DISTRIBUTION_WITH_VISIBLE_E1_PROFILE_ANCESTRY
14,85049,85049,1497.9492040345565,1497.9492040345565,0.0,0.0,61793,61200,IMPUTED_ORIGIN_DISTRIBUTION_WITH_VISIBLE_E1_PROFILE_ANCESTRY
15,92629,92629,1508.3593033828672,1508.3593033828672,0.0,0.0,68871,67779,IMPUTED_ORIGIN_DISTRIBUTION_WITH_VISIBLE_E1_PROFILE_ANCESTRY
