sigma,replicate,distance_low,distance_high,n,FP,FN,deltaJ,delta_J_over_J0,full_subset_realization_before,full_subset_realization_after,assumed_error_distribution
0,0,0.0,0.1,405,0,0,0,0.0,False,False,REGISTERED_METHODOLOGICAL_GAUSSIAN_NOT_EMPIRICALLY_ESTIMATED
0,0,0.1,0.25,273,0,0,0,0.0,False,False,REGISTERED_METHODOLOGICAL_GAUSSIAN_NOT_EMPIRICALLY_ESTIMATED
0,0,0.25,0.5,489,0,0,0,0.0,False,False,REGISTERED_METHODOLOGICAL_GAUSSIAN_NOT_EMPIRICALLY_ESTIMATED
0,0,0.5,1.0,1301,0,0,0,0.0,False,False,REGISTERED_METHODOLOGICAL_GAUSSIAN_NOT_EMPIRICALLY_ESTIMATED
0,0,1.0,2.0,2743,0,0,0,0.0,False,False,REGISTERED_METHODOLOGICAL_GAUSSIAN_NOT_EMPIRICALLY_ESTIMATED
0,0,2.0,300.0,48400,0,0,0,0.0,False,False,REGISTERED_METHODOLOGICAL_GAUSSIAN_NOT_EMPIRICALLY_ESTIMATED
0,1,0.0,0.1,405,0,0,0,0.0,False,False,REGISTERED_METHODOLOGICAL_GAUSSIAN_NOT_EMPIRICALLY_ESTIMATED
0,1,0.1,0.25,273,0,0,0,0.0,False,False,REGISTERED_METHODOLOGICAL_GAUSSIAN_NOT_EMPIRICALLY_ESTIMATED
0,1,0.25,0.5,489,0,0,0,0.0,False,False,REGISTERED_METHODOLOGICAL_GAUSSIAN_NOT_EMPIRICALLY_ESTIMATED
0,1,0.5,1.0,1301,0,0,0,0.0,False,False,REGISTERED_METHODOLOGICAL_GAUSSIAN_NOT_EMPIRICALLY_ESTIMATED
0,1,1.0,2.0,2743,0,0,0,0.0,False,False,REGISTERED_METHODOLOGICAL_GAUSSIAN_NOT_EMPIRICALLY_ESTIMATED
0,1,2.0,300.0,48400,0,0,0,0.0,False,False,REGISTERED_METHODOLOGICAL_GAUSSIAN_NOT_EMPIRICALLY_ESTIMATED
0,2,0.0,0.1,405,0,0,0,0.0,False,False,REGISTERED_METHODOLOGICAL_GAUSSIAN_NOT_EMPIRICALLY_ESTIMATED
0,2,0.1,0.25,273,0,0,0,0.0,False,False,REGISTERED_METHODOLOGICAL_GAUSSIAN_NOT_EMPIRICALLY_ESTIMATED
0,2,0.25,0.5,489,0,0,0,0.0,False,False,REGISTERED_METHODOLOGICAL_GAUSSIAN_NOT_EMPIRICALLY_ESTIMATED
0,2,0.5,1.0,1301,0,0,0,0.0,False,False,REGISTERED_METHODOLOGICAL_GAUSSIAN_NOT_EMPIRICALLY_ESTIMATED
0,2,1.0,2.0,2743,0,0,0,0.0,False,False,REGISTERED_METHODOLOGICAL_GAUSSIAN_NOT_EMPIRICALLY_ESTIMATED
0,2,2.0,300.0,48400,0,0,0,0.0,False,False,REGISTERED_METHODOLOGICAL_GAUSSIAN_NOT_EMPIRICALLY_ESTIMATED
0,3,0.0,0.1,405,0,0,0,0.0,False,False,REGISTERED_METHODOLOGICAL_GAUSSIAN_NOT_EMPIRICALLY_ESTIMATED
0,3,0.1,0.25,273,0,0,0,0.0,False,False,REGISTERED_METHODOLOGICAL_GAUSSIAN_NOT_EMPIRICALLY_ESTIMATED
0,3,0.25,0.5,489,0,0,0,0.0,False,False,REGISTERED_METHODOLOGICAL_GAUSSIAN_NOT_EMPIRICALLY_ESTIMATED
0,3,0.5,1.0,1301,0,0,0,0.0,False,False,REGISTERED_METHODOLOGICAL_GAUSSIAN_NOT_EMPIRICALLY_ESTIMATED
0,3,1.0,2.0,2743,0,0,0,0.0,False,False,REGISTERED_METHODOLOGICAL_GAUSSIAN_NOT_EMPIRICALLY_ESTIMATED
0,3,2.0,300.0,48400,0,0,0,0.0,False,False,REGISTERED_METHODOLOGICAL_GAUSSIAN_NOT_EMPIRICALLY_ESTIMATED
0,4,0.0,0.1,405,0,0,0,0.0,False,False,REGISTERED_METHODOLOGICAL_GAUSSIAN_NOT_EMPIRICALLY_ESTIMATED
0,4,0.1,0.25,273,0,0,0,0.0,False,False,REGISTERED_METHODOLOGICAL_GAUSSIAN_NOT_EMPIRICALLY_ESTIMATED
0,4,0.25,0.5,489,0,0,0,0.0,False,False,REGISTERED_METHODOLOGICAL_GAUSSIAN_NOT_EMPIRICALLY_ESTIMATED
0,4,0.5,1.0,1301,0,0,0,0.0,False,False,REGISTERED_METHODOLOGICAL_GAUSSIAN_NOT_EMPIRICALLY_ESTIMATED
0,4,1.0,2.0,2743,0,0,0,0.0,False,False,REGISTERED_METHODOLOGICAL_GAUSSIAN_NOT_EMPIRICALLY_ESTIMATED
0,4,2.0,300.0,48400,0,0,0,0.0,False,False,REGISTERED_METHODOLOGICAL_GAUSSIAN_NOT_EMPIRICALLY_ESTIMATED
0,5,0.0,0.1,405,0,0,0,0.0,False,False,REGISTERED_METHODOLOGICAL_GAUSSIAN_NOT_EMPIRICALLY_ESTIMATED
0,5,0.1,0.25,273,0,0,0,0.0,False,False,REGISTERED_METHODOLOGICAL_GAUSSIAN_NOT_EMPIRICALLY_ESTIMATED
0,5,0.25,0.5,489,0,0,0,0.0,False,False,REGISTERED_METHODOLOGICAL_GAUSSIAN_NOT_EMPIRICALLY_ESTIMATED
0,5,0.5,1.0,1301,0,0,0,0.0,False,False,REGISTERED_METHODOLOGICAL_GAUSSIAN_NOT_EMPIRICALLY_ESTIMATED
0,5,1.0,2.0,2743,0,0,0,0.0,False,False,REGISTERED_METHODOLOGICAL_GAUSSIAN_NOT_EMPIRICALLY_ESTIMATED
0,5,2.0,300.0,48400,0,0,0,0.0,False,False,REGISTERED_METHODOLOGICAL_GAUSSIAN_NOT_EMPIRICALLY_ESTIMATED
0,6,0.0,0.1,405,0,0,0,0.0,False,False,REGISTERED_METHODOLOGICAL_GAUSSIAN_NOT_EMPIRICALLY_ESTIMATED
0,6,0.1,0.25,273,0,0,0,0.0,False,False,REGISTERED_METHODOLOGICAL_GAUSSIAN_NOT_EMPIRICALLY_ESTIMATED
0,6,0.25,0.5,489,0,0,0,0.0,False,False,REGISTERED_METHODOLOGICAL_GAUSSIAN_NOT_EMPIRICALLY_ESTIMATED
0,6,0.5,1.0,1301,0,0,0,0.0,False,False,REGISTERED_METHODOLOGICAL_GAUSSIAN_NOT_EMPIRICALLY_ESTIMATED
0,6,1.0,2.0,2743,0,0,0,0.0,False,False,REGISTERED_METHODOLOGICAL_GAUSSIAN_NOT_EMPIRICALLY_ESTIMATED
0,6,2.0,300.0,48400,0,0,0,0.0,False,False,REGISTERED_METHODOLOGICAL_GAUSSIAN_NOT_EMPIRICALLY_ESTIMATED
0,7,0.0,0.1,405,0,0,0,0.0,False,False,REGISTERED_METHODOLOGICAL_GAUSSIAN_NOT_EMPIRICALLY_ESTIMATED
0,7,0.1,0.25,273,0,0,0,0.0,False,False,REGISTERED_METHODOLOGICAL_GAUSSIAN_NOT_EMPIRICALLY_ESTIMATED
0,7,0.25,0.5,489,0,0,0,0.0,False,False,REGISTERED_METHODOLOGICAL_GAUSSIAN_NOT_EMPIRICALLY_ESTIMATED
0,7,0.5,1.0,1301,0,0,0,0.0,False,False,REGISTERED_METHODOLOGICAL_GAUSSIAN_NOT_EMPIRICALLY_ESTIMATED
0,7,1.0,2.0,2743,0,0,0,0.0,False,False,REGISTERED_METHODOLOGICAL_GAUSSIAN_NOT_EMPIRICALLY_ESTIMATED
0,7,2.0,300.0,48400,0,0,0,0.0,False,False,REGISTERED_METHODOLOGICAL_GAUSSIAN_NOT_EMPIRICALLY_ESTIMATED
0.1,0,0.0,0.1,405,95,12,83,0.0010112455377267687,False,False,REGISTERED_METHODOLOGICAL_GAUSSIAN_NOT_EMPIRICALLY_ESTIMATED
0.1,0,0.1,0.25,273,4,3,1,1.2183681177430949e-05,False,False,REGISTERED_METHODOLOGICAL_GAUSSIAN_NOT_EMPIRICALLY_ESTIMATED
0.1,0,0.25,0.5,489,1,0,1,1.2183681177430949e-05,False,False,REGISTERED_METHODOLOGICAL_GAUSSIAN_NOT_EMPIRICALLY_ESTIMATED
0.1,0,0.5,1.0,1301,0,0,0,0.0,False,False,REGISTERED_METHODOLOGICAL_GAUSSIAN_NOT_EMPIRICALLY_ESTIMATED
0.1,0,1.0,2.0,2743,0,0,0,0.0,False,False,REGISTERED_METHODOLOGICAL_GAUSSIAN_NOT_EMPIRICALLY_ESTIMATED
0.1,0,2.0,300.0,48400,0,0,0,0.0,False,False,REGISTERED_METHODOLOGICAL_GAUSSIAN_NOT_EMPIRICALLY_ESTIMATED
0.1,1,0.0,0.1,405,97,19,78,0.000950327131839614,False,False,REGISTERED_METHODOLOGICAL_GAUSSIAN_NOT_EMPIRICALLY_ESTIMATED
0.1,1,0.1,0.25,273,2,4,-2,-2.4367362354861898e-05,False,False,REGISTERED_METHODOLOGICAL_GAUSSIAN_NOT_EMPIRICALLY_ESTIMATED
0.1,1,0.25,0.5,489,1,0,1,1.2183681177430949e-05,False,False,REGISTERED_METHODOLOGICAL_GAUSSIAN_NOT_EMPIRICALLY_ESTIMATED
0.1,1,0.5,1.0,1301,0,0,0,0.0,False,False,REGISTERED_METHODOLOGICAL_GAUSSIAN_NOT_EMPIRICALLY_ESTIMATED
0.1,1,1.0,2.0,2743,0,0,0,0.0,False,False,REGISTERED_METHODOLOGICAL_GAUSSIAN_NOT_EMPIRICALLY_ESTIMATED
0.1,1,2.0,300.0,48400,0,0,0,0.0,False,False,REGISTERED_METHODOLOGICAL_GAUSSIAN_NOT_EMPIRICALLY_ESTIMATED
0.1,2,0.0,0.1,405,85,18,67,0.0008163066388878736,False,False,REGISTERED_METHODOLOGICAL_GAUSSIAN_NOT_EMPIRICALLY_ESTIMATED
0.1,2,0.1,0.25,273,5,4,1,1.2183681177430949e-05,False,False,REGISTERED_METHODOLOGICAL_GAUSSIAN_NOT_EMPIRICALLY_ESTIMATED
0.1,2,0.25,0.5,489,0,0,0,0.0,False,False,REGISTERED_METHODOLOGICAL_GAUSSIAN_NOT_EMPIRICALLY_ESTIMATED
0.1,2,0.5,1.0,1301,0,0,0,0.0,False,False,REGISTERED_METHODOLOGICAL_GAUSSIAN_NOT_EMPIRICALLY_ESTIMATED
0.1,2,1.0,2.0,2743,0,0,0,0.0,False,False,REGISTERED_METHODOLOGICAL_GAUSSIAN_NOT_EMPIRICALLY_ESTIMATED
0.1,2,2.0,300.0,48400,0,0,0,0.0,False,False,REGISTERED_METHODOLOGICAL_GAUSSIAN_NOT_EMPIRICALLY_ESTIMATED
0.1,3,0.0,0.1,405,91,15,76,0.0009259597694847521,False,False,REGISTERED_METHODOLOGICAL_GAUSSIAN_NOT_EMPIRICALLY_ESTIMATED
0.1,3,0.1,0.25,273,2,3,-1,-1.2183681177430949e-05,False,False,REGISTERED_METHODOLOGICAL_GAUSSIAN_NOT_EMPIRICALLY_ESTIMATED
0.1,3,0.25,0.5,489,0,0,0,0.0,False,False,REGISTERED_METHODOLOGICAL_GAUSSIAN_NOT_EMPIRICALLY_ESTIMATED
0.1,3,0.5,1.0,1301,0,0,0,0.0,False,False,REGISTERED_METHODOLOGICAL_GAUSSIAN_NOT_EMPIRICALLY_ESTIMATED
0.1,3,1.0,2.0,2743,0,0,0,0.0,False,False,REGISTERED_METHODOLOGICAL_GAUSSIAN_NOT_EMPIRICALLY_ESTIMATED
0.1,3,2.0,300.0,48400,0,0,0,0.0,False,False,REGISTERED_METHODOLOGICAL_GAUSSIAN_NOT_EMPIRICALLY_ESTIMATED
0.1,4,0.0,0.1,405,101,25,76,0.0009259597694847521,False,False,REGISTERED_METHODOLOGICAL_GAUSSIAN_NOT_EMPIRICALLY_ESTIMATED
0.1,4,0.1,0.25,273,7,4,3,3.6551043532292845e-05,False,False,REGISTERED_METHODOLOGICAL_GAUSSIAN_NOT_EMPIRICALLY_ESTIMATED
0.1,4,0.25,0.5,489,0,0,0,0.0,False,False,REGISTERED_METHODOLOGICAL_GAUSSIAN_NOT_EMPIRICALLY_ESTIMATED
0.1,4,0.5,1.0,1301,0,0,0,0.0,False,False,REGISTERED_METHODOLOGICAL_GAUSSIAN_NOT_EMPIRICALLY_ESTIMATED
0.1,4,1.0,2.0,2743,0,0,0,0.0,False,False,REGISTERED_METHODOLOGICAL_GAUSSIAN_NOT_EMPIRICALLY_ESTIMATED
0.1,4,2.0,300.0,48400,0,0,0,0.0,False,False,REGISTERED_METHODOLOGICAL_GAUSSIAN_NOT_EMPIRICALLY_ESTIMATED
0.1,5,0.0,0.1,405,83,13,70,0.0008528576824201664,False,False,REGISTERED_METHODOLOGICAL_GAUSSIAN_NOT_EMPIRICALLY_ESTIMATED
0.1,5,0.1,0.25,273,1,6,-5,-6.0918405887154746e-05,False,False,REGISTERED_METHODOLOGICAL_GAUSSIAN_NOT_EMPIRICALLY_ESTIMATED
0.1,5,0.25,0.5,489,0,1,-1,-1.2183681177430949e-05,False,False,REGISTERED_METHODOLOGICAL_GAUSSIAN_NOT_EMPIRICALLY_ESTIMATED
0.1,5,0.5,1.0,1301,0,0,0,0.0,False,False,REGISTERED_METHODOLOGICAL_GAUSSIAN_NOT_EMPIRICALLY_ESTIMATED
0.1,5,1.0,2.0,2743,0,0,0,0.0,False,False,REGISTERED_METHODOLOGICAL_GAUSSIAN_NOT_EMPIRICALLY_ESTIMATED
0.1,5,2.0,300.0,48400,0,0,0,0.0,False,False,REGISTERED_METHODOLOGICAL_GAUSSIAN_NOT_EMPIRICALLY_ESTIMATED
0.1,6,0.0,0.1,405,94,22,72,0.0008772250447750283,False,False,REGISTERED_METHODOLOGICAL_GAUSSIAN_NOT_EMPIRICALLY_ESTIMATED
0.1,6,0.1,0.25,273,4,6,-2,-2.4367362354861898e-05,False,False,REGISTERED_METHODOLOGICAL_GAUSSIAN_NOT_EMPIRICALLY_ESTIMATED
0.1,6,0.25,0.5,489,0,0,0,0.0,False,False,REGISTERED_METHODOLOGICAL_GAUSSIAN_NOT_EMPIRICALLY_ESTIMATED
0.1,6,0.5,1.0,1301,0,0,0,0.0,False,False,REGISTERED_METHODOLOGICAL_GAUSSIAN_NOT_EMPIRICALLY_ESTIMATED
0.1,6,1.0,2.0,2743,0,0,0,0.0,False,False,REGISTERED_METHODOLOGICAL_GAUSSIAN_NOT_EMPIRICALLY_ESTIMATED
0.1,6,2.0,300.0,48400,0,0,0,0.0,False,False,REGISTERED_METHODOLOGICAL_GAUSSIAN_NOT_EMPIRICALLY_ESTIMATED
0.1,7,0.0,0.1,405,109,18,91,0.0011087149871462163,False,False,REGISTERED_METHODOLOGICAL_GAUSSIAN_NOT_EMPIRICALLY_ESTIMATED
0.1,7,0.1,0.25,273,4,5,-1,-1.2183681177430949e-05,False,False,REGISTERED_METHODOLOGICAL_GAUSSIAN_NOT_EMPIRICALLY_ESTIMATED
0.1,7,0.25,0.5,489,0,0,0,0.0,False,False,REGISTERED_METHODOLOGICAL_GAUSSIAN_NOT_EMPIRICALLY_ESTIMATED
0.1,7,0.5,1.0,1301,0,0,0,0.0,False,False,REGISTERED_METHODOLOGICAL_GAUSSIAN_NOT_EMPIRICALLY_ESTIMATED
0.1,7,1.0,2.0,2743,0,0,0,0.0,False,False,REGISTERED_METHODOLOGICAL_GAUSSIAN_NOT_EMPIRICALLY_ESTIMATED
0.1,7,2.0,300.0,48400,0,0,0,0.0,False,False,REGISTERED_METHODOLOGICAL_GAUSSIAN_NOT_EMPIRICALLY_ESTIMATED
0.25,0,0.0,0.1,405,129,36,93,0.0011330823495010784,False,False,REGISTERED_METHODOLOGICAL_GAUSSIAN_NOT_EMPIRICALLY_ESTIMATED
0.25,0,0.1,0.25,273,27,30,-3,-3.6551043532292845e-05,False,False,REGISTERED_METHODOLOGICAL_GAUSSIAN_NOT_EMPIRICALLY_ESTIMATED
0.25,0,0.25,0.5,489,22,21,1,1.2183681177430949e-05,False,False,REGISTERED_METHODOLOGICAL_GAUSSIAN_NOT_EMPIRICALLY_ESTIMATED
0.25,0,0.5,1.0,1301,7,2,5,6.0918405887154746e-05,False,False,REGISTERED_METHODOLOGICAL_GAUSSIAN_NOT_EMPIRICALLY_ESTIMATED
0.25,0,1.0,2.0,2743,0,0,0,0.0,False,False,REGISTERED_METHODOLOGICAL_GAUSSIAN_NOT_EMPIRICALLY_ESTIMATED
0.25,0,2.0,300.0,48400,0,0,0,0.0,False,False,REGISTERED_METHODOLOGICAL_GAUSSIAN_NOT_EMPIRICALLY_ESTIMATED
0.25,1,0.0,0.1,405,126,38,88,0.0010721639436139234,False,False,REGISTERED_METHODOLOGICAL_GAUSSIAN_NOT_EMPIRICALLY_ESTIMATED
0.25,1,0.1,0.25,273,22,21,1,1.2183681177430949e-05,False,False,REGISTERED_METHODOLOGICAL_GAUSSIAN_NOT_EMPIRICALLY_ESTIMATED
0.25,1,0.25,0.5,489,27,16,11,0.00013402049295174043,False,False,REGISTERED_METHODOLOGICAL_GAUSSIAN_NOT_EMPIRICALLY_ESTIMATED
0.25,1,0.5,1.0,1301,5,3,2,2.4367362354861898e-05,False,False,REGISTERED_METHODOLOGICAL_GAUSSIAN_NOT_EMPIRICALLY_ESTIMATED
0.25,1,1.0,2.0,2743,0,0,0,0.0,False,False,REGISTERED_METHODOLOGICAL_GAUSSIAN_NOT_EMPIRICALLY_ESTIMATED
0.25,1,2.0,300.0,48400,0,0,0,0.0,False,False,REGISTERED_METHODOLOGICAL_GAUSSIAN_NOT_EMPIRICALLY_ESTIMATED
0.25,2,0.0,0.1,405,107,47,60,0.0007310208706458569,False,False,REGISTERED_METHODOLOGICAL_GAUSSIAN_NOT_EMPIRICALLY_ESTIMATED
0.25,2,0.1,0.25,273,33,31,2,2.4367362354861898e-05,False,False,REGISTERED_METHODOLOGICAL_GAUSSIAN_NOT_EMPIRICALLY_ESTIMATED
0.25,2,0.25,0.5,489,26,23,3,3.6551043532292845e-05,False,False,REGISTERED_METHODOLOGICAL_GAUSSIAN_NOT_EMPIRICALLY_ESTIMATED
0.25,2,0.5,1.0,1301,5,1,4,4.8734724709723796e-05,False,False,REGISTERED_METHODOLOGICAL_GAUSSIAN_NOT_EMPIRICALLY_ESTIMATED
0.25,2,1.0,2.0,2743,0,0,0,0.0,False,False,REGISTERED_METHODOLOGICAL_GAUSSIAN_NOT_EMPIRICALLY_ESTIMATED
0.25,2,2.0,300.0,48400,0,0,0,0.0,False,False,REGISTERED_METHODOLOGICAL_GAUSSIAN_NOT_EMPIRICALLY_ESTIMATED
0.25,3,0.0,0.1,405,112,41,71,0.0008650413635975973,False,False,REGISTERED_METHODOLOGICAL_GAUSSIAN_NOT_EMPIRICALLY_ESTIMATED
0.25,3,0.1,0.25,273,23,30,-7,-8.528576824201664e-05,False,False,REGISTERED_METHODOLOGICAL_GAUSSIAN_NOT_EMPIRICALLY_ESTIMATED
0.25,3,0.25,0.5,489,16,27,-11,-0.00013402049295174043,False,False,REGISTERED_METHODOLOGICAL_GAUSSIAN_NOT_EMPIRICALLY_ESTIMATED
0.25,3,0.5,1.0,1301,5,2,3,3.6551043532292845e-05,False,False,REGISTERED_METHODOLOGICAL_GAUSSIAN_NOT_EMPIRICALLY_ESTIMATED
0.25,3,1.0,2.0,2743,0,0,0,0.0,False,False,REGISTERED_METHODOLOGICAL_GAUSSIAN_NOT_EMPIRICALLY_ESTIMATED
0.25,3,2.0,300.0,48400,0,0,0,0.0,False,False,REGISTERED_METHODOLOGICAL_GAUSSIAN_NOT_EMPIRICALLY_ESTIMATED
0.25,4,0.0,0.1,405,120,46,74,0.0009015924071298902,False,False,REGISTERED_METHODOLOGICAL_GAUSSIAN_NOT_EMPIRICALLY_ESTIMATED
0.25,4,0.1,0.25,273,30,26,4,4.8734724709723796e-05,False,False,REGISTERED_METHODOLOGICAL_GAUSSIAN_NOT_EMPIRICALLY_ESTIMATED
0.25,4,0.25,0.5,489,24,24,0,0.0,False,False,REGISTERED_METHODOLOGICAL_GAUSSIAN_NOT_EMPIRICALLY_ESTIMATED
0.25,4,0.5,1.0,1301,6,6,0,0.0,False,False,REGISTERED_METHODOLOGICAL_GAUSSIAN_NOT_EMPIRICALLY_ESTIMATED
0.25,4,1.0,2.0,2743,0,0,0,0.0,False,False,REGISTERED_METHODOLOGICAL_GAUSSIAN_NOT_EMPIRICALLY_ESTIMATED
0.25,4,2.0,300.0,48400,0,0,0,0.0,False,False,REGISTERED_METHODOLOGICAL_GAUSSIAN_NOT_EMPIRICALLY_ESTIMATED
0.25,5,0.0,0.1,405,105,29,76,0.0009259597694847521,False,False,REGISTERED_METHODOLOGICAL_GAUSSIAN_NOT_EMPIRICALLY_ESTIMATED
0.25,5,0.1,0.25,273,29,31,-2,-2.4367362354861898e-05,False,False,REGISTERED_METHODOLOGICAL_GAUSSIAN_NOT_EMPIRICALLY_ESTIMATED
0.25,5,0.25,0.5,489,22,25,-3,-3.6551043532292845e-05,False,False,REGISTERED_METHODOLOGICAL_GAUSSIAN_NOT_EMPIRICALLY_ESTIMATED
0.25,5,0.5,1.0,1301,7,7,0,0.0,False,False,REGISTERED_METHODOLOGICAL_GAUSSIAN_NOT_EMPIRICALLY_ESTIMATED
0.25,5,1.0,2.0,2743,0,0,0,0.0,False,False,REGISTERED_METHODOLOGICAL_GAUSSIAN_NOT_EMPIRICALLY_ESTIMATED
0.25,5,2.0,300.0,48400,0,0,0,0.0,False,False,REGISTERED_METHODOLOGICAL_GAUSSIAN_NOT_EMPIRICALLY_ESTIMATED
0.25,6,0.0,0.1,405,118,45,73,0.0008894087259524592,False,False,REGISTERED_METHODOLOGICAL_GAUSSIAN_NOT_EMPIRICALLY_ESTIMATED
0.25,6,0.1,0.25,273,25,25,0,0.0,False,False,REGISTERED_METHODOLOGICAL_GAUSSIAN_NOT_EMPIRICALLY_ESTIMATED
0.25,6,0.25,0.5,489,21,17,4,4.8734724709723796e-05,False,False,REGISTERED_METHODOLOGICAL_GAUSSIAN_NOT_EMPIRICALLY_ESTIMATED
0.25,6,0.5,1.0,1301,6,9,-3,-3.6551043532292845e-05,False,False,REGISTERED_METHODOLOGICAL_GAUSSIAN_NOT_EMPIRICALLY_ESTIMATED
0.25,6,1.0,2.0,2743,0,0,0,0.0,False,False,REGISTERED_METHODOLOGICAL_GAUSSIAN_NOT_EMPIRICALLY_ESTIMATED
0.25,6,2.0,300.0,48400,0,0,0,0.0,False,False,REGISTERED_METHODOLOGICAL_GAUSSIAN_NOT_EMPIRICALLY_ESTIMATED
0.25,7,0.0,0.1,405,134,35,99,0.001206184436565664,False,False,REGISTERED_METHODOLOGICAL_GAUSSIAN_NOT_EMPIRICALLY_ESTIMATED
0.25,7,0.1,0.25,273,30,33,-3,-3.6551043532292845e-05,False,False,REGISTERED_METHODOLOGICAL_GAUSSIAN_NOT_EMPIRICALLY_ESTIMATED
0.25,7,0.25,0.5,489,28,23,5,6.0918405887154746e-05,False,False,REGISTERED_METHODOLOGICAL_GAUSSIAN_NOT_EMPIRICALLY_ESTIMATED
0.25,7,0.5,1.0,1301,5,7,-2,-2.4367362354861898e-05,False,False,REGISTERED_METHODOLOGICAL_GAUSSIAN_NOT_EMPIRICALLY_ESTIMATED
0.25,7,1.0,2.0,2743,0,0,0,0.0,False,False,REGISTERED_METHODOLOGICAL_GAUSSIAN_NOT_EMPIRICALLY_ESTIMATED
0.25,7,2.0,300.0,48400,0,0,0,0.0,False,False,REGISTERED_METHODOLOGICAL_GAUSSIAN_NOT_EMPIRICALLY_ESTIMATED
0.5,0,0.0,0.1,405,134,47,87,0.0010599802624364925,False,False,REGISTERED_METHODOLOGICAL_GAUSSIAN_NOT_EMPIRICALLY_ESTIMATED
0.5,0,0.1,0.25,273,49,45,4,4.8734724709723796e-05,False,False,REGISTERED_METHODOLOGICAL_GAUSSIAN_NOT_EMPIRICALLY_ESTIMATED
0.5,0,0.25,0.5,489,56,68,-12,-0.00014620417412917138,False,False,REGISTERED_METHODOLOGICAL_GAUSSIAN_NOT_EMPIRICALLY_ESTIMATED
0.5,0,0.5,1.0,1301,60,56,4,4.8734724709723796e-05,False,False,REGISTERED_METHODOLOGICAL_GAUSSIAN_NOT_EMPIRICALLY_ESTIMATED
0.5,0,1.0,2.0,2743,2,7,-5,-6.0918405887154746e-05,False,False,REGISTERED_METHODOLOGICAL_GAUSSIAN_NOT_EMPIRICALLY_ESTIMATED
0.5,0,2.0,300.0,48400,0,0,0,0.0,False,False,REGISTERED_METHODOLOGICAL_GAUSSIAN_NOT_EMPIRICALLY_ESTIMATED
0.5,1,0.0,0.1,405,140,51,89,0.0010843476247913545,False,False,REGISTERED_METHODOLOGICAL_GAUSSIAN_NOT_EMPIRICALLY_ESTIMATED
0.5,1,0.1,0.25,273,43,33,10,0.00012183681177430949,False,False,REGISTERED_METHODOLOGICAL_GAUSSIAN_NOT_EMPIRICALLY_ESTIMATED
0.5,1,0.25,0.5,489,72,74,-2,-2.4367362354861898e-05,False,False,REGISTERED_METHODOLOGICAL_GAUSSIAN_NOT_EMPIRICALLY_ESTIMATED
0.5,1,0.5,1.0,1301,42,76,-34,-0.00041424516003265227,False,False,REGISTERED_METHODOLOGICAL_GAUSSIAN_NOT_EMPIRICALLY_ESTIMATED
0.5,1,1.0,2.0,2743,10,7,3,3.6551043532292845e-05,False,False,REGISTERED_METHODOLOGICAL_GAUSSIAN_NOT_EMPIRICALLY_ESTIMATED
0.5,1,2.0,300.0,48400,0,0,0,0.0,False,False,REGISTERED_METHODOLOGICAL_GAUSSIAN_NOT_EMPIRICALLY_ESTIMATED
0.5,2,0.0,0.1,405,124,56,68,0.0008284903200653045,False,False,REGISTERED_METHODOLOGICAL_GAUSSIAN_NOT_EMPIRICALLY_ESTIMATED
0.5,2,0.1,0.25,273,49,45,4,4.8734724709723796e-05,False,False,REGISTERED_METHODOLOGICAL_GAUSSIAN_NOT_EMPIRICALLY_ESTIMATED
0.5,2,0.25,0.5,489,58,64,-6,-7.310208706458569e-05,False,False,REGISTERED_METHODOLOGICAL_GAUSSIAN_NOT_EMPIRICALLY_ESTIMATED
0.5,2,0.5,1.0,1301,63,60,3,3.6551043532292845e-05,False,False,REGISTERED_METHODOLOGICAL_GAUSSIAN_NOT_EMPIRICALLY_ESTIMATED
0.5,2,1.0,2.0,2743,8,9,-1,-1.2183681177430949e-05,False,False,REGISTERED_METHODOLOGICAL_GAUSSIAN_NOT_EMPIRICALLY_ESTIMATED
0.5,2,2.0,300.0,48400,0,0,0,0.0,False,False,REGISTERED_METHODOLOGICAL_GAUSSIAN_NOT_EMPIRICALLY_ESTIMATED
0.5,3,0.0,0.1,405,122,53,69,0.0008406740012427354,False,False,REGISTERED_METHODOLOGICAL_GAUSSIAN_NOT_EMPIRICALLY_ESTIMATED
0.5,3,0.1,0.25,273,45,55,-10,-0.00012183681177430949,False,False,REGISTERED_METHODOLOGICAL_GAUSSIAN_NOT_EMPIRICALLY_ESTIMATED
0.5,3,0.25,0.5,489,48,63,-15,-0.00018275521766146423,False,False,REGISTERED_METHODOLOGICAL_GAUSSIAN_NOT_EMPIRICALLY_ESTIMATED
0.5,3,0.5,1.0,1301,63,68,-5,-6.0918405887154746e-05,False,False,REGISTERED_METHODOLOGICAL_GAUSSIAN_NOT_EMPIRICALLY_ESTIMATED
0.5,3,1.0,2.0,2743,8,7,1,1.2183681177430949e-05,False,False,REGISTERED_METHODOLOGICAL_GAUSSIAN_NOT_EMPIRICALLY_ESTIMATED
0.5,3,2.0,300.0,48400,0,0,0,0.0,False,False,REGISTERED_METHODOLOGICAL_GAUSSIAN_NOT_EMPIRICALLY_ESTIMATED
0.5,4,0.0,0.1,405,128,54,74,0.0009015924071298902,False,False,REGISTERED_METHODOLOGICAL_GAUSSIAN_NOT_EMPIRICALLY_ESTIMATED
0.5,4,0.1,0.25,273,47,52,-5,-6.0918405887154746e-05,False,False,REGISTERED_METHODOLOGICAL_GAUSSIAN_NOT_EMPIRICALLY_ESTIMATED
0.5,4,0.25,0.5,489,68,64,4,4.8734724709723796e-05,False,False,REGISTERED_METHODOLOGICAL_GAUSSIAN_NOT_EMPIRICALLY_ESTIMATED
0.5,4,0.5,1.0,1301,69,57,12,0.00014620417412917138,False,False,REGISTERED_METHODOLOGICAL_GAUSSIAN_NOT_EMPIRICALLY_ESTIMATED
0.5,4,1.0,2.0,2743,6,4,2,2.4367362354861898e-05,False,False,REGISTERED_METHODOLOGICAL_GAUSSIAN_NOT_EMPIRICALLY_ESTIMATED
0.5,4,2.0,300.0,48400,0,0,0,0.0,False,False,REGISTERED_METHODOLOGICAL_GAUSSIAN_NOT_EMPIRICALLY_ESTIMATED
0.5,5,0.0,0.1,405,128,40,88,0.0010721639436139234,False,False,REGISTERED_METHODOLOGICAL_GAUSSIAN_NOT_EMPIRICALLY_ESTIMATED
0.5,5,0.1,0.25,273,48,50,-2,-2.4367362354861898e-05,False,False,REGISTERED_METHODOLOGICAL_GAUSSIAN_NOT_EMPIRICALLY_ESTIMATED
0.5,5,0.25,0.5,489,59,64,-5,-6.0918405887154746e-05,False,False,REGISTERED_METHODOLOGICAL_GAUSSIAN_NOT_EMPIRICALLY_ESTIMATED
0.5,5,0.5,1.0,1301,55,65,-10,-0.00012183681177430949,False,False,REGISTERED_METHODOLOGICAL_GAUSSIAN_NOT_EMPIRICALLY_ESTIMATED
0.5,5,1.0,2.0,2743,7,7,0,0.0,False,False,REGISTERED_METHODOLOGICAL_GAUSSIAN_NOT_EMPIRICALLY_ESTIMATED
0.5,5,2.0,300.0,48400,0,0,0,0.0,False,False,REGISTERED_METHODOLOGICAL_GAUSSIAN_NOT_EMPIRICALLY_ESTIMATED
0.5,6,0.0,0.1,405,128,56,72,0.0008772250447750283,False,False,REGISTERED_METHODOLOGICAL_GAUSSIAN_NOT_EMPIRICALLY_ESTIMATED
0.5,6,0.1,0.25,273,47,36,11,0.00013402049295174043,False,False,REGISTERED_METHODOLOGICAL_GAUSSIAN_NOT_EMPIRICALLY_ESTIMATED
0.5,6,0.25,0.5,489,55,60,-5,-6.0918405887154746e-05,False,False,REGISTERED_METHODOLOGICAL_GAUSSIAN_NOT_EMPIRICALLY_ESTIMATED
0.5,6,0.5,1.0,1301,52,54,-2,-2.4367362354861898e-05,False,False,REGISTERED_METHODOLOGICAL_GAUSSIAN_NOT_EMPIRICALLY_ESTIMATED
0.5,6,1.0,2.0,2743,9,11,-2,-2.4367362354861898e-05,False,False,REGISTERED_METHODOLOGICAL_GAUSSIAN_NOT_EMPIRICALLY_ESTIMATED
0.5,6,2.0,300.0,48400,0,0,0,0.0,False,False,REGISTERED_METHODOLOGICAL_GAUSSIAN_NOT_EMPIRICALLY_ESTIMATED
0.5,7,0.0,0.1,405,136,43,93,0.0011330823495010784,False,False,REGISTERED_METHODOLOGICAL_GAUSSIAN_NOT_EMPIRICALLY_ESTIMATED
0.5,7,0.1,0.25,273,54,51,3,3.6551043532292845e-05,False,False,REGISTERED_METHODOLOGICAL_GAUSSIAN_NOT_EMPIRICALLY_ESTIMATED
0.5,7,0.25,0.5,489,64,53,11,0.00013402049295174043,False,False,REGISTERED_METHODOLOGICAL_GAUSSIAN_NOT_EMPIRICALLY_ESTIMATED
0.5,7,0.5,1.0,1301,59,69,-10,-0.00012183681177430949,False,False,REGISTERED_METHODOLOGICAL_GAUSSIAN_NOT_EMPIRICALLY_ESTIMATED
0.5,7,1.0,2.0,2743,4,10,-6,-7.310208706458569e-05,False,False,REGISTERED_METHODOLOGICAL_GAUSSIAN_NOT_EMPIRICALLY_ESTIMATED
0.5,7,2.0,300.0,48400,0,0,0,0.0,False,False,REGISTERED_METHODOLOGICAL_GAUSSIAN_NOT_EMPIRICALLY_ESTIMATED
1,0,0.0,0.1,405,139,50,89,0.0010843476247913545,False,False,REGISTERED_METHODOLOGICAL_GAUSSIAN_NOT_EMPIRICALLY_ESTIMATED
1,0,0.1,0.25,273,59,52,7,8.528576824201664e-05,False,False,REGISTERED_METHODOLOGICAL_GAUSSIAN_NOT_EMPIRICALLY_ESTIMATED
1,0,0.25,0.5,489,85,110,-25,-0.0003045920294357737,False,False,REGISTERED_METHODOLOGICAL_GAUSSIAN_NOT_EMPIRICALLY_ESTIMATED
1,0,0.5,1.0,1301,141,163,-22,-0.00026804098590348086,False,False,REGISTERED_METHODOLOGICAL_GAUSSIAN_NOT_EMPIRICALLY_ESTIMATED
1,0,1.0,2.0,2743,91,144,-53,-0.0006457351024038403,False,False,REGISTERED_METHODOLOGICAL_GAUSSIAN_NOT_EMPIRICALLY_ESTIMATED
1,0,2.0,300.0,48400,14,17,-3,-3.6551043532292845e-05,False,False,REGISTERED_METHODOLOGICAL_GAUSSIAN_NOT_EMPIRICALLY_ESTIMATED
1,1,0.0,0.1,405,145,54,91,0.0011087149871462163,False,False,REGISTERED_METHODOLOGICAL_GAUSSIAN_NOT_EMPIRICALLY_ESTIMATED
1,1,0.1,0.25,273,53,47,6,7.310208706458569e-05,False,False,REGISTERED_METHODOLOGICAL_GAUSSIAN_NOT_EMPIRICALLY_ESTIMATED
1,1,0.25,0.5,489,101,100,1,1.2183681177430949e-05,False,False,REGISTERED_METHODOLOGICAL_GAUSSIAN_NOT_EMPIRICALLY_ESTIMATED
1,1,0.5,1.0,1301,130,195,-65,-0.0007919392765330117,False,False,REGISTERED_METHODOLOGICAL_GAUSSIAN_NOT_EMPIRICALLY_ESTIMATED
1,1,1.0,2.0,2743,101,114,-13,-0.00015838785530660233,False,False,REGISTERED_METHODOLOGICAL_GAUSSIAN_NOT_EMPIRICALLY_ESTIMATED
1,1,2.0,300.0,48400,11,10,1,1.2183681177430949e-05,False,False,REGISTERED_METHODOLOGICAL_GAUSSIAN_NOT_EMPIRICALLY_ESTIMATED
1,2,0.0,0.1,405,129,57,72,0.0008772250447750283,False,False,REGISTERED_METHODOLOGICAL_GAUSSIAN_NOT_EMPIRICALLY_ESTIMATED
1,2,0.1,0.25,273,54,52,2,2.4367362354861898e-05,False,False,REGISTERED_METHODOLOGICAL_GAUSSIAN_NOT_EMPIRICALLY_ESTIMATED
1,2,0.25,0.5,489,80,83,-3,-3.6551043532292845e-05,False,False,REGISTERED_METHODOLOGICAL_GAUSSIAN_NOT_EMPIRICALLY_ESTIMATED
1,2,0.5,1.0,1301,140,182,-42,-0.0005117146094520998,False,False,REGISTERED_METHODOLOGICAL_GAUSSIAN_NOT_EMPIRICALLY_ESTIMATED
1,2,1.0,2.0,2743,108,130,-22,-0.00026804098590348086,False,False,REGISTERED_METHODOLOGICAL_GAUSSIAN_NOT_EMPIRICALLY_ESTIMATED
1,2,2.0,300.0,48400,7,11,-4,-4.8734724709723796e-05,False,False,REGISTERED_METHODOLOGICAL_GAUSSIAN_NOT_EMPIRICALLY_ESTIMATED
1,3,0.0,0.1,405,126,59,67,0.0008163066388878736,False,False,REGISTERED_METHODOLOGICAL_GAUSSIAN_NOT_EMPIRICALLY_ESTIMATED
1,3,0.1,0.25,273,55,67,-12,-0.00014620417412917138,False,False,REGISTERED_METHODOLOGICAL_GAUSSIAN_NOT_EMPIRICALLY_ESTIMATED
1,3,0.25,0.5,489,76,92,-16,-0.00019493889883889518,False,False,REGISTERED_METHODOLOGICAL_GAUSSIAN_NOT_EMPIRICALLY_ESTIMATED
1,3,0.5,1.0,1301,157,167,-10,-0.00012183681177430949,False,False,REGISTERED_METHODOLOGICAL_GAUSSIAN_NOT_EMPIRICALLY_ESTIMATED
1,3,1.0,2.0,2743,105,126,-21,-0.0002558573047260499,False,False,REGISTERED_METHODOLOGICAL_GAUSSIAN_NOT_EMPIRICALLY_ESTIMATED
1,3,2.0,300.0,48400,11,15,-4,-4.8734724709723796e-05,False,False,REGISTERED_METHODOLOGICAL_GAUSSIAN_NOT_EMPIRICALLY_ESTIMATED
1,4,0.0,0.1,405,132,58,74,0.0009015924071298902,False,False,REGISTERED_METHODOLOGICAL_GAUSSIAN_NOT_EMPIRICALLY_ESTIMATED
1,4,0.1,0.25,273,58,62,-4,-4.8734724709723796e-05,False,False,REGISTERED_METHODOLOGICAL_GAUSSIAN_NOT_EMPIRICALLY_ESTIMATED
1,4,0.25,0.5,489,97,93,4,4.8734724709723796e-05,False,False,REGISTERED_METHODOLOGICAL_GAUSSIAN_NOT_EMPIRICALLY_ESTIMATED
1,4,0.5,1.0,1301,165,158,7,8.528576824201664e-05,False,False,REGISTERED_METHODOLOGICAL_GAUSSIAN_NOT_EMPIRICALLY_ESTIMATED
1,4,1.0,2.0,2743,117,117,0,0.0,False,False,REGISTERED_METHODOLOGICAL_GAUSSIAN_NOT_EMPIRICALLY_ESTIMATED
1,4,2.0,300.0,48400,12,20,-8,-9.746944941944759e-05,False,False,REGISTERED_METHODOLOGICAL_GAUSSIAN_NOT_EMPIRICALLY_ESTIMATED
1,5,0.0,0.1,405,135,43,92,0.0011208986683236472,False,False,REGISTERED_METHODOLOGICAL_GAUSSIAN_NOT_EMPIRICALLY_ESTIMATED
1,5,0.1,0.25,273,58,59,-1,-1.2183681177430949e-05,False,False,REGISTERED_METHODOLOGICAL_GAUSSIAN_NOT_EMPIRICALLY_ESTIMATED
1,5,0.25,0.5,489,88,88,0,0.0,False,False,REGISTERED_METHODOLOGICAL_GAUSSIAN_NOT_EMPIRICALLY_ESTIMATED
1,5,0.5,1.0,1301,152,174,-22,-0.00026804098590348086,False,False,REGISTERED_METHODOLOGICAL_GAUSSIAN_NOT_EMPIRICALLY_ESTIMATED
1,5,1.0,2.0,2743,87,112,-25,-0.0003045920294357737,False,False,REGISTERED_METHODOLOGICAL_GAUSSIAN_NOT_EMPIRICALLY_ESTIMATED
1,5,2.0,300.0,48400,11,12,-1,-1.2183681177430949e-05,False,False,REGISTERED_METHODOLOGICAL_GAUSSIAN_NOT_EMPIRICALLY_ESTIMATED
1,6,0.0,0.1,405,132,66,66,0.0008041229577104426,False,False,REGISTERED_METHODOLOGICAL_GAUSSIAN_NOT_EMPIRICALLY_ESTIMATED
1,6,0.1,0.25,273,54,43,11,0.00013402049295174043,False,False,REGISTERED_METHODOLOGICAL_GAUSSIAN_NOT_EMPIRICALLY_ESTIMATED
1,6,0.25,0.5,489,88,91,-3,-3.6551043532292845e-05,False,False,REGISTERED_METHODOLOGICAL_GAUSSIAN_NOT_EMPIRICALLY_ESTIMATED
1,6,0.5,1.0,1301,152,179,-27,-0.0003289593917906356,False,False,REGISTERED_METHODOLOGICAL_GAUSSIAN_NOT_EMPIRICALLY_ESTIMATED
1,6,1.0,2.0,2743,114,110,4,4.8734724709723796e-05,False,False,REGISTERED_METHODOLOGICAL_GAUSSIAN_NOT_EMPIRICALLY_ESTIMATED
1,6,2.0,300.0,48400,10,18,-8,-9.746944941944759e-05,False,False,REGISTERED_METHODOLOGICAL_GAUSSIAN_NOT_EMPIRICALLY_ESTIMATED
1,7,0.0,0.1,405,145,51,94,0.0011452660306785092,False,False,REGISTERED_METHODOLOGICAL_GAUSSIAN_NOT_EMPIRICALLY_ESTIMATED
1,7,0.1,0.25,273,65,59,6,7.310208706458569e-05,False,False,REGISTERED_METHODOLOGICAL_GAUSSIAN_NOT_EMPIRICALLY_ESTIMATED
1,7,0.25,0.5,489,99,79,20,0.00024367362354861898,False,False,REGISTERED_METHODOLOGICAL_GAUSSIAN_NOT_EMPIRICALLY_ESTIMATED
1,7,0.5,1.0,1301,153,157,-4,-4.8734724709723796e-05,False,False,REGISTERED_METHODOLOGICAL_GAUSSIAN_NOT_EMPIRICALLY_ESTIMATED
1,7,1.0,2.0,2743,90,130,-40,-0.00048734724709723797,False,False,REGISTERED_METHODOLOGICAL_GAUSSIAN_NOT_EMPIRICALLY_ESTIMATED
1,7,2.0,300.0,48400,10,18,-8,-9.746944941944759e-05,False,False,REGISTERED_METHODOLOGICAL_GAUSSIAN_NOT_EMPIRICALLY_ESTIMATED
