cell,n,rms_cm,stem_juveniles,rms_juveniles,FP,FN,first_date,last_date,support
0,3302,2.4491157132942463,3300,3302,2,0,2018-05-17,2019-11-27,SECURE_OBSERVED_E1_SUBSET_NOT_2020_ORIGIN
1,2609,6.34200589026455,2469,2609,140,0,2018-05-17,2019-09-13,SECURE_OBSERVED_E1_SUBSET_NOT_2020_ORIGIN
2,2237,22.10821851445473,2,0,0,2,2018-05-17,2019-09-13,SECURE_OBSERVED_E1_SUBSET_NOT_2020_ORIGIN
3,1351,43.70577506739016,0,0,0,0,2018-05-17,2019-09-13,SECURE_OBSERVED_E1_SUBSET_NOT_2020_ORIGIN
4,1052,2.8329320151181476,1051,1052,1,0,2018-07-03,2019-06-14,SECURE_OBSERVED_E1_SUBSET_NOT_2020_ORIGIN
5,1180,7.289812371164271,1040,1180,140,0,2018-07-03,2019-06-14,SECURE_OBSERVED_E1_SUBSET_NOT_2020_ORIGIN
6,1083,20.354403808168023,0,0,0,0,2018-07-03,2019-06-14,SECURE_OBSERVED_E1_SUBSET_NOT_2020_ORIGIN
7,285,41.5609229419833,0,0,0,0,2018-07-03,2019-06-14,SECURE_OBSERVED_E1_SUBSET_NOT_2020_ORIGIN
8,1531,2.5167447067605377,1531,1531,0,0,2019-05-30,2019-08-12,SECURE_OBSERVED_E1_SUBSET_NOT_2020_ORIGIN
9,2954,7.214627246787461,2608,2954,346,0,2019-05-31,2019-08-12,SECURE_OBSERVED_E1_SUBSET_NOT_2020_ORIGIN
10,1929,18.683629724957786,1,0,0,1,2019-05-31,2019-08-12,SECURE_OBSERVED_E1_SUBSET_NOT_2020_ORIGIN
11,448,41.828081924707,0,0,0,0,2019-05-31,2019-08-12,SECURE_OBSERVED_E1_SUBSET_NOT_2020_ORIGIN
12,7,4.146254764414334,7,7,0,0,2019-05-30,2019-07-10,SECURE_OBSERVED_E1_SUBSET_NOT_2020_ORIGIN
13,17,6.627394129005493,15,17,2,0,2019-05-30,2019-07-10,SECURE_OBSERVED_E1_SUBSET_NOT_2020_ORIGIN
14,12,22.775278995729852,0,0,0,0,2019-05-30,2019-06-07,SECURE_OBSERVED_E1_SUBSET_NOT_2020_ORIGIN
15,5,36.225874730639696,0,0,0,0,2019-05-30,2019-06-07,SECURE_OBSERVED_E1_SUBSET_NOT_2020_ORIGIN
16,347,2.5526671365625515,347,347,0,0,2018-05-18,2018-10-24,SECURE_OBSERVED_E1_SUBSET_NOT_2020_ORIGIN
17,938,7.561473017899782,825,938,113,0,2018-05-17,2019-09-13,SECURE_OBSERVED_E1_SUBSET_NOT_2020_ORIGIN
18,2791,21.736599796000945,4,0,0,4,2018-05-17,2019-11-27,SECURE_OBSERVED_E1_SUBSET_NOT_2020_ORIGIN
19,887,45.357075223494775,1,0,0,1,2018-05-17,2019-09-13,SECURE_OBSERVED_E1_SUBSET_NOT_2020_ORIGIN
20,1021,2.5028641771235423,1020,1021,1,0,2018-07-03,2019-06-14,SECURE_OBSERVED_E1_SUBSET_NOT_2020_ORIGIN
21,2382,7.1539309445715045,2210,2382,172,0,2018-06-29,2019-06-14,SECURE_OBSERVED_E1_SUBSET_NOT_2020_ORIGIN
22,3180,20.354383731936426,6,0,0,6,2018-06-29,2019-06-14,SECURE_OBSERVED_E1_SUBSET_NOT_2020_ORIGIN
23,1242,41.37630188269516,0,0,0,0,2018-06-29,2019-06-14,SECURE_OBSERVED_E1_SUBSET_NOT_2020_ORIGIN
24,1722,2.6188697014850817,1719,1722,3,0,2019-05-30,2019-07-25,SECURE_OBSERVED_E1_SUBSET_NOT_2020_ORIGIN
25,2800,7.09347361009702,2584,2800,216,0,2019-05-30,2019-07-25,SECURE_OBSERVED_E1_SUBSET_NOT_2020_ORIGIN
26,3840,19.90944865719122,4,0,0,4,2019-05-30,2020-01-03,SECURE_OBSERVED_E1_SUBSET_NOT_2020_ORIGIN
27,1113,43.41800298181643,0,0,0,0,2019-05-30,2019-08-12,SECURE_OBSERVED_E1_SUBSET_NOT_2020_ORIGIN
28,17,2.5996606113332654,17,17,0,0,2019-05-21,2019-07-10,SECURE_OBSERVED_E1_SUBSET_NOT_2020_ORIGIN
29,12,8.603197080155725,10,12,2,0,2019-05-30,2019-07-10,SECURE_OBSERVED_E1_SUBSET_NOT_2020_ORIGIN
30,37,20.00501288528804,0,0,0,0,2019-05-29,2019-07-10,SECURE_OBSERVED_E1_SUBSET_NOT_2020_ORIGIN
31,26,38.92900836532691,0,0,0,0,2019-05-23,2019-07-10,SECURE_OBSERVED_E1_SUBSET_NOT_2020_ORIGIN
32,3147,2.1599056105728436,3147,3147,0,0,2018-05-17,2019-09-13,SECURE_OBSERVED_E1_SUBSET_NOT_2020_ORIGIN
33,1340,4.566459486167152,1339,1340,1,0,2018-05-18,2019-09-13,SECURE_OBSERVED_E1_SUBSET_NOT_2020_ORIGIN
34,2,8.904212486233693,1,2,1,0,2018-05-29,2018-06-06,SECURE_OBSERVED_E1_SUBSET_NOT_2020_ORIGIN
35,0,0,0,0,0,0,,,SECURE_OBSERVED_E1_SUBSET_NOT_2020_ORIGIN
36,960,2.4531102706564174,959,960,1,0,2018-07-03,2019-11-27,SECURE_OBSERVED_E1_SUBSET_NOT_2020_ORIGIN
37,442,4.938325508057302,440,442,2,0,2018-07-11,2019-06-14,SECURE_OBSERVED_E1_SUBSET_NOT_2020_ORIGIN
38,0,0,0,0,0,0,,,SECURE_OBSERVED_E1_SUBSET_NOT_2020_ORIGIN
39,0,0,0,0,0,0,,,SECURE_OBSERVED_E1_SUBSET_NOT_2020_ORIGIN
40,1659,2.1769685997985224,1659,1659,0,0,2019-05-31,2019-08-12,SECURE_OBSERVED_E1_SUBSET_NOT_2020_ORIGIN
41,557,4.870651861010696,556,557,1,0,2019-05-31,2019-08-12,SECURE_OBSERVED_E1_SUBSET_NOT_2020_ORIGIN
42,2,8.603487664894976,1,2,1,0,2019-06-07,2019-07-02,SECURE_OBSERVED_E1_SUBSET_NOT_2020_ORIGIN
43,0,0,0,0,0,0,,,SECURE_OBSERVED_E1_SUBSET_NOT_2020_ORIGIN
44,333,2.0259650871953676,333,333,0,0,2019-05-29,2019-07-10,SECURE_OBSERVED_E1_SUBSET_NOT_2020_ORIGIN
45,46,4.770402407599885,46,46,0,0,2019-05-30,2019-07-10,SECURE_OBSERVED_E1_SUBSET_NOT_2020_ORIGIN
46,0,0,0,0,0,0,,,SECURE_OBSERVED_E1_SUBSET_NOT_2020_ORIGIN
47,0,0,0,0,0,0,,,SECURE_OBSERVED_E1_SUBSET_NOT_2020_ORIGIN
48,145,2.3938714856180505,145,145,0,0,2018-05-17,2019-09-13,SECURE_OBSERVED_E1_SUBSET_NOT_2020_ORIGIN
49,122,7.413523310063337,111,122,11,0,2018-05-18,2018-07-03,SECURE_OBSERVED_E1_SUBSET_NOT_2020_ORIGIN
50,272,21.718265388160912,0,0,0,0,2018-05-17,2018-07-18,SECURE_OBSERVED_E1_SUBSET_NOT_2020_ORIGIN
51,327,36.74557161943659,0,0,0,0,2018-05-17,2018-07-11,SECURE_OBSERVED_E1_SUBSET_NOT_2020_ORIGIN
52,300,2.230807028857494,300,300,0,0,2018-07-03,2019-06-13,SECURE_OBSERVED_E1_SUBSET_NOT_2020_ORIGIN
53,158,6.611545329616188,146,158,12,0,2018-07-03,2019-06-12,SECURE_OBSERVED_E1_SUBSET_NOT_2020_ORIGIN
54,182,22.255031533822383,0,0,0,0,2018-06-29,2019-06-14,SECURE_OBSERVED_E1_SUBSET_NOT_2020_ORIGIN
55,116,40.41296522925148,0,0,0,0,2018-06-29,2019-06-07,SECURE_OBSERVED_E1_SUBSET_NOT_2020_ORIGIN
56,455,2.389321481688294,454,455,1,0,2019-05-30,2019-08-12,SECURE_OBSERVED_E1_SUBSET_NOT_2020_ORIGIN
57,214,7.192168638152624,196,214,18,0,2019-05-31,2019-07-25,SECURE_OBSERVED_E1_SUBSET_NOT_2020_ORIGIN
58,241,20.19618816998669,0,0,0,0,2019-06-03,2019-07-25,SECURE_OBSERVED_E1_SUBSET_NOT_2020_ORIGIN
59,210,39.24724497458691,0,0,0,0,2019-05-31,2019-07-23,SECURE_OBSERVED_E1_SUBSET_NOT_2020_ORIGIN
60,20,1.9471774444051062,20,20,0,0,2019-05-29,2019-07-10,SECURE_OBSERVED_E1_SUBSET_NOT_2020_ORIGIN
61,2,6.087692502089769,2,2,0,0,2019-05-29,2019-05-29,SECURE_OBSERVED_E1_SUBSET_NOT_2020_ORIGIN
62,2,11.862756846534452,0,0,0,0,2019-05-30,2019-05-30,SECURE_OBSERVED_E1_SUBSET_NOT_2020_ORIGIN
63,0,0,0,0,0,0,,,SECURE_OBSERVED_E1_SUBSET_NOT_2020_ORIGIN
