cell,n_visible,young_visible,fraction,below10_mean,atleast10_mean,profile_provenance
0,2806,2804,0.9992872416250891,2.2405492154065616,24.45,OBSERVED_VISIBLE_E1
1,2214,2097,0.9471544715447154,5.6896518836433,10.711111111111112,OBSERVED_VISIBLE_E1
2,1897,2,0.0010542962572482868,3.3,20.47736147757256,OBSERVED_VISIBLE_E1
3,1144,0,0.0,,42.36739510489511,OBSERVED_VISIBLE_E1
4,882,881,0.9988662131519275,2.598183881952327,13.4,OBSERVED_VISIBLE_E1
5,993,874,0.8801611278952669,6.3265446224256285,11.153781512605043,OBSERVED_VISIBLE_E1
6,916,0,0.0,,19.38264192139738,OBSERVED_VISIBLE_E1
7,244,0,0.0,,40.592213114754095,OBSERVED_VISIBLE_E1
8,1308,1308,1.0,2.3717125382263,,OBSERVED_VISIBLE_E1
9,2499,2202,0.8811524609843937,6.240644868301545,11.03097643097643,OBSERVED_VISIBLE_E1
10,1658,1,0.0006031363088057901,9.4,18.010500905250453,OBSERVED_VISIBLE_E1
11,383,0,0.0,,40.773107049608356,OBSERVED_VISIBLE_E1
12,7,7,1.0,3.485714285714286,,OBSERVED_VISIBLE_E1
13,13,11,0.8461538461538461,5.572727272727272,10.6,OBSERVED_VISIBLE_E1
14,10,0,0.0,,21.8,OBSERVED_VISIBLE_E1
15,5,0,0.0,,36.06,OBSERVED_VISIBLE_E1
16,289,289,1.0,2.3982698961937716,,OBSERVED_VISIBLE_E1
17,799,706,0.8836045056320401,6.788101983002832,10.588172043010754,OBSERVED_VISIBLE_E1
18,2361,4,0.0016941973739940702,4.875,20.29452694102673,OBSERVED_VISIBLE_E1
19,759,1,0.0013175230566534915,9.5,44.21042216358839,OBSERVED_VISIBLE_E1
20,880,880,1.0,2.380909090909091,,OBSERVED_VISIBLE_E1
21,2047,1900,0.9281875915974597,6.321684210526316,11.087755102040816,OBSERVED_VISIBLE_E1
22,2711,6,0.0022132054592401327,6.599999999999999,19.41841035120148,OBSERVED_VISIBLE_E1
23,1057,0,0.0,,40.76177861873226,OBSERVED_VISIBLE_E1
24,1438,1436,0.9986091794158554,2.353690807799443,23.1,OBSERVED_VISIBLE_E1
25,2357,2180,0.9249045396690708,6.385412844036698,10.911864406779662,OBSERVED_VISIBLE_E1
26,3226,4,0.0012399256044637321,8.75,18.989913097455,OBSERVED_VISIBLE_E1
27,946,0,0.0,,42.322621564482034,OBSERVED_VISIBLE_E1
28,13,13,1.0,2.530769230769231,,OBSERVED_VISIBLE_E1
29,9,8,0.8888888888888888,7.7375,10.0,OBSERVED_VISIBLE_E1
30,35,0,0.0,,19.205714285714283,OBSERVED_VISIBLE_E1
31,23,0,0.0,,38.37826086956522,OBSERVED_VISIBLE_E1
32,2653,2653,1.0,2.0629099133056914,,OBSERVED_VISIBLE_E1
33,1163,1162,0.999140154772141,4.401635111876075,16.5,OBSERVED_VISIBLE_E1
34,2,1,0.5,7.1,10.4,OBSERVED_VISIBLE_E1
35,0,0,0.0,,,IMPUTED_FALLBACK
36,802,801,0.9987531172069826,2.225967540574282,22.6,OBSERVED_VISIBLE_E1
37,382,380,0.9947643979057592,4.765789473684211,10.6,OBSERVED_VISIBLE_E1
38,0,0,0.0,,,IMPUTED_FALLBACK
39,0,0,0.0,,,IMPUTED_FALLBACK
40,1401,1401,1.0,2.0762312633832978,,OBSERVED_VISIBLE_E1
41,481,480,0.997920997920998,4.722083333333333,10.2,OBSERVED_VISIBLE_E1
42,1,1,1.0,5.2,,OBSERVED_VISIBLE_E1
43,0,0,0.0,,,IMPUTED_FALLBACK
44,287,287,1.0,1.9477351916376306,,OBSERVED_VISIBLE_E1
45,37,37,1.0,4.445945945945946,,OBSERVED_VISIBLE_E1
46,0,0,0.0,,,IMPUTED_FALLBACK
47,0,0,0.0,,,IMPUTED_FALLBACK
48,124,124,1.0,2.2201612903225802,,OBSERVED_VISIBLE_E1
49,98,91,0.9285714285714286,6.642857142857143,10.714285714285714,OBSERVED_VISIBLE_E1
50,224,0,0.0,,20.74017857142857,OBSERVED_VISIBLE_E1
51,281,0,0.0,,36.66548042704626,OBSERVED_VISIBLE_E1
52,256,256,1.0,2.084375,,OBSERVED_VISIBLE_E1
53,135,123,0.9111111111111111,5.815447154471545,11.008333333333333,OBSERVED_VISIBLE_E1
54,158,0,0.0,,21.488607594936706,OBSERVED_VISIBLE_E1
55,104,0,0.0,,39.82884615384615,OBSERVED_VISIBLE_E1
56,387,387,1.0,1.982170542635659,,OBSERVED_VISIBLE_E1
57,188,174,0.925531914893617,6.186781609195403,10.714285714285714,OBSERVED_VISIBLE_E1
58,205,0,0.0,,19.43268292682927,OBSERVED_VISIBLE_E1
59,174,0,0.0,,38.851724137931036,OBSERVED_VISIBLE_E1
60,17,17,1.0,1.8705882352941174,,OBSERVED_VISIBLE_E1
61,1,1,1.0,4.4,,OBSERVED_VISIBLE_E1
62,2,0,0.0,,11.850000000000001,OBSERVED_VISIBLE_E1
63,0,0,0.0,,,IMPUTED_FALLBACK
