cohort,suite,query,policy,n,certified_n,positives,negatives,TP,TN,FP,FN,sensitivity,specificity,FPR,FNR,balanced_accuracy,brier,certified_error,reference_unresolved_fraction,estimator_unresolved_fraction,viable_bias,viable_MAE,viable_coverage90,viable_width90,reserve_bias,reserve_MAE,reserve_coverage90,reserve_width90,delta_vs_B0_balanced_accuracy,delta_vs_B0_viable_MAE,delta_vs_B0_reserve_MAE,delta_vs_B0_brier,delta_vs_B0_estimator_unresolved_fraction
boundary,correct,Q1,B0_full,81,75,31,44,27,24,20,4,0.8709677419354839,0.5454545454545454,0.45454545454545453,0.12903225806451613,0.7082111436950147,0.2303515625,0.32,0.07407407407407407,0.024691358024691357,0.01811406641830633,0.1809159267095872,0.5308641975308642,0.32124083719135804,0.04077713577835648,0.20118656864872686,0.5679012345679012,0.3721860532407407,0.0,0.0,0.0,0.0,0.0
boundary,correct,Q1,B1_coarsened,81,75,31,44,27,30,14,4,0.8709677419354839,0.6818181818181818,0.3181818181818182,0.12903225806451613,0.7763929618768328,0.17450520833333333,0.24,0.07407407407407407,0.012345679012345678,-0.0793718879605517,0.18315727328076775,0.7407407407407407,0.5202907986111112,-0.05929640781732253,0.20498167438271606,0.7777777777777778,0.5805314429012346,0.06818181818181812,0.0022413465711805525,0.003795105733989196,-0.05584635416666667,-0.012345679012345678
boundary,correct,Q1,B2_unknown,81,75,31,44,29,28,16,2,0.9354838709677419,0.6363636363636364,0.36363636363636365,0.06451612903225806,0.7859237536656891,0.14953125,0.24,0.07407407407407407,0.024691358024691357,-0.08878034426842207,0.1499711024908372,0.8148148148148148,0.6669825424382716,-0.06077632197627315,0.1743348675009645,0.8641975308641975,0.7112654320987654,0.07771260997067442,-0.03094482421875,-0.026851701147762363,-0.08082031249999999,0.0
boundary,correct,Q1,B3_label_only,81,75,31,44,7,12,32,24,0.22580645161290322,0.2727272727272727,0.7272727272727273,0.7741935483870968,0.24926686217008798,0.7458723958333333,0.7466666666666667,0.07407407407407407,0.0,-0.18570869351610725,0.5572387318552277,0.037037037037037035,0.0,-0.14828566562982254,0.5198157039689429,0.037037037037037035,0.0,-0.4589442815249267,0.3763228051456404,0.3186291353202161,0.5155208333333333,-0.024691358024691357
boundary,correct,Q2,B0_full,81,75,24,51,20,24,27,4,0.8333333333333334,0.47058823529411764,0.5294117647058824,0.16666666666666666,0.6519607843137255,0.30212239583333333,0.41333333333333333,0.07407407407407407,0.04938271604938271,0.01811406641830633,0.1809159267095872,0.5308641975308642,0.32124083719135804,0.04077713577835648,0.20118656864872686,0.5679012345679012,0.3721860532407407,0.0,0.0,0.0,0.0,0.0
boundary,correct,Q2,B1_coarsened,81,75,24,51,19,30,21,5,0.7916666666666666,0.5882352941176471,0.4117647058823529,0.20833333333333334,0.6899509803921569,0.24696614583333334,0.3466666666666667,0.07407407407407407,0.037037037037037035,-0.0793718879605517,0.18315727328076775,0.7407407407407407,0.5202907986111112,-0.05929640781732253,0.20498167438271606,0.7777777777777778,0.5805314429012346,0.03799019607843135,0.0022413465711805525,0.003795105733989196,-0.05515624999999999,-0.012345679012345678
boundary,correct,Q2,B2_unknown,81,75,24,51,22,28,23,2,0.9166666666666666,0.5490196078431373,0.45098039215686275,0.08333333333333333,0.732843137254902,0.21912760416666666,0.3333333333333333,0.07407407407407407,0.024691358024691357,-0.08878034426842207,0.1499711024908372,0.8148148148148148,0.6669825424382716,-0.06077632197627315,0.1743348675009645,0.8641975308641975,0.7112654320987654,0.08088235294117652,-0.03094482421875,-0.026851701147762363,-0.08299479166666668,-0.024691358024691357
boundary,correct,Q2,B3_label_only,81,75,24,51,7,19,32,17,0.2916666666666667,0.37254901960784315,0.6274509803921569,0.7083333333333334,0.33210784313725494,0.6533723958333333,0.6533333333333333,0.07407407407407407,0.0,-0.18570869351610725,0.5572387318552277,0.037037037037037035,0.0,-0.14828566562982254,0.5198157039689429,0.037037037037037035,0.0,-0.31985294117647056,0.3763228051456404,0.3186291353202161,0.35124999999999995,-0.04938271604938271
boundary,hemlock_extra_hazard_0.12,Q1,B0_full,81,81,17,64,17,30,34,0,1.0,0.46875,0.53125,0.0,0.734375,0.3097873263888889,0.41975308641975306,0.0,0.024691358024691357,0.5246679988908179,0.5308924545476466,0.35802469135802467,0.32124083719135804,0.6478105709876543,0.6478105709876543,0.345679012345679,0.3721860532407407,0.0,0.0,0.0,0.0,0.0
boundary,hemlock_extra_hazard_0.12,Q1,B1_coarsened,81,81,17,64,17,36,28,0,1.0,0.5625,0.4375,0.0,0.78125,0.2591266396604938,0.345679012345679,0.0,0.012345679012345678,0.4271820445119599,0.433563232421875,0.5802469135802469,0.5202907986111112,0.5477370273919753,0.5477370273919753,0.5432098765432098,0.5805314429012346,0.046875,-0.09732922212577155,-0.100073543595679,-0.05066068672839508,-0.012345679012345678
boundary,hemlock_extra_hazard_0.12,Q1,B2_unknown,81,81,17,64,17,30,34,0,1.0,0.46875,0.53125,0.0,0.734375,0.24709442515432098,0.41975308641975306,0.0,0.024691358024691357,0.4177735882040895,0.42103821554301696,0.7160493827160493,0.6669825424382716,0.5462571132330247,0.5462571132330247,0.7283950617283951,0.7112654320987654,0.0,-0.1098542390046296,-0.10155345775462954,-0.06269290123456792,0.0
boundary,hemlock_extra_hazard_0.12,Q1,B3_label_only,81,81,17,64,0,22,42,17,0.0,0.34375,0.65625,1.0,0.171875,0.7261164158950617,0.7283950617283951,0.0,0.0,0.3208452389564043,0.7150132921006944,0.25925925925925924,0.0,0.45874776957947533,0.5771107614776234,0.2839506172839506,0.0,-0.5625,0.18412083755304787,-0.07069980951003085,0.4163290895061728,-0.024691358024691357
boundary,hemlock_extra_hazard_0.12,Q2,B0_full,81,81,0,81,0,30,51,0,,0.37037037037037035,0.6296296296296297,,,0.46806278935185186,0.6296296296296297,0.0,0.04938271604938271,0.5246679988908179,0.5308924545476466,0.35802469135802467,0.32124083719135804,0.6478105709876543,0.6478105709876543,0.345679012345679,0.3721860532407407,,0.0,0.0,0.0,0.0
boundary,hemlock_extra_hazard_0.12,Q2,B1_coarsened,81,81,0,81,0,37,44,0,,0.4567901234567901,0.5432098765432098,,,0.40955343364197533,0.5432098765432098,0.0,0.037037037037037035,0.4271820445119599,0.433563232421875,0.5802469135802469,0.5202907986111112,0.5477370273919753,0.5477370273919753,0.5432098765432098,0.5805314429012346,,-0.09732922212577155,-0.100073543595679,-0.05850935570987653,-0.012345679012345678
boundary,hemlock_extra_hazard_0.12,Q2,B2_unknown,81,81,0,81,0,30,51,0,,0.37037037037037035,0.6296296296296297,,,0.41878858024691357,0.6296296296296297,0.0,0.024691358024691357,0.4177735882040895,0.42103821554301696,0.7160493827160493,0.6669825424382716,0.5462571132330247,0.5462571132330247,0.7283950617283951,0.7112654320987654,,-0.1098542390046296,-0.10155345775462954,-0.049274209104938294,-0.024691358024691357
boundary,hemlock_extra_hazard_0.12,Q2,B3_label_only,81,81,0,81,0,39,42,0,,0.48148148148148145,0.5185185185185185,,,0.5170114776234568,0.5185185185185185,0.0,0.0,0.3208452389564043,0.7150132921006944,0.25925925925925924,0.0,0.45874776957947533,0.5771107614776234,0.2839506172839506,0.0,,0.18412083755304787,-0.07069980951003085,0.04894868827160492,-0.04938271604938271
boundary,entry_lognormal_annual_sd_1.2,Q1,B0_full,81,77,31,46,27,25,21,4,0.8709677419354839,0.5434782608695652,0.45652173913043476,0.12903225806451613,0.7072230014025245,0.22956828327922077,0.3246753246753247,0.04938271604938271,0.024691358024691357,0.023463684835551696,0.18496195475260416,0.5308641975308642,0.32124083719135804,0.06154076847029321,0.21944587613329475,0.5679012345679012,0.3721860532407407,0.0,0.0,0.0,0.0,0.0
boundary,entry_lognormal_annual_sd_1.2,Q1,B1_coarsened,81,77,31,46,27,31,15,4,0.8709677419354839,0.6739130434782609,0.32608695652173914,0.12903225806451613,0.7724403927068724,0.17405641233766234,0.24675324675324675,0.04938271604938271,0.012345679012345678,-0.07402226954330633,0.18570341887297453,0.7407407407407407,0.5202907986111112,-0.038532775125385804,0.22020241066261573,0.7777777777777778,0.5805314429012346,0.0652173913043479,0.0007414641203703776,0.0007565345293209791,-0.05551187094155843,-0.012345679012345678
boundary,entry_lognormal_annual_sd_1.2,Q1,B2_unknown,81,77,31,46,29,28,18,2,0.9354838709677419,0.6086956521739131,0.391304347826087,0.06451612903225806,0.7720897615708275,0.16336495535714285,0.2597402597402597,0.04938271604938271,0.024691358024691357,-0.0834307258511767,0.1524452868803048,0.8024691358024691,0.6669825424382716,-0.04001268928433642,0.19186137635030864,0.8395061728395061,0.7112654320987654,0.06486676016830306,-0.03251666787229937,-0.027584499782986105,-0.06620332792207792,0.0
boundary,entry_lognormal_annual_sd_1.2,Q1,B3_label_only,81,77,31,46,8,14,32,23,0.25806451612903225,0.30434782608695654,0.6956521739130435,0.7419354838709677,0.2812061711079944,0.7135120738636364,0.7142857142857143,0.04938271604938271,0.0,-0.18035907509886187,0.5546579243224344,0.037037037037037035,0.0,-0.1275220329378858,0.5018208821614584,0.037037037037037035,0.0,-0.4260168302945301,0.3696959695698303,0.2823750060281636,0.4839437905844156,-0.024691358024691357
boundary,entry_lognormal_annual_sd_1.2,Q2,B0_full,81,76,17,59,13,25,34,4,0.7647058823529411,0.423728813559322,0.576271186440678,0.23529411764705882,0.5942173479561316,0.3603644120065789,0.5,0.06172839506172839,0.04938271604938271,0.023463684835551696,0.18496195475260416,0.5308641975308642,0.32124083719135804,0.06154076847029321,0.21944587613329475,0.5679012345679012,0.3721860532407407,0.0,0.0,0.0,0.0,0.0
boundary,entry_lognormal_annual_sd_1.2,Q2,B1_coarsened,81,76,17,59,13,32,27,4,0.7647058823529411,0.5423728813559322,0.4576271186440678,0.23529411764705882,0.6535393818544366,0.2865953947368421,0.40789473684210525,0.06172839506172839,0.037037037037037035,-0.07402226954330633,0.18570341887297453,0.7407407407407407,0.5202907986111112,-0.038532775125385804,0.22020241066261573,0.7777777777777778,0.5805314429012346,0.05932203389830504,0.0007414641203703776,0.0007565345293209791,-0.07376901726973684,-0.012345679012345678
boundary,entry_lognormal_annual_sd_1.2,Q2,B2_unknown,81,76,17,59,15,28,31,2,0.8823529411764706,0.4745762711864407,0.5254237288135594,0.11764705882352941,0.6784646061814557,0.2943307976973684,0.4342105263157895,0.06172839506172839,0.024691358024691357,-0.0834307258511767,0.1524452868803048,0.8024691358024691,0.6669825424382716,-0.04001268928433642,0.19186137635030864,0.8395061728395061,0.7112654320987654,0.08424725822532408,-0.03251666787229937,-0.027584499782986105,-0.06603361430921051,-0.024691358024691357
boundary,entry_lognormal_annual_sd_1.2,Q2,B3_label_only,81,76,17,59,8,27,32,9,0.47058823529411764,0.4576271186440678,0.5423728813559322,0.5294117647058824,0.4641076769690927,0.5395122327302632,0.5394736842105263,0.06172839506172839,0.0,-0.18035907509886187,0.5546579243224344,0.037037037037037035,0.0,-0.1275220329378858,0.5018208821614584,0.037037037037037035,0.0,-0.13010967098703885,0.3696959695698303,0.2823750060281636,0.17914782072368424,-0.04938271604938271
HFD03,correct,Q1,B0_full,324,324,69,255,69,251,4,0,1.0,0.984313725490196,0.01568627450980392,0.0,0.9921568627450981,0.006004050925925926,0.012345679012345678,0.0,0.0030864197530864196,0.010307782961998456,0.011463683328510802,0.9907407407407407,0.02628882137345679,0.010307782961998456,0.011463683328510802,0.9907407407407407,0.02628882137345679,0.0,0.0,0.0,0.0,0.0
HFD03,correct,Q1,B1_coarsened,324,324,69,255,63,236,19,6,0.9130434782608695,0.9254901960784314,0.07450980392156863,0.08695652173913043,0.9192668371696504,0.043354552469135804,0.07716049382716049,0.0,0.0030864197530864196,0.016248161410108024,0.07340118031442901,0.9938271604938271,0.1575611255787037,0.016248161410108024,0.07340118031442901,0.9938271604938271,0.1575611255787037,-0.07289002557544766,0.0619374969859182,0.0619374969859182,0.03735050154320988,0.0
HFD03,correct,Q1,B2_unknown,324,324,69,255,51,222,33,18,0.7391304347826086,0.8705882352941177,0.12941176470588237,0.2608695652173913,0.8048593350383632,0.1054175106095679,0.1574074074074074,0.0,0.027777777777777776,0.020347312644675927,0.19815628616898148,1.0,0.4439597800925926,0.020347312644675927,0.19815628616898148,1.0,0.4439597800925926,-0.1872975277067349,0.18669260284047068,0.18669260284047068,0.09941345968364197,0.024691358024691357
HFD03,correct,Q1,B3_label_only,324,324,69,255,69,108,147,0,1.0,0.4235294117647059,0.5764705882352941,0.0,0.711764705882353,0.4533420138888889,0.4537037037037037,0.0,0.0,0.4477791491849923,0.4482877754870756,0.5401234567901234,0.001177300347222222,0.4477791491849923,0.4482877754870756,0.5401234567901234,0.001177300347222222,-0.2803921568627451,0.4368240921585648,0.4368240921585648,0.44733796296296297,-0.0030864197530864196
HFD03,correct,Q2,B0_full,324,324,69,255,69,251,4,0,1.0,0.984313725490196,0.01568627450980392,0.0,0.9921568627450981,0.006004050925925926,0.012345679012345678,0.0,0.0030864197530864196,0.010307782961998456,0.011463683328510802,0.9907407407407407,0.02628882137345679,0.010307782961998456,0.011463683328510802,0.9907407407407407,0.02628882137345679,0.0,0.0,0.0,0.0,0.0
HFD03,correct,Q2,B1_coarsened,324,324,69,255,63,236,19,6,0.9130434782608695,0.9254901960784314,0.07450980392156863,0.08695652173913043,0.9192668371696504,0.043354552469135804,0.07716049382716049,0.0,0.0030864197530864196,0.016248161410108024,0.07340118031442901,0.9938271604938271,0.1575611255787037,0.016248161410108024,0.07340118031442901,0.9938271604938271,0.1575611255787037,-0.07289002557544766,0.0619374969859182,0.0619374969859182,0.03735050154320988,0.0
HFD03,correct,Q2,B2_unknown,324,324,69,255,51,222,33,18,0.7391304347826086,0.8705882352941177,0.12941176470588237,0.2608695652173913,0.8048593350383632,0.1054175106095679,0.1574074074074074,0.0,0.027777777777777776,0.020347312644675927,0.19815628616898148,1.0,0.4439597800925926,0.020347312644675927,0.19815628616898148,1.0,0.4439597800925926,-0.1872975277067349,0.18669260284047068,0.18669260284047068,0.09941345968364197,0.024691358024691357
HFD03,correct,Q2,B3_label_only,324,324,69,255,69,108,147,0,1.0,0.4235294117647059,0.5764705882352941,0.0,0.711764705882353,0.4533420138888889,0.4537037037037037,0.0,0.0,0.4477791491849923,0.4482877754870756,0.5401234567901234,0.001177300347222222,0.4477791491849923,0.4482877754870756,0.5401234567901234,0.001177300347222222,-0.2803921568627451,0.4368240921585648,0.4368240921585648,0.44733796296296297,-0.0030864197530864196
HFD03,hemlock_extra_hazard_0.12,Q1,B0_full,324,324,39,285,39,251,34,0,1.0,0.8807017543859649,0.11929824561403508,0.0,0.9403508771929825,0.09724633487654322,0.10493827160493827,0.0,0.0030864197530864196,0.10610886562017748,0.10610886562017748,0.8858024691358025,0.02628882137345679,0.10610886562017748,0.10610886562017748,0.8858024691358025,0.02628882137345679,0.0,0.0,0.0,0.0,0.0
HFD03,hemlock_extra_hazard_0.12,Q1,B1_coarsened,324,324,39,285,39,242,43,0,1.0,0.8491228070175438,0.15087719298245614,0.0,0.9245614035087719,0.07884837962962964,0.13271604938271606,0.0,0.0030864197530864196,0.11204924406828703,0.11616271219135803,0.941358024691358,0.1575611255787037,0.11204924406828703,0.11616271219135803,0.941358024691358,0.1575611255787037,-0.015789473684210575,0.010053846571180552,0.010053846571180552,-0.01839795524691358,0.0
HFD03,hemlock_extra_hazard_0.12,Q1,B2_unknown,324,324,39,285,38,239,46,1,0.9743589743589743,0.8385964912280702,0.16140350877192983,0.02564102564102564,0.9064777327935223,0.09731565875771606,0.14506172839506173,0.0,0.027777777777777776,0.11614839530285494,0.1961278091242284,1.0,0.4439597800925926,0.11614839530285494,0.1961278091242284,1.0,0.4439597800925926,-0.03387314439946021,0.09001894350405092,0.09001894350405092,6.932388117283916e-05,0.024691358024691357
HFD03,hemlock_extra_hazard_0.12,Q1,B3_label_only,324,324,39,285,39,108,177,0,1.0,0.37894736842105264,0.6210526315789474,0.0,0.6894736842105263,0.5459346064814815,0.5462962962962963,0.0,0.0,0.5435802318431713,0.5440888581452547,0.4506172839506173,0.001177300347222222,0.5435802318431713,0.5440888581452547,0.4506172839506173,0.001177300347222222,-0.25087719298245614,0.4379799925250772,0.4379799925250772,0.4486882716049383,-0.0030864197530864196
HFD03,hemlock_extra_hazard_0.12,Q2,B0_full,324,324,39,285,39,251,34,0,1.0,0.8807017543859649,0.11929824561403508,0.0,0.9403508771929825,0.09724633487654322,0.10493827160493827,0.0,0.0030864197530864196,0.10610886562017748,0.10610886562017748,0.8858024691358025,0.02628882137345679,0.10610886562017748,0.10610886562017748,0.8858024691358025,0.02628882137345679,0.0,0.0,0.0,0.0,0.0
HFD03,hemlock_extra_hazard_0.12,Q2,B1_coarsened,324,324,39,285,39,242,43,0,1.0,0.8491228070175438,0.15087719298245614,0.0,0.9245614035087719,0.07884837962962964,0.13271604938271606,0.0,0.0030864197530864196,0.11204924406828703,0.11616271219135803,0.941358024691358,0.1575611255787037,0.11204924406828703,0.11616271219135803,0.941358024691358,0.1575611255787037,-0.015789473684210575,0.010053846571180552,0.010053846571180552,-0.01839795524691358,0.0
HFD03,hemlock_extra_hazard_0.12,Q2,B2_unknown,324,324,39,285,38,239,46,1,0.9743589743589743,0.8385964912280702,0.16140350877192983,0.02564102564102564,0.9064777327935223,0.09731565875771606,0.14506172839506173,0.0,0.027777777777777776,0.11614839530285494,0.1961278091242284,1.0,0.4439597800925926,0.11614839530285494,0.1961278091242284,1.0,0.4439597800925926,-0.03387314439946021,0.09001894350405092,0.09001894350405092,6.932388117283916e-05,0.024691358024691357
HFD03,hemlock_extra_hazard_0.12,Q2,B3_label_only,324,324,39,285,39,108,177,0,1.0,0.37894736842105264,0.6210526315789474,0.0,0.6894736842105263,0.5459346064814815,0.5462962962962963,0.0,0.0,0.5435802318431713,0.5440888581452547,0.4506172839506173,0.001177300347222222,0.5435802318431713,0.5440888581452547,0.4506172839506173,0.001177300347222222,-0.25087719298245614,0.4379799925250772,0.4379799925250772,0.4486882716049383,-0.0030864197530864196
HFD03,entry_lognormal_annual_sd_1.2,Q1,B0_full,324,324,68,256,68,251,5,0,1.0,0.98046875,0.01953125,0.0,0.990234375,0.007740162037037037,0.015432098765432098,0.0,0.0030864197530864196,0.011231599030671295,0.013375364703896605,0.8827160493827161,0.02628882137345679,0.011231599030671295,0.013375364703896605,0.8827160493827161,0.02628882137345679,0.0,0.0,0.0,0.0,0.0
HFD03,entry_lognormal_annual_sd_1.2,Q1,B1_coarsened,324,324,68,256,62,236,20,6,0.9117647058823529,0.921875,0.078125,0.08823529411764706,0.9168198529411764,0.04528356481481482,0.08024691358024691,0.0,0.0030864197530864196,0.017171977478780864,0.07532115041473765,0.9074074074074074,0.1575611255787037,0.017171977478780864,0.07532115041473765,0.9074074074074074,0.1575611255787037,-0.0734145220588236,0.06194578571084104,0.06194578571084104,0.03754340277777778,0.0
HFD03,entry_lognormal_annual_sd_1.2,Q1,B2_unknown,324,324,68,256,50,222,34,18,0.7352941176470589,0.8671875,0.1328125,0.2647058823529412,0.8012408088235294,0.1058033130787037,0.16049382716049382,0.0,0.027777777777777776,0.021271128713348766,0.1984328281732253,0.9228395061728395,0.4439597800925926,0.021271128713348766,0.1984328281732253,0.9228395061728395,0.4439597800925926,-0.18899356617647056,0.1850574634693287,0.1850574634693287,0.09806315104166667,0.024691358024691357
HFD03,entry_lognormal_annual_sd_1.2,Q1,B3_label_only,324,324,68,256,68,108,148,0,1.0,0.421875,0.578125,0.0,0.7109375,0.45642843364197533,0.4567901234567901,0.0,0.0,0.4487029652536651,0.44921159155574847,0.5246913580246914,0.001177300347222222,0.4487029652536651,0.44921159155574847,0.5246913580246914,0.001177300347222222,-0.279296875,0.43583622685185186,0.43583622685185186,0.4486882716049383,-0.0030864197530864196
HFD03,entry_lognormal_annual_sd_1.2,Q2,B0_full,324,324,68,256,68,251,5,0,1.0,0.98046875,0.01953125,0.0,0.990234375,0.007740162037037037,0.015432098765432098,0.0,0.0030864197530864196,0.011231599030671295,0.013375364703896605,0.8827160493827161,0.02628882137345679,0.011231599030671295,0.013375364703896605,0.8827160493827161,0.02628882137345679,0.0,0.0,0.0,0.0,0.0
HFD03,entry_lognormal_annual_sd_1.2,Q2,B1_coarsened,324,324,68,256,62,236,20,6,0.9117647058823529,0.921875,0.078125,0.08823529411764706,0.9168198529411764,0.04528356481481482,0.08024691358024691,0.0,0.0030864197530864196,0.017171977478780864,0.07532115041473765,0.9074074074074074,0.1575611255787037,0.017171977478780864,0.07532115041473765,0.9074074074074074,0.1575611255787037,-0.0734145220588236,0.06194578571084104,0.06194578571084104,0.03754340277777778,0.0
HFD03,entry_lognormal_annual_sd_1.2,Q2,B2_unknown,324,324,68,256,50,222,34,18,0.7352941176470589,0.8671875,0.1328125,0.2647058823529412,0.8012408088235294,0.1058033130787037,0.16049382716049382,0.0,0.027777777777777776,0.021271128713348766,0.1984328281732253,0.9228395061728395,0.4439597800925926,0.021271128713348766,0.1984328281732253,0.9228395061728395,0.4439597800925926,-0.18899356617647056,0.1850574634693287,0.1850574634693287,0.09806315104166667,0.024691358024691357
HFD03,entry_lognormal_annual_sd_1.2,Q2,B3_label_only,324,324,68,256,68,108,148,0,1.0,0.421875,0.578125,0.0,0.7109375,0.45642843364197533,0.4567901234567901,0.0,0.0,0.4487029652536651,0.44921159155574847,0.5246913580246914,0.001177300347222222,0.4487029652536651,0.44921159155574847,0.5246913580246914,0.001177300347222222,-0.279296875,0.43583622685185186,0.43583622685185186,0.4486882716049383,-0.0030864197530864196
