suite,query,kind,region,n,certified_n,positives,negatives,TP,TN,FP,FN,sensitivity,specificity,FPR,FNR,balanced_accuracy,brier,certified_error,reference_unresolved_fraction,estimator_unresolved_fraction,viable_bias,viable_MAE,viable_coverage90,viable_width90,reserve_bias,reserve_MAE,reserve_coverage90,reserve_width90
correct,Q1,signed_margin,OUTSIDE_BELOW,11,11,0,11,0,11,0,0,,1.0,0.0,,,0.0025745738636363635,0.0,0.0,0.0,-0.08222267844460228,0.08222267844460228,0.9090909090909091,0.13728693181818177,-0.08222267844460228,0.08222267844460228,0.9090909090909091,0.13728693181818177
correct,Q1,signed_margin,CLEARLY_BELOW,7,7,0,7,0,4,3,0,,0.5714285714285714,0.42857142857142855,,,0.24483816964285715,0.42857142857142855,0.0,0.14285714285714285,-0.18818446568080358,0.23894391741071427,1.0,0.9875279017857144,-0.18818446568080358,0.23894391741071427,1.0,0.9875279017857144
correct,Q1,signed_margin,MODERATELY_BELOW,9,9,0,9,0,4,5,0,,0.4444444444444444,0.5555555555555556,,,0.23057725694444445,0.5555555555555556,0.0,0.0,-0.23668924967447916,0.23668924967447916,1.0,1.0,-0.23668924967447916,0.23668924967447916,1.0,1.0
correct,Q1,signed_margin,IMMEDIATELY_BELOW,9,6,0,6,0,3,3,0,,0.5,0.5,,,0.359375,0.5,0.3333333333333333,0.0,-0.13115946451822916,0.23367140028211805,0.7777777777777778,0.7856119791666667,-0.13115946451822916,0.23367140028211805,0.7777777777777778,0.7856119791666667
correct,Q1,signed_margin,IMMEDIATELY_ABOVE,9,6,2,4,2,4,0,0,1.0,1.0,0.0,0.0,1.0,0.08430989583333333,0.0,0.3333333333333333,0.1111111111111111,-0.3314734564887153,0.3508826361762153,1.0,0.9496527777777778,-0.3356611463758681,0.3466949462890625,1.0,0.9995225694444445
correct,Q1,signed_margin,MODERATELY_ABOVE,10,10,6,4,3,4,0,3,0.5,1.0,0.0,0.5,0.75,0.14306640625,0.3,0.0,0.0,-0.33754119873046873,0.34718170166015627,1.0,0.9956250000000001,-0.33754119873046873,0.34718170166015627,1.0,0.9956250000000001
correct,Q1,signed_margin,CLEARLY_ABOVE,8,8,6,2,4,2,0,2,0.6666666666666666,1.0,0.0,0.3333333333333333,0.8333333333333333,0.1314697265625,0.25,0.0,0.0,-0.23876571655273438,0.27393341064453125,1.0,0.89384765625,-0.23876571655273438,0.27393341064453125,1.0,0.89384765625
correct,Q1,signed_margin,OUTSIDE_ABOVE,18,18,17,1,17,1,0,0,1.0,1.0,0.0,0.0,1.0,0.003689236111111111,0.0,0.0,0.0,0.0037629869249131945,0.07567935519748265,0.3333333333333333,0.1686089409722222,0.11696879069010417,0.18301900227864584,0.5,0.43295355902777777
correct,Q1,absolute_margin,0-.02,18,12,2,10,2,7,3,0,1.0,0.7,0.3,0.0,0.85,0.22184244791666666,0.25,0.3333333333333333,0.05555555555555555,-0.2313164605034722,0.2922770182291667,0.8888888888888888,0.8676323784722222,-0.2334103054470486,0.2901831732855903,0.8888888888888888,0.8925672743055555
correct,Q1,absolute_margin,.02-.05,19,19,6,13,3,8,5,3,0.5,0.6153846153846154,0.38461538461538464,0.5,0.5576923076923077,0.1845189144736842,0.42105263157894735,0.0,0.0,-0.2897692228618421,0.2948431717722039,1.0,0.9976973684210527,-0.2897692228618421,0.2948431717722039,1.0,0.9976973684210527
correct,Q1,absolute_margin,.05-.1,15,15,6,9,4,6,3,2,0.6666666666666666,0.6666666666666666,0.3333333333333333,0.3333333333333333,0.6666666666666666,0.184375,0.3333333333333333,0.0,0.06666666666666667,-0.2151611328125,0.25760498046875,1.0,0.9375651041666667,-0.2151611328125,0.25760498046875,1.0,0.9375651041666667
correct,Q1,absolute_margin,>.1,29,29,17,12,17,12,0,0,1.0,1.0,0.0,0.0,1.0,0.0032664331896551722,0.0,0.0,0.0,-0.028852265456627155,0.07816130539466595,0.5517241379310345,0.15672817887931031,0.04141340584590517,0.1447859139278017,0.6551724137931034,0.3208041487068965
correct,Q1,failure_class,REALIZATION,27,27,0,27,0,27,0,0,,1.0,0.0,,,0.022171585648148147,0.0,0.0,0.0,-0.3367953830295139,0.3367953830295139,0.9629629629629629,0.6485243055555556,-0.3367953830295139,0.3367953830295139,0.9629629629629629,0.6485243055555556
correct,Q1,failure_class,Q1_CAPACITY,20,17,0,17,0,6,11,0,,0.35294117647058826,0.6470588235294118,,,0.3421415441176471,0.6470588235294118,0.15,0.05,-0.10800704956054688,0.17190322875976563,0.9,0.89916015625,-0.10800704956054688,0.17190322875976563,0.9,0.89916015625
correct,Q1,failure_class,Q2_RESERVE,0,0,0,0,0,0,0,0,,,,,,,,,,,,,,,,,
correct,Q1,failure_class,HEALTHY,34,31,31,0,26,0,0,5,0.8387096774193549,,,0.16129032258064516,,0.08429939516129033,0.16129032258064516,0.08823529411764706,0.029411764705882353,-0.0729361141429228,0.13124174230238972,0.6470588235294118,0.5202607996323528,-0.014112135943244486,0.18696010813993566,0.7352941176470589,0.6734087775735295
correct,Q2,signed_margin,OUTSIDE_BELOW,11,11,0,11,0,11,0,0,,1.0,0.0,,,0.0025745738636363635,0.0,0.0,0.0,-0.08222267844460228,0.08222267844460228,0.9090909090909091,0.13728693181818177,-0.08222267844460228,0.08222267844460228,0.9090909090909091,0.13728693181818177
correct,Q2,signed_margin,CLEARLY_BELOW,11,11,0,11,0,4,7,0,,0.36363636363636365,0.6363636363636364,,,0.4266690340909091,0.6363636363636364,0.0,0.09090909090909091,-0.09183432839133522,0.1799746426669034,0.7272727272727273,0.6864346590909091,-0.04286471280184659,0.22894425825639206,0.8181818181818182,0.8092151988636362
correct,Q2,signed_margin,MODERATELY_BELOW,10,10,0,10,0,4,6,0,,0.4,0.6,,,0.29541015625,0.6,0.0,0.0,-0.2131744384765625,0.2131744384765625,1.0,0.90158203125,-0.1877288818359375,0.238311767578125,0.9,0.9151171874999999
correct,Q2,signed_margin,IMMEDIATELY_BELOW,11,8,0,8,0,3,5,0,,0.375,0.625,,,0.3824462890625,0.625,0.2727272727272727,0.0,-0.1015472412109375,0.19695073908025568,0.8181818181818182,0.7544744318181817,-0.10091469504616478,0.1975832852450284,0.8181818181818182,0.8210582386363636
correct,Q2,signed_margin,IMMEDIATELY_ABOVE,12,9,5,4,5,4,0,0,1.0,1.0,0.0,0.0,1.0,0.057291666666666664,0.0,0.25,0.08333333333333333,-0.2456817626953125,0.274627685546875,0.75,0.7015462239583333,-0.2012812296549479,0.31048583984375,0.8333333333333334,0.81689453125
correct,Q2,signed_margin,MODERATELY_ABOVE,13,13,9,4,6,4,0,3,0.6666666666666666,1.0,0.0,0.3333333333333333,0.8333333333333333,0.11200420673076923,0.23076923076923078,0.0,0.0,-0.24659142127403846,0.28011850210336536,0.8461538461538461,0.7822115384615386,-0.22402367225060096,0.30268625112680286,0.8461538461538461,0.8475811298076924
correct,Q2,signed_margin,CLEARLY_ABOVE,10,10,8,2,6,2,0,2,0.75,1.0,0.0,0.25,0.875,0.10712890625,0.2,0.0,0.0,-0.182342529296875,0.2278167724609375,0.8,0.72189453125,-0.17006378173828124,0.24009552001953124,1.0,0.7956640625
correct,Q2,signed_margin,OUTSIDE_ABOVE,3,3,2,1,2,1,0,0,1.0,1.0,0.0,0.0,1.0,0.0013020833333333333,0.0,0.0,0.0,-0.1975860595703125,0.1987152099609375,0.3333333333333333,0.3333333333333333,-0.11393229166666667,0.2823689778645833,0.3333333333333333,0.33899739583333327
correct,Q2,absolute_margin,0-.02,23,17,5,12,5,7,5,0,1.0,0.5833333333333334,0.4166666666666667,0.0,0.7916666666666667,0.21030560661764705,0.29411764705882354,0.2608695652173913,0.043478260869565216,-0.1767478611158288,0.2374778415845788,0.782608695652174,0.7268597146739131,-0.1532798435377038,0.25648896590523096,0.8260869565217391,0.8188858695652173
correct,Q2,absolute_margin,.02-.05,23,23,9,14,6,8,6,3,0.6666666666666666,0.5714285714285714,0.42857142857142855,0.3333333333333333,0.6190476190476191,0.1917459239130435,0.391304347826087,0.0,0.0,-0.23206229831861414,0.2510123874830163,0.9130434782608695,0.8341117527173914,-0.20824332859205164,0.27469734523607336,0.8695652173913043,0.8769446331521739
correct,Q2,absolute_margin,.05-.1,21,21,8,13,6,6,7,2,0.75,0.46153846153846156,0.5384615384615384,0.25,0.6057692307692308,0.27450706845238093,0.42857142857142855,0.0,0.047619047619047616,-0.1349334716796875,0.20275660923549108,0.7619047619047619,0.7033203124999999,-0.10343569800967262,0.23425438290550596,0.9047619047619048,0.8027622767857144
correct,Q2,absolute_margin,>.1,14,14,2,12,2,12,0,0,1.0,1.0,0.0,0.0,1.0,0.0023018973214285715,0.0,0.0,0.0,-0.10694340297154017,0.10718536376953125,0.7857142857142857,0.17929687499999997,-0.08901759556361608,0.12511117117745535,0.7857142857142857,0.18051060267857139
correct,Q2,failure_class,REALIZATION,27,27,0,27,0,27,0,0,,1.0,0.0,,,0.022171585648148147,0.0,0.0,0.0,-0.3367953830295139,0.3367953830295139,0.9629629629629629,0.6485243055555556,-0.3367953830295139,0.3367953830295139,0.9629629629629629,0.6485243055555556
correct,Q2,failure_class,Q1_CAPACITY,20,17,0,17,0,6,11,0,,0.35294117647058826,0.6470588235294118,,,0.3421415441176471,0.6470588235294118,0.15,0.05,-0.10800704956054688,0.17190322875976563,0.9,0.89916015625,-0.10800704956054688,0.17190322875976563,0.9,0.89916015625
correct,Q2,failure_class,Q2_RESERVE,7,7,0,7,0,0,7,0,,0.0,1.0,,,0.6802455357142857,1.0,0.0,0.0,0.05271257672991071,0.05315290178571429,0.5714285714285714,0.2689453125,0.16700962611607142,0.16700962611607142,0.5714285714285714,0.5858537946428571
correct,Q2,failure_class,HEALTHY,27,24,24,0,19,0,0,5,0.7916666666666666,,,0.20833333333333334,,0.10856119791666667,0.20833333333333334,0.1111111111111111,0.037037037037037035,-0.10551170066550926,0.1514869972511574,0.6666666666666666,0.5854166666666667,-0.061069629810474535,0.19213245533130788,0.7777777777777778,0.6961082175925926
hemlock_extra_hazard_0.12,Q1,signed_margin,OUTSIDE_BELOW,63,63,0,63,0,41,22,0,,0.6507936507936508,0.3492063492063492,,,0.21492125496031747,0.3492063492063492,0.0,0.031746031746031744,0.4100496806795635,0.4100496806795635,0.9047619047619048,0.8031808035714286,0.4100496806795635,0.4100496806795635,0.9047619047619048,0.8031808035714286
hemlock_extra_hazard_0.12,Q1,signed_margin,CLEARLY_BELOW,0,0,0,0,0,0,0,0,,,,,,,,,,,,,,,,,
hemlock_extra_hazard_0.12,Q1,signed_margin,MODERATELY_BELOW,0,0,0,0,0,0,0,0,,,,,,,,,,,,,,,,,
hemlock_extra_hazard_0.12,Q1,signed_margin,IMMEDIATELY_BELOW,1,1,0,1,0,0,1,0,,0.0,1.0,,,0.5625,1.0,0.0,0.0,0.1086883544921875,0.1086883544921875,1.0,0.546875,0.206878662109375,0.206878662109375,1.0,0.995703125
hemlock_extra_hazard_0.12,Q1,signed_margin,IMMEDIATELY_ABOVE,0,0,0,0,0,0,0,0,,,,,,,,,,,,,,,,,
hemlock_extra_hazard_0.12,Q1,signed_margin,MODERATELY_ABOVE,1,1,1,0,1,0,0,0,1.0,,,0.0,,0.0,0.0,0.0,0.0,0.188720703125,0.188720703125,0.0,0.09121093749999998,0.5876312255859375,0.5876312255859375,0.0,0.7212890625
hemlock_extra_hazard_0.12,Q1,signed_margin,CLEARLY_ABOVE,3,3,3,0,3,0,0,0,1.0,,,0.0,,0.01171875,0.0,0.0,0.0,0.07963053385416667,0.07963053385416667,1.0,0.4753255208333333,0.3072967529296875,0.3072967529296875,1.0,0.9146484374999999
hemlock_extra_hazard_0.12,Q1,signed_margin,OUTSIDE_ABOVE,13,13,13,0,13,0,0,0,1.0,,,0.0,,0.0021033653846153845,0.0,0.0,0.0,0.07138413649338943,0.07345228928786057,0.07692307692307693,0.03982872596153846,0.7605191744290866,0.7605191744290866,0.23076923076923078,0.2559945913461539
hemlock_extra_hazard_0.12,Q1,absolute_margin,0-.02,1,1,0,1,0,0,1,0,,0.0,1.0,,,0.5625,1.0,0.0,0.0,0.1086883544921875,0.1086883544921875,1.0,0.546875,0.206878662109375,0.206878662109375,1.0,0.995703125
hemlock_extra_hazard_0.12,Q1,absolute_margin,.02-.05,1,1,1,0,1,0,0,0,1.0,,,0.0,,0.0,0.0,0.0,0.0,0.188720703125,0.188720703125,0.0,0.09121093749999998,0.5876312255859375,0.5876312255859375,0.0,0.7212890625
hemlock_extra_hazard_0.12,Q1,absolute_margin,.05-.1,3,3,3,0,3,0,0,0,1.0,,,0.0,,0.01171875,0.0,0.0,0.0,0.07963053385416667,0.07963053385416667,1.0,0.4753255208333333,0.3072967529296875,0.3072967529296875,1.0,0.9146484374999999
hemlock_extra_hazard_0.12,Q1,absolute_margin,>.1,76,76,13,63,13,41,22,0,1.0,0.6507936507936508,0.3492063492063492,0.0,0.8253968253968254,0.1785181949013158,0.2894736842105263,0.0,0.02631578947368421,0.35212004812140213,0.3524738110994038,0.7631578947368421,0.672607421875,0.46999840987356084,0.46999840987356084,0.7894736842105263,0.709583162006579
hemlock_extra_hazard_0.12,Q1,failure_class,REALIZATION,27,27,0,27,0,27,0,0,,1.0,0.0,,,0.022171585648148147,0.0,0.0,0.0,0.16062192563657407,0.16062192563657407,1.0,0.6485243055555556,0.16062192563657407,0.16062192563657407,1.0,0.6485243055555556
hemlock_extra_hazard_0.12,Q1,failure_class,Q1_CAPACITY,37,37,0,37,0,14,23,0,,0.3783783783783784,0.6216216216216216,,,0.3649704391891892,0.6216216216216216,0.0,0.05405405405405406,0.5839196282464105,0.5839196282464105,0.8378378378378378,0.9091110641891892,0.5865734203441723,0.5865734203441723,0.8378378378378378,0.9212415540540541
hemlock_extra_hazard_0.12,Q1,failure_class,Q2_RESERVE,0,0,0,0,0,0,0,0,,,,,,,,,,,,,,,,,
hemlock_extra_hazard_0.12,Q1,failure_class,HEALTHY,17,17,17,0,17,0,0,0,1.0,,,0.0,,0.003676470588235294,0.0,0.0,0.0,0.0797415340647978,0.08132306267233456,0.23529411764705882,0.11970358455882354,0.6703688677619485,0.6703688677619485,0.35294117647058826,0.3995978860294118
hemlock_extra_hazard_0.12,Q2,signed_margin,OUTSIDE_BELOW,81,81,0,81,0,41,40,0,,0.5061728395061729,0.49382716049382713,,,0.34467833719135804,0.49382716049382713,0.0,0.024691358024691357,0.33700523847415126,0.33733716423128857,0.7654320987654321,0.6565706983024692,0.46217628761574076,0.46217628761574076,0.7901234567901234,0.7208550347222223
hemlock_extra_hazard_0.12,Q2,signed_margin,CLEARLY_BELOW,0,0,0,0,0,0,0,0,,,,,,,,,,,,,,,,,
hemlock_extra_hazard_0.12,Q2,signed_margin,MODERATELY_BELOW,0,0,0,0,0,0,0,0,,,,,,,,,,,,,,,,,
hemlock_extra_hazard_0.12,Q2,signed_margin,IMMEDIATELY_BELOW,0,0,0,0,0,0,0,0,,,,,,,,,,,,,,,,,
hemlock_extra_hazard_0.12,Q2,signed_margin,IMMEDIATELY_ABOVE,0,0,0,0,0,0,0,0,,,,,,,,,,,,,,,,,
hemlock_extra_hazard_0.12,Q2,signed_margin,MODERATELY_ABOVE,0,0,0,0,0,0,0,0,,,,,,,,,,,,,,,,,
hemlock_extra_hazard_0.12,Q2,signed_margin,CLEARLY_ABOVE,0,0,0,0,0,0,0,0,,,,,,,,,,,,,,,,,
hemlock_extra_hazard_0.12,Q2,signed_margin,OUTSIDE_ABOVE,0,0,0,0,0,0,0,0,,,,,,,,,,,,,,,,,
hemlock_extra_hazard_0.12,Q2,absolute_margin,0-.02,0,0,0,0,0,0,0,0,,,,,,,,,,,,,,,,,
hemlock_extra_hazard_0.12,Q2,absolute_margin,.02-.05,0,0,0,0,0,0,0,0,,,,,,,,,,,,,,,,,
hemlock_extra_hazard_0.12,Q2,absolute_margin,.05-.1,0,0,0,0,0,0,0,0,,,,,,,,,,,,,,,,,
hemlock_extra_hazard_0.12,Q2,absolute_margin,>.1,81,81,0,81,0,41,40,0,,0.5061728395061729,0.49382716049382713,,,0.34467833719135804,0.49382716049382713,0.0,0.024691358024691357,0.33700523847415126,0.33733716423128857,0.7654320987654321,0.6565706983024692,0.46217628761574076,0.46217628761574076,0.7901234567901234,0.7208550347222223
hemlock_extra_hazard_0.12,Q2,failure_class,REALIZATION,27,27,0,27,0,27,0,0,,1.0,0.0,,,0.022171585648148147,0.0,0.0,0.0,0.16062192563657407,0.16062192563657407,1.0,0.6485243055555556,0.16062192563657407,0.16062192563657407,1.0,0.6485243055555556
hemlock_extra_hazard_0.12,Q2,failure_class,Q1_CAPACITY,37,37,0,37,0,14,23,0,,0.3783783783783784,0.6216216216216216,,,0.36140730574324326,0.6216216216216216,0.0,0.05405405405405406,0.5839196282464105,0.5839196282464105,0.8378378378378378,0.9091110641891892,0.5865734203441723,0.5865734203441723,0.8378378378378378,0.9212415540540541
hemlock_extra_hazard_0.12,Q2,failure_class,Q2_RESERVE,17,17,0,17,0,0,17,0,,0.0,1.0,,,0.8204848345588235,1.0,0.0,0.0,0.0797415340647978,0.08132306267233456,0.23529411764705882,0.11970358455882354,0.6703688677619485,0.6703688677619485,0.35294117647058826,0.3995978860294118
hemlock_extra_hazard_0.12,Q2,failure_class,HEALTHY,0,0,0,0,0,0,0,0,,,,,,,,,,,,,,,,,
entry_lognormal_annual_sd_1.2,Q1,signed_margin,OUTSIDE_BELOW,11,11,0,11,0,11,0,0,,1.0,0.0,,,0.0025745738636363635,0.0,0.0,0.0,-0.08195079456676137,0.08195079456676137,0.9090909090909091,0.13728693181818177,-0.08195079456676137,0.08195079456676137,0.9090909090909091,0.13728693181818177
entry_lognormal_annual_sd_1.2,Q1,signed_margin,CLEARLY_BELOW,7,7,0,7,0,4,3,0,,0.5714285714285714,0.42857142857142855,,,0.24483816964285715,0.42857142857142855,0.0,0.14285714285714285,-0.18662152971540177,0.2371978759765625,1.0,0.9875279017857144,-0.18662152971540177,0.2371978759765625,1.0,0.9875279017857144
entry_lognormal_annual_sd_1.2,Q1,signed_margin,MODERATELY_BELOW,10,10,0,10,0,5,5,0,,0.5,0.5,,,0.2240234375,0.5,0.0,0.0,-0.24037933349609375,0.24037933349609375,1.0,1.0,-0.24037933349609375,0.24037933349609375,1.0,1.0
entry_lognormal_annual_sd_1.2,Q1,signed_margin,IMMEDIATELY_BELOW,9,7,0,7,0,3,4,0,,0.42857142857142855,0.5714285714285714,,,0.44991629464285715,0.5714285714285714,0.2222222222222222,0.0,-0.0816006130642361,0.2081332736545139,0.7777777777777778,0.7352647569444444,-0.07134162055121528,0.2183922661675347,0.7777777777777778,0.7851345486111111
entry_lognormal_annual_sd_1.2,Q1,signed_margin,IMMEDIATELY_ABOVE,8,6,2,4,1,4,0,1,0.5,1.0,0.0,0.5,0.75,0.12093098958333333,0.16666666666666666,0.25,0.125,-0.3824329376220703,0.3824329376220703,1.0,1.0,-0.3824329376220703,0.3824329376220703,1.0,1.0
entry_lognormal_annual_sd_1.2,Q1,signed_margin,MODERATELY_ABOVE,12,12,7,5,4,5,0,3,0.5714285714285714,1.0,0.0,0.42857142857142855,0.7857142857142857,0.12443033854166667,0.25,0.0,0.0,-0.30888112386067706,0.3488260904947917,0.9166666666666666,0.9206217447916667,-0.29430262247721356,0.3634045918782552,1.0,0.9731282552083335
entry_lognormal_annual_sd_1.2,Q1,signed_margin,CLEARLY_ABOVE,10,10,9,1,7,1,0,2,0.7777777777777778,1.0,0.0,0.2222222222222222,0.8888888888888888,0.10244140625,0.2,0.0,0.0,-0.1060333251953125,0.19244384765625,1.0,0.7576757812499999,-0.0635528564453125,0.23492431640625,1.0,0.8894726562499999
entry_lognormal_annual_sd_1.2,Q1,signed_margin,OUTSIDE_ABOVE,14,14,13,1,13,1,0,0,1.0,1.0,0.0,0.0,1.0,0.002232142857142857,0.0,0.0,0.0,-0.009124755859375,0.08172171456473214,0.21428571428571427,0.10841238839285716,0.1734804425920759,0.2578484671456473,0.35714285714285715,0.3091378348214286
entry_lognormal_annual_sd_1.2,Q1,absolute_margin,0-.02,17,13,2,11,1,7,4,1,0.5,0.6363636363636364,0.36363636363636365,0.5,0.5681818181818181,0.2980769230769231,0.38461538461538464,0.23529411764705882,0.058823529411764705,-0.22316876579733455,0.29015664493336396,0.8823529411764706,0.8598460477941177,-0.21773753446691177,0.29558787626378674,0.8823529411764706,0.8862477022058824
entry_lognormal_annual_sd_1.2,Q1,absolute_margin,.02-.05,22,22,7,15,4,10,5,3,0.5714285714285714,0.6666666666666666,0.3333333333333333,0.42857142857142855,0.6190476190476191,0.16969992897727273,0.36363636363636365,0.0,0.0,-0.2777439464222301,0.2995321100408381,0.9545454545454546,0.9567027698863637,-0.26979203657670453,0.30748401988636365,1.0,0.9853426846590909
entry_lognormal_annual_sd_1.2,Q1,absolute_margin,.05-.1,17,17,9,8,7,5,3,2,0.7777777777777778,0.625,0.375,0.2222222222222222,0.7013888888888888,0.16107536764705882,0.29411764705882354,0.0,0.058823529411764705,-0.13921670352711396,0.21087197696461396,1.0,0.8523207720588236,-0.1142281924977022,0.23586048799402573,1.0,0.9298483455882354
entry_lognormal_annual_sd_1.2,Q1,absolute_margin,>.1,25,25,13,12,13,12,0,0,1.0,1.0,0.0,0.0,1.0,0.0023828125,0.0,0.0,0.0,-0.041168212890625,0.081822509765625,0.52,0.12111718749999997,0.0610906982421875,0.1804534912109375,0.6,0.23352343749999996
entry_lognormal_annual_sd_1.2,Q1,failure_class,REALIZATION,27,27,0,27,0,27,0,0,,1.0,0.0,,,0.022171585648148147,0.0,0.0,0.0,-0.3346359818070023,0.3346359818070023,0.9629629629629629,0.6485243055555556,-0.3346359818070023,0.3346359818070023,0.9629629629629629,0.6485243055555556
entry_lognormal_annual_sd_1.2,Q1,failure_class,Q1_CAPACITY,21,19,0,19,0,7,12,0,,0.3684210526315789,0.631578947368421,,,0.3670847039473684,0.631578947368421,0.09523809523809523,0.047619047619047616,-0.09554908389136904,0.16663614908854166,0.9047619047619048,0.8823846726190476,-0.09115237281436012,0.17103286016555058,0.9047619047619048,0.9037574404761903
entry_lognormal_annual_sd_1.2,Q1,failure_class,Q2_RESERVE,0,0,0,0,0,0,0,0,,,,,,,,,,,,,,,,,
entry_lognormal_annual_sd_1.2,Q1,failure_class,HEALTHY,33,31,31,0,25,0,0,6,0.8064516129032258,,,0.1935483870967742,,0.09138734879032258,0.1935483870967742,0.06060606060606061,0.030303030303030304,-0.06843705610795454,0.13994621508049243,0.6363636363636364,0.5194543087121213,0.027205958510890152,0.23284079811789773,0.7272727272727273,0.6636422821969696
entry_lognormal_annual_sd_1.2,Q2,signed_margin,OUTSIDE_BELOW,18,18,0,18,0,11,7,0,,0.6111111111111112,0.3888888888888889,,,0.24723307291666666,0.3888888888888889,0.0,0.0,-0.008326212565104166,0.09183586968315972,0.7777777777777778,0.20213758680555552,0.0589506361219618,0.1591127183702257,0.8888888888888888,0.36528862847222215
entry_lognormal_annual_sd_1.2,Q2,signed_margin,CLEARLY_BELOW,10,10,0,10,0,4,6,0,,0.4,0.6,,,0.41533203125,0.6,0.0,0.1,-0.1250518798828125,0.1802825927734375,0.8,0.730859375,-0.06139984130859375,0.23527374267578124,0.8,0.8151171875
entry_lognormal_annual_sd_1.2,Q2,signed_margin,MODERATELY_BELOW,13,13,0,13,0,5,8,0,,0.38461538461538464,0.6153846153846154,,,0.3753004807692308,0.6153846153846154,0.0,0.0,-0.17394902155949518,0.1961799034705529,0.8461538461538461,0.7721905048076925,-0.12943913386418268,0.24037522536057693,0.8461538461538461,0.8496394230769231
entry_lognormal_annual_sd_1.2,Q2,signed_margin,IMMEDIATELY_BELOW,8,7,0,7,0,3,4,0,,0.42857142857142855,0.5714285714285714,,,0.44991629464285715,0.5714285714285714,0.125,0.0,-0.10517501831054688,0.22077560424804688,0.75,0.7588134765625,-0.10517501831054688,0.22077560424804688,0.75,0.7588134765625
entry_lognormal_annual_sd_1.2,Q2,signed_margin,IMMEDIATELY_ABOVE,10,6,2,4,1,4,0,1,0.5,1.0,0.0,0.5,0.75,0.12093098958333333,0.16666666666666666,0.4,0.1,-0.29864349365234377,0.31324920654296873,0.8,0.800390625,-0.2599884033203125,0.351904296875,0.9,0.82919921875
entry_lognormal_annual_sd_1.2,Q2,signed_margin,MODERATELY_ABOVE,12,12,7,5,4,5,0,3,0.5714285714285714,1.0,0.0,0.42857142857142855,0.7857142857142857,0.12443033854166667,0.25,0.0,0.0,-0.32271067301432294,0.3349965413411458,0.9166666666666666,0.9142903645833335,-0.30799229939778644,0.3497149149576823,0.9166666666666666,0.9239420572916668
entry_lognormal_annual_sd_1.2,Q2,signed_margin,CLEARLY_ABOVE,8,8,7,1,5,1,0,2,0.7142857142857143,1.0,0.0,0.2857142857142857,0.8571428571428572,0.1236572265625,0.25,0.0,0.0,-0.1685771942138672,0.20451927185058594,0.875,0.76884765625,-0.14956092834472656,0.22353553771972656,0.875,0.769287109375
entry_lognormal_annual_sd_1.2,Q2,signed_margin,OUTSIDE_ABOVE,2,2,1,1,1,1,0,0,1.0,1.0,0.0,0.0,1.0,0.001953125,0.0,0.0,0.0,-0.294708251953125,0.295867919921875,0.5,0.5,-0.24114990234375,0.34942626953125,0.5,0.50673828125
entry_lognormal_annual_sd_1.2,Q2,absolute_margin,0-.02,18,13,2,11,1,7,4,1,0.5,0.6363636363636364,0.36363636363636365,0.5,0.5681818181818181,0.2980769230769231,0.38461538461538464,0.2777777777777778,0.05555555555555555,-0.21265750461154515,0.27214982774522567,0.7777777777777778,0.7819118923611111,-0.19118245442708334,0.2936248779296875,0.8333333333333334,0.7979166666666667
entry_lognormal_annual_sd_1.2,Q2,absolute_margin,.02-.05,25,25,7,18,4,10,8,3,0.5714285714285714,0.5555555555555556,0.4444444444444444,0.42857142857142855,0.5634920634920635,0.2548828125,0.44,0.0,0.0,-0.2453546142578125,0.2628118896484375,0.88,0.8403984374999999,-0.2151446533203125,0.2928582763671875,0.88,0.8853046875000001
entry_lognormal_annual_sd_1.2,Q2,absolute_margin,.05-.1,18,18,7,11,5,5,6,2,0.7142857142857143,0.45454545454545453,0.5454545454545454,0.2857142857142857,0.5844155844155844,0.2856987847222222,0.4444444444444444,0.0,0.05555555555555555,-0.1443964640299479,0.19105445014105904,0.8333333333333334,0.7477430555555556,-0.1005825466579861,0.2300567626953125,0.8333333333333334,0.794748263888889
entry_lognormal_annual_sd_1.2,Q2,absolute_margin,>.1,20,20,1,19,1,12,7,0,1.0,0.631578947368421,0.3684210526315789,0.0,0.8157894736842105,0.222705078125,0.35,0.0,0.0,-0.03696441650390625,0.11223907470703125,0.75,0.23192382812499995,0.028940582275390626,0.17814407348632813,0.85,0.37943359374999996
entry_lognormal_annual_sd_1.2,Q2,failure_class,REALIZATION,27,27,0,27,0,27,0,0,,1.0,0.0,,,0.022171585648148147,0.0,0.0,0.0,-0.3346359818070023,0.3346359818070023,0.9629629629629629,0.6485243055555556,-0.3346359818070023,0.3346359818070023,0.9629629629629629,0.6485243055555556
entry_lognormal_annual_sd_1.2,Q2,failure_class,Q1_CAPACITY,21,20,0,20,0,7,13,0,,0.35,0.65,,,0.370263671875,0.65,0.047619047619047616,0.047619047619047616,-0.09554908389136904,0.16663614908854166,0.9047619047619048,0.8823846726190476,-0.09115237281436012,0.17103286016555058,0.9047619047619048,0.9037574404761903
entry_lognormal_annual_sd_1.2,Q2,failure_class,Q2_RESERVE,12,12,0,12,0,0,12,0,,0.0,1.0,,,0.7557779947916666,1.0,0.0,0.0,0.07024002075195312,0.07779820760091145,0.4166666666666667,0.16798502604166665,0.2647234598795573,0.2647234598795573,0.5833333333333334,0.5294270833333333
entry_lognormal_annual_sd_1.2,Q2,failure_class,HEALTHY,21,17,17,0,11,0,0,6,0.6470588235294118,,,0.35294117647058826,,0.16297104779411764,0.35294117647058826,0.19047619047619047,0.047619047619047616,-0.14768110002790177,0.17545936221168154,0.7619047619047619,0.7202938988095239,-0.10851832798549108,0.21462213425409227,0.8095238095238095,0.7403366815476191
