alive_expected,alive_observed,cell,growth_fitted_mean,known_transition_n,trimmed_growth_n,trimmed_growth_observed_mean
3309.454583719218,3302,0,0.05933984769584617,4566,3300,0.05884513896612608
2610.481255528168,2609,1,0.06882303362425964,3374,2604,0.06831263544516322
2234.880222396715,2238,2,0.11153178192208284,2664,2220,0.11154872024963387
1345.3596165309918,1351,3,0.17418611895840955,1420,1339,0.17571154231339517
1049.0165514712392,1052,4,0.10768237242236695,1173,1050,0.10760086954919779
1176.616717874059,1180,5,0.14517696598626856,1307,1177,0.14612365160837326
1081.4156906974729,1085,6,0.20473115333334085,1179,1076,0.20753782895817688
283.937649414219,285,7,0.23858664703555532,295,280,0.2532414997883925
1532.3658264993694,1531,8,0.06028931684885309,2006,1531,0.05924284017009407
2946.2597814162327,2954,9,0.10400881851377157,3324,2945,0.1039398433891866
1922.6104855688798,1930,10,0.17922569918205467,2051,1923,0.18037172541163465
445.708711538708,448,11,0.21509495172862605,460,446,0.22260980491466342
6.85588332614113,7,12,0.13477067742523682,8,6,0.26497863463593835
16.33148881514619,17,13,0.132780273072731,17,17,0.1749893791894382
11.67403323239674,12,14,0.13987165715181885,13,12,0.2185782483613883
5.053290760126628,5,15,0.11822937540007905,6,5,0.16861459109191107
347.7636117296588,347,16,0.07770979306824903,479,346,0.07469042729900222
938.899514313551,938,17,0.08022975423031456,1231,934,0.07919756815004336
2787.4889014151872,2793,18,0.14483972624722524,3236,2775,0.14523736851950192
884.3458243597754,888,19,0.3125979518992472,936,882,0.3199355035165176
1027.785553456739,1021,20,0.06570875020957782,1550,1019,0.06430665607058186
2386.388715899423,2382,21,0.08093735134837522,3162,2370,0.08054012827192149
3178.4517337538477,3183,22,0.13487906427313218,3764,3152,0.13512802243379107
1234.573816567477,1242,23,0.2811136005500613,1271,1226,0.2855705510258024
1733.2727980701634,1722,24,0.06820749867491617,2770,1718,0.06742241487005818
2804.5453647384825,2800,25,0.08313767121119636,3773,2784,0.08282480897858678
3833.5556260039198,3843,26,0.13773785284518889,4358,3820,0.1379672238809749
1108.5862885296694,1113,27,0.26076053377944813,1161,1101,0.2651319444484753
17.085097372447574,17,28,0.12392111308122113,21,17,0.1494541533315568
12.584929797498624,12,29,0.1077404679453111,17,12,0.10076388793752655
36.508988980489214,37,30,0.1281607771440866,40,36,0.14398663642929221
25.35130364609367,26,31,0.16252791368058542,27,24,0.23208955132372552
3148.1995026430554,3147,32,0.036991274603114806,4129,3144,0.036244552864233226
1337.636040292923,1340,33,0.03462517999410852,1568,1333,0.03280716936055121
1.7144363477720954,2,34,0.10853708641511338,2,1,0.05030991735537195
0,0,35,0.1103566854482303,0,0,
964.2161150706659,960,36,0.06730999429772205,1401,958,0.0658721089983314
443.04599595523234,442,37,0.06561824320431277,609,440,0.06236453831384604
1.17789656993954,0,38,0.1103566854482303,2,0,
0,0,39,0.1103566854482303,0,0,
1678.181241350046,1659,40,0.044050577491511915,3110,1657,0.04277007329439967
559.3886828269332,557,41,0.06242946041462499,829,555,0.059666088881155856
1.7148453328981956,2,42,0.10816109225272456,2,1,0.037902109996541075
0,0,43,0.1103566854482303,0,0,
334.2667679889176,333,44,0.05946437353350644,440,333,0.054573821037196636
46.848923599575,46,45,0.0874945124519595,67,45,0.07123696721016694
0,0,46,0.1103566854482303,0,0,
0,0,47,0.1103566854482303,0,0,
146.00039641949462,145,48,0.09022186691257729,242,145,0.08577832075298489
122.9398491524415,122,49,0.11134529832723968,204,122,0.11160460662337328
274.64779685576326,272,50,0.08071017112496691,482,269,0.0771834482314932
325.8953858827255,327,51,0.05791564990741591,355,327,0.05278380545082246
304.3200828731153,300,52,0.06127981492530905,579,300,0.05604494873619745
162.10940684303694,158,53,0.11249462845338767,376,157,0.11293038753724141
191.1639354644181,182,54,0.1375822880876016,753,178,0.14247677844973577
114.9932102841367,116,55,0.19378217280018756,119,114,0.2171998534603861
465.13915065991296,455,56,0.04960291028630834,1112,454,0.045320705869609
216.8963156865466,214,57,0.08972024742447826,423,212,0.08660531338315719
243.82285766077703,242,58,0.11378285320989413,402,241,0.11423778004961713
209.7864916013004,210,59,0.0825096021798074,254,206,0.07818384167209123
21.30749420597913,20,60,0.08517007522981723,33,18,0.04039387928597178
2.307126256823181,2,61,0.11183148357569486,3,2,0.13542825361512797
2.349879277471735,2,62,0.11153843504371257,3,2,0.13044642857142877
0,0,63,0.1103566854482303,0,0,
