label,value
case0 K256 INDIVIDUAL_ORIGINAL_GAMMA,0.95703125
case0 K256 INDIVIDUAL_CORRECTED_GAMMA,0.95703125
case0 K1024 INDIVIDUAL_ORIGINAL_GAMMA,0.9619140625
case0 K1024 INDIVIDUAL_CORRECTED_GAMMA,0.9619140625
case0 K4096 INDIVIDUAL_ORIGINAL_GAMMA,0.9560546875
case0 K4096 INDIVIDUAL_CORRECTED_GAMMA,0.9560546875
case1 K256 INDIVIDUAL_ORIGINAL_GAMMA,0.953125
case1 K256 INDIVIDUAL_CORRECTED_GAMMA,0.953125
case1 K1024 INDIVIDUAL_ORIGINAL_GAMMA,0.958984375
case1 K1024 INDIVIDUAL_CORRECTED_GAMMA,0.958984375
case1 K4096 INDIVIDUAL_ORIGINAL_GAMMA,0.958740234375
case1 K4096 INDIVIDUAL_CORRECTED_GAMMA,0.958740234375
