selection_index,selected_result,state,parameter_rep,variant_index,scenario_index,scenario,horizon,alpha,beta,tau,query,rho,theta,original_K,original_target_delta,global_abs_maximum,comparison,K,nv,nr,present,mass,margin,finite_health,MC_status,distinct_law_difference_lower,distinct_law_difference_upper,N,BA,J,targeted_not_representative
0,R3,205,1,0,0,D0,1,0.5,0.8,0,Q1,0.5,0.0,64,0.984375,0.984375,ORIGINAL,256,4,4,True,0.015625,0.015625,True,TRUE,0.005378695338138444,0.04451668541628319,90431,1516.947054118141,66600,True
0,R3,205,1,0,0,D0,1,0.5,0.8,0,Q1,0.5,0.0,64,0.984375,0.984375,ORIGINAL,1024,9,9,True,0.0087890625,0.0087890625,True,TRUE,0.004238577886912033,0.018135913605818794,90431,1516.947054118141,66600,True
0,R3,205,1,0,0,D0,1,0.5,0.8,0,Q1,0.5,0.0,64,0.984375,0.984375,ORIGINAL,4096,43,43,True,0.010498046875,0.010498046875,True,TRUE,0.007480379959609778,0.014715025069337516,90431,1516.947054118141,66600,True
0,R3,205,1,0,0,D0,1,0.5,0.8,0,Q1,0.5,0.0,64,0.984375,0.984375,INDIVIDUAL_ORIGINAL_GAMMA,256,249,249,True,0.97265625,0.97265625,True,TRUE,0.939173694977165,0.9879445221898915,90690,1515.5712760226554,66900,True
0,R3,205,1,0,0,D0,1,0.5,0.8,0,Q1,0.5,0.0,64,0.984375,0.984375,INDIVIDUAL_ORIGINAL_GAMMA,1024,994,994,True,0.970703125,0.970703125,True,TRUE,0.956399921436265,0.9804102079881957,90690,1515.5712760226554,66900,True
0,R3,205,1,0,0,D0,1,0.5,0.8,0,Q1,0.5,0.0,64,0.984375,0.984375,INDIVIDUAL_ORIGINAL_GAMMA,4096,3959,3959,True,0.966552734375,0.966552734375,True,TRUE,0.959662159961613,0.972300224571894,90690,1515.5712760226554,66900,True
0,R3,205,1,0,0,D0,1,0.5,0.8,0,Q1,0.5,0.0,64,0.984375,0.984375,INDIVIDUAL_CORRECTED_GAMMA,256,249,249,True,0.97265625,0.97265625,True,TRUE,0.939173694977165,0.9879445221898915,90690,1515.5712760226554,66900,True
0,R3,205,1,0,0,D0,1,0.5,0.8,0,Q1,0.5,0.0,64,0.984375,0.984375,INDIVIDUAL_CORRECTED_GAMMA,1024,994,994,True,0.970703125,0.970703125,True,TRUE,0.956399921436265,0.9804102079881957,90690,1515.5712760226554,66900,True
0,R3,205,1,0,0,D0,1,0.5,0.8,0,Q1,0.5,0.0,64,0.984375,0.984375,INDIVIDUAL_CORRECTED_GAMMA,4096,3959,3959,True,0.966552734375,0.966552734375,True,TRUE,0.959662159961613,0.972300224571894,90690,1515.5712760226554,66900,True
1,R4,205,1,0,0,D0,1,0.5,0.8,0,Q1,0.5,0.0,64,0.984375,0.984375,ORIGINAL,256,6,6,True,0.0234375,0.0234375,True,TRUE,0.009704435323427421,0.05551521348334225,90431,1516.947054118141,66600,True
1,R4,205,1,0,0,D0,1,0.5,0.8,0,Q1,0.5,0.0,64,0.984375,0.984375,ORIGINAL,1024,12,12,True,0.01171875,0.01171875,True,TRUE,0.0062143135015664975,0.021990946431565538,90431,1516.947054118141,66600,True
1,R4,205,1,0,0,D0,1,0.5,0.8,0,Q1,0.5,0.0,64,0.984375,0.984375,ORIGINAL,4096,43,43,True,0.010498046875,0.010498046875,True,TRUE,0.007480379959609778,0.014715025069337516,90431,1516.947054118141,66600,True
1,R4,205,1,0,0,D0,1,0.5,0.8,0,Q1,0.5,0.0,64,0.984375,0.984375,INDIVIDUAL_ORIGINAL_GAMMA,256,250,250,True,0.9765625,0.9765625,True,TRUE,0.9444847865166578,0.9902955646765726,90690,1515.5712760226554,66900,True
1,R4,205,1,0,0,D0,1,0.5,0.8,0,Q1,0.5,0.0,64,0.984375,0.984375,INDIVIDUAL_ORIGINAL_GAMMA,1024,994,994,True,0.970703125,0.970703125,True,TRUE,0.956399921436265,0.9804102079881957,90690,1515.5712760226554,66900,True
1,R4,205,1,0,0,D0,1,0.5,0.8,0,Q1,0.5,0.0,64,0.984375,0.984375,INDIVIDUAL_ORIGINAL_GAMMA,4096,3970,3970,True,0.96923828125,0.96923828125,True,TRUE,0.9625925927037265,0.9747343058171528,90690,1515.5712760226554,66900,True
1,R4,205,1,0,0,D0,1,0.5,0.8,0,Q1,0.5,0.0,64,0.984375,0.984375,INDIVIDUAL_CORRECTED_GAMMA,256,250,250,True,0.9765625,0.9765625,True,TRUE,0.9444847865166578,0.9902955646765726,90690,1515.5712760226554,66900,True
1,R4,205,1,0,0,D0,1,0.5,0.8,0,Q1,0.5,0.0,64,0.984375,0.984375,INDIVIDUAL_CORRECTED_GAMMA,1024,994,994,True,0.970703125,0.970703125,True,TRUE,0.956399921436265,0.9804102079881957,90690,1515.5712760226554,66900,True
1,R4,205,1,0,0,D0,1,0.5,0.8,0,Q1,0.5,0.0,64,0.984375,0.984375,INDIVIDUAL_CORRECTED_GAMMA,4096,3970,3970,True,0.96923828125,0.96923828125,True,TRUE,0.9625925927037265,0.9747343058171528,90690,1515.5712760226554,66900,True
